KD,Sub. Att,Reversal,Rounds,landed_sig. str.,atmp_sig. str.,landed_total str.,atmp_total str.,landed_td,atmp_td,landed_head,atmp_head,landed_body,atmp_body,landed_leg,atmp_leg,landed_distance,atmp_distance,landed_clinch,atmp_clinch,landed_ground,atmp_ground,Control Time Sec,Total_fight_length_sec,Sig_Str_Acc,Sig_Str_LpM,Total_Str_Acc,Total_Str_LpM,Head_Str_Acc,Head_Str_LpM,Body_Str_Acc,Body_Str_LpM,Leg_Str_Acc,Leg_Str_LpM,Distance_Str_Acc,Distance_Str_LpM,Clinch_Str_Acc,Clinch_Str_LpM,Ground_Str_Acc,Ground_Str_LpM,TD_Avg.,TD_Acc.,TD_Def.,Control_Ratio,height_cm,reach_cm,stance,age_at_fight_days,fighter
0.0,0.75,0.5,2.75,35.5,80.75,75.0,126.25,3.5,7.75,25.0,68.0,6.5,8.25,4.0,4.5,23.75,60.5,6.25,11.25,5.5,9.0,337.75,824.75,0.43881423495082517,2.4839176405119647,0.5930026886743327,5.326627712854758,0.38108056002792845,1.7755425709515862,0.8960526315789473,0.44170840289371177,0.475,0.26666666666666666,0.3907157924135853,1.6670840289371174,0.45833333333333326,0.41666666666666663,0.5854166666666667,0.40016694490818033,0.26583011583011584,0.41008771929824556,0.8333333333333334,0.43983444629938784,170.18,172.72,2.0,10961.25,Dan Argueta
0.0,0.0,0.0,3.0,98.0,221.0,132.0,245.0,2.0,4.0,67.0,180.0,24.0,34.0,2.0,2.0,85.0,203.0,10.0,11.0,0.0,1.0,91.0,900.0,0.5,8.466666666666667,0.5138888888888888,9.866666666666667,0.43103448275862066,6.242774566473988,0.8260869565217391,2.0,1.0,0.13333333333333333,0.48507462686567165,6.666666666666667,0.9090909090909091,0.6666666666666666,0.0,0.0,0.13333333333333333,0.5,0.0,0.10111111111111111,170.18,175.26,1.0,9531.0,Cody Haddon
0.2,0.6,0.0,2.4,31.2,54.6,77.2,113.4,2.0,3.6,24.6,44.6,3.2,6.8,3.0,3.0,9.4,23.2,0.6,0.6,15.6,21.6,378.2,599.0,0.517439246721072,3.034046891209308,0.6043270020781982,6.969668896894836,0.4752274607113317,2.3651157682422563,0.40595238095238095,0.2954949390976154,0.8,0.2684371247212215,0.355,0.8163801681248927,0.6,0.0432183908045977,0.574112554112554,1.595077755240027,0.1728049408131755,0.4866666666666667,1.0,0.5710434941520468,177.8,182.88,3.0,10856.0,Grant Dawson
0.0,0.2,0.0,2.6,44.2,93.6,79.2,131.6,2.2,5.4,30.8,75.8,5.6,8.8,3.8,4.4,33.2,78.4,5.4,6.2,3.6,6.0,168.2,738.4,0.4883894186686228,3.6611181381229443,0.6315088357093852,6.417084071169576,0.4633125875407229,2.691799706279029,0.6627450980392158,0.4108676954211991,0.7136363636363636,0.26033898305084746,0.43624154014999095,2.661549877729994,0.9384615384615385,0.3835230626528375,0.27301587301587305,0.29604519774011295,0.18101694915254238,0.3136363636363636,0.5636363636363637,0.21923163841807908,170.18,177.8,1.0,10440.8,Rafa Garcia
0.0,0.2,0.6,2.2,52.4,97.0,92.8,143.2,2.4,5.4,35.6,77.4,9.0,12.0,6.0,6.2,26.2,61.8,8.2,11.2,10.8,14.4,232.6,626.0,0.6229097886135829,4.39568056707639,0.7020487483530962,8.794533662190554,0.4472402621714261,2.9994611403240947,0.7576213260423786,0.7470576413629304,0.975,0.524218009085096,0.5411642313330496,1.9807342817044105,0.7150000000000001,0.7039700374531834,0.6684102636601399,1.1425562621503178,0.1958052434456929,0.33857142857142863,0.822857142857143,0.35600499375780276,182.88,180.34,3.0,11454.4,Jonathan Pearce
0.0,0.4,0.0,1.6,15.0,24.4,48.8,61.4,1.8,3.8,12.0,20.4,2.0,2.6,0.8,0.8,4.2,8.8,1.0,1.2,9.6,14.2,220.4,342.6,0.5642857142857143,2.527705487285052,0.659253086419753,6.540162601626017,0.4943434343434343,1.7934348034017424,0.6166666666666667,0.5448589191774271,0.6,0.18941176470588234,0.475,1.1026935312831392,0.7,0.2542706838833094,0.5737576285963384,1.181329507412721,0.21882352941176472,0.3866666666666666,0.8,0.38061293859649126,172.72,177.8,1.0,11894.0,Pat Sabatini
0.0,2.0,0.5,1.5,18.5,33.5,20.0,35.5,1.0,1.5,12.0,25.0,4.0,4.5,2.5,3.5,11.5,24.0,0.5,0.5,6.5,8.0,178.5,312.5,0.5833333333333333,2.827432354634427,0.5903225806451613,3.2666666666666666,0.49444444444444446,1.8386586067933217,0.9375,0.6415515256188831,0.35714285714285715,0.3472222222222222,0.5325581395348837,1.8552101324122048,0.5,0.06944444444444445,0.40625,0.9027777777777778,0.1388888888888889,0.3333333333333333,1.0,0.5264224716944924,167.64000000000001,167.64000000000001,1.0,10051.0,Clayton Carpenter
0.0,0.0,0.0,2.0,17.0,41.0,21.0,45.0,0.0,0.0,10.0,32.0,6.0,8.0,1.0,1.0,16.0,39.0,1.0,2.0,0.0,0.0,0.0,432.0,0.4146341463414634,2.361111111111111,0.4666666666666667,2.9166666666666665,0.3125,1.3888888888888888,0.75,0.8333333333333333,1.0,0.1388888888888889,0.41025641025641024,2.2222222222222223,0.5,0.1388888888888889,0.0,0.0,0.0,0.0,-1.0,0.0,162.56,165.1,1.0,8827.0,Lucas Rocha
0.0,0.0,0.0,2.4,56.4,93.4,72.4,115.2,0.0,0.8,20.8,47.0,21.0,30.4,9.2,11.2,30.2,58.6,13.8,20.0,4.2,7.0,143.6,668.6,0.5904512189474597,5.510382751937985,0.6209501901284131,6.890281007751939,0.42959549745824255,1.8512257751937988,0.7156207749102487,1.7733333333333334,0.8957575757575758,0.8805232558139535,0.5301993013421585,2.986438953488372,0.7954960981047938,1.4133333333333333,0.12,0.27999999999999997,0.0,0.0,1.0,0.1940441698966408,190.5,200.66,1.0,12682.6,Chidi Njokuani
0.2,0.4,0.0,2.4,43.8,79.2,67.4,105.4,0.8,2.0,19.6,47.6,12.8,18.4,8.0,9.2,37.8,72.0,3.8,4.0,2.2,3.2,49.4,627.8,0.5547246990830018,5.413333333333334,0.6411761987713726,7.685390835579514,0.45134236012316065,3.0359403580387334,0.5611111111111111,1.1066666666666667,0.8924242424242423,1.0740700808625339,0.5240427040095914,4.44,0.7666666666666667,0.27234501347708895,0.38,0.48090904286242797,0.13901168014375562,0.45,0.0,0.12180962951218224,182.88,195.58,1.0,10636.2,Jared Gooden
0.0,0.2,0.2,2.2,48.0,84.8,61.2,98.6,0.0,0.0,25.4,54.4,12.6,18.0,7.2,8.4,32.4,65.2,2.4,2.8,6.6,9.0,44.8,614.6,0.5218203956588716,4.3611064926865195,0.5846307920492307,5.42430495632958,0.41236373847847413,2.3536776105791155,0.79961211344792,1.161975048814994,0.7909090909090909,0.689898277736855,0.47279720279720283,2.9699558034304956,0.6,0.18440071556350626,0.5272727272727272,0.8317499736925182,0.0,0.0,0.4,0.07996184245910647,167.64000000000001,172.72,1.0,11779.4,CJ Vergara
3.0,0.0,0.0,1.0,23.0,55.0,23.0,55.0,0.0,0.0,18.0,46.0,4.0,8.0,1.0,1.0,20.0,50.0,0.0,0.0,3.0,5.0,5.0,170.0,0.41818181818181815,8.117647058823529,0.41818181818181815,8.117647058823529,0.391304347826087,6.242774566473988,0.5,1.4117647058823528,1.0,0.3529411764705882,0.4,6.666666666666667,0.0,0.0,0.6,1.0588235294117647,0.0,0.0,1.0,0.029411764705882353,162.56,165.1,1.0,10116.0,Ramazan Temirov
0.2,0.8,0.8,3.4,65.6,143.4,87.2,162.0,0.8,1.2,45.2,119.6,8.6,12.6,3.0,5.0,55.2,125.8,4.0,5.0,8.2,10.4,49.0,592.6,0.46255951621063185,5.503033668864977,0.5176089460051558,7.455033668864978,0.4401940846436405,4.519272474835127,0.5546296296296296,0.6191044776119403,0.5052631578947369,0.3646567164179104,0.3916775045062596,4.083248871919472,0.65,0.24155223880597015,0.4849385908209437,0.9538823529411765,0.032,0.3,-0.1,0.060255698252921444,175.26,172.72,2.0,11351.6,Brandon Royval
0.2,0.8,0.2,2.6,34.0,58.6,58.6,87.6,1.8,3.4,26.0,49.4,2.0,2.8,5.6,6.0,20.0,40.0,0.6,1.8,11.4,15.6,302.4,578.8,0.6187878787878789,3.202518070654149,0.6938111888111889,5.124568202534624,0.5719683824946984,2.501797408400873,0.6,0.1505738677016868,0.75,0.4451477354033736,0.4718737795829102,1.6287477628470897,0.08571428571428572,0.07515657620041753,0.6796078431372549,1.2507028657616894,0.17092489695412452,0.6133333333333333,0.86,0.5196805056096262,170.18,177.8,1.0,8883.0,Tatsuro Taira
0.2,0.0,0.0,3.0,67.6,129.6,74.4,137.4,0.0,0.2,41.4,96.6,9.4,14.0,12.2,14.6,62.6,123.0,4.0,5.0,1.0,1.6,34.4,851.0,0.5184160240110051,4.6911959287531815,0.5384846823657028,5.169465648854962,0.42028382819607835,2.8996437659033076,0.6688172043010752,0.646615776081425,0.9077394636015326,0.9716030534351144,0.5066930448447667,4.3528753180661575,0.75,0.2716539440203562,0.42000000000000004,0.06666666666666667,0.0,0.0,0.6,0.03822222222222223,185.42,187.96,1.0,12907.4,Brad Tavares
0.2,1.2,0.4,2.2,43.6,80.8,67.8,114.4,1.0,2.8,32.4,69.8,2.4,3.0,7.2,8.0,34.4,68.0,1.0,1.4,7.2,11.4,228.8,622.8,0.5467009299056579,4.376411813294931,0.6104924099546525,6.977460980577864,0.4961227388808223,3.4362648606804456,0.6933333333333334,0.2243642072213501,0.8995238095238095,0.7157827453931349,0.5091684158564591,3.405903879670113,0.32,0.08102564102564103,0.8332467532467532,0.8894822925991758,0.1252330353629055,0.2333333333333333,0.8,0.4271193597167623,177.8,185.42000000000002,1.0,11862.4,JunYong Park
0.0,0.5,0.0,3.0,76.0,133.5,114.0,177.5,1.5,2.0,39.0,87.5,23.0,33.0,10.0,12.0,48.5,96.5,11.5,17.0,10.0,14.5,233.5,900.0,0.5657433578292821,5.066666666666666,0.632648431423386,7.6,0.4463069669984285,2.5999999999999996,0.7763041556145005,1.7444444444444445,0.8142857142857143,0.6666666666666667,0.5009696186166774,3.2333333333333334,0.6602564102564102,1.0666666666666667,0.61,0.6666666666666666,0.1,0.5,1.0,0.2594444444444445,162.56,165.1,1.0,9658.5,Julia Polastri
0.0,0.4,0.0,2.4,27.8,79.6,70.2,140.0,2.0,4.2,22.4,72.0,2.6,4.2,2.8,3.4,23.2,73.4,2.6,3.6,2.0,2.6,267.6,632.2,0.38474620759566996,2.546214651149716,0.5424087340291558,6.401079440040479,0.31582121971595656,1.8194186765615339,0.48571428571428577,0.19305785123966945,0.8833333333333334,0.533738123348513,0.34881106876780993,2.11070782031821,0.625,0.2824489795918367,0.575,0.15305785123966942,0.2526640926640927,0.6023809523809524,1.0,0.5097875417710944,162.56,165.1,1.0,8937.2,Cory McKenna
0.0,0.0,0.0,2.6,72.8,154.0,85.0,165.6,0.2,0.4,40.6,113.2,17.0,23.2,13.4,14.8,66.0,146.4,1.8,1.8,0.0,0.4,26.4,738.0,0.4649262583191076,5.955412679550524,0.4711873622791537,6.149213417557905,0.3295609649007988,3.0669585339921195,0.7199064312893768,1.4281065454722346,0.9262121212121212,1.0781253778639481,0.4625413804597535,5.331250579941363,0.4,0.12428044280442804,0.0,0.0,0.013333333333333332,0.2,-0.8,0.03114063140631406,185.42,187.96,2.0,13344.0,Daniel Rodriguez
0.0,0.4,0.0,2.8,56.2,161.0,68.0,176.4,0.4,0.8,41.8,137.2,9.0,15.4,4.0,5.2,53.0,152.8,1.4,4.0,0.6,0.6,13.8,805.8,0.33139354837382673,4.22974358974359,0.37041822109643385,5.148158508158508,0.2903626162729949,3.304522144522145,0.6100280112044818,0.6585547785547785,0.5586363636363637,0.26666666666666666,0.3294365662674904,4.067132867132868,0.27499999999999997,0.12261072261072262,0.2,0.04,0.026666666666666665,0.3,-0.6,0.015333333333333332,180.34,182.88,1.0,12233.8,Alex Morono
0.2,0.0,0.0,1.8,23.4,47.4,29.2,53.6,0.0,0.0,19.6,43.0,3.6,4.2,0.2,0.2,20.2,42.6,3.0,4.6,0.2,0.2,1.2,417.8,0.5126270520993882,3.9012590799659703,0.6001857517482517,4.974242545277027,0.4720440670440671,3.1355428075384095,0.8484848484848484,0.5580119805271935,0.2,0.03208556149732621,0.4697653388278388,2.634564691759262,0.4583333333333333,0.5605405405405406,0.2,0.03208556149732621,0.0,0.0,0.4,0.01044334975369458,190.5,190.5,1.0,9998.8,Junior Tafa
0.0,0.0,0.0,2.0,53.0,118.0,54.0,122.0,1.0,8.0,39.0,101.0,7.0,10.0,7.0,7.0,44.0,93.0,1.0,3.0,8.0,22.0,46.0,435.0,0.4491525423728814,7.310344827586207,0.4426229508196721,7.448275862068965,0.38613861386138615,5.379310344827586,0.7,0.9655172413793104,1.0,0.9655172413793104,0.4731182795698925,6.068965517241379,0.3333333333333333,0.13793103448275862,0.36363636363636365,1.103448275862069,0.13793103448275862,0.125,1.0,0.10574712643678161,190.5,195.58,1.0,11416.0,Sean Sharaf
0.4,0.4,0.8,2.4,32.4,52.6,77.6,111.8,3.0,5.2,17.2,34.6,10.4,13.8,4.0,4.2,13.8,27.0,7.6,11.2,8.0,12.4,339.6,633.0,0.6249437570303712,4.010784926113539,0.6769158541502017,7.680067170445004,0.5213352770493832,2.50506399240409,0.8571428571428571,1.1590134340890008,0.75,0.6452267002518892,0.5282875816993464,2.089466834592779,0.8265182186234817,1.0035600335852224,0.49735027223230494,1.1458823529411766,0.2597841598345377,0.5972222222222222,0.95,0.47676772798915845,185.42,195.58,1.0,12013.6,Themba Gorimbo
0.0,0.2,0.2,2.6,58.4,126.2,90.4,158.4,1.2,2.6,37.4,99.2,10.0,14.6,10.2,13.4,44.6,109.0,6.2,9.6,9.2,10.4,131.2,714.8,0.4133624405591327,4.775962735623176,0.5114369595701266,6.918162901049149,0.313340980020567,2.7026302729528533,0.5981818181818181,0.9940028731879327,0.6418181818181818,1.0757894736842106,0.3423890908834679,3.412629837621348,0.8280701754385966,0.7375595315833007,0.5445134575569359,0.6257733664185277,0.07999999999999999,0.26666666666666666,0.4666666666666666,0.14808436724565757,182.88,193.04,1.0,12321.0,Niko Price
0.2,0.4,0.0,1.8,27.8,62.8,38.8,77.8,1.6,3.8,11.2,36.0,10.2,14.0,6.2,8.8,24.2,57.6,1.2,2.2,2.4,3.0,199.6,468.4,0.4369608885737918,3.1327419976065918,0.4737006449366973,4.401317808387404,0.275718801746199,1.2818405430296775,0.6306926406926406,1.1459425470512437,0.86625,0.7610336738808113,0.4275025548014054,2.8230231221045843,0.3333333333333333,0.14971887550200802,0.34545454545454546,0.16,0.18849427862202578,0.5242424242424243,1.0,0.40301331288302294,180.34,190.5,1.0,13695.6,Court McGee
0.4,0.0,0.2,2.0,40.6,75.0,68.8,105.2,1.0,2.4,20.6,47.6,14.0,21.8,4.8,5.6,26.6,58.2,7.8,10.6,4.2,4.8,76.4,466.4,0.4784237169773813,4.5471070028227905,0.5966492357613795,7.201480796221944,0.31346516886565434,2.074512051775111,0.7127093596059113,1.6939363484087102,0.9466666666666667,0.5567124867393654,0.4300130218108123,3.0946735448079377,0.6141636141636141,0.9457667913481866,0.37142857142857144,0.36,0.09594405594405594,0.32,0.8,0.21237545400336097,187.96,190.5,1.0,13789.6,Tim Means
0.0,0.2,0.0,2.8,47.4,107.2,81.6,146.6,0.4,0.4,35.0,83.4,8.8,14.0,3.0,5.8,29.0,81.2,6.2,8.4,5.6,6.6,30.8,763.2,0.4553799291690034,4.14013900472616,0.5796386087437057,6.798335120536956,0.4148399128418669,2.9975376305651533,0.595406162464986,0.752823649337411,0.4611111111111111,0.26279359783946943,0.35985968065251955,2.175296874379443,0.6318721461187214,0.5333333333333334,0.7484848484848485,0.44155208705667415,0.039307359307359305,0.4,0.8,0.06138946476561156,167.64000000000001,165.1,1.0,13319.8,Marina Rodriguez
0.0,0.2,0.2,2.8,48.4,106.4,60.0,120.0,2.2,3.8,30.4,83.0,14.0,18.2,4.0,5.2,41.6,97.6,3.6,5.0,3.2,3.8,181.8,824.4,0.4503426229548193,3.3232183908045982,0.5269358899496348,4.299310344827586,0.357137197104939,2.0749425287356322,0.7643282804152369,0.9719540229885058,0.7386363636363636,0.27632183908045976,0.4339015110537779,2.860229885057471,0.611111111111111,0.24,0.4666666666666667,0.22298850574712645,0.16597701149425287,0.5766666666666665,0.85,0.23305747126436782,162.56,167.64000000000001,1.0,8797.6,Iasmin Lucindo
0.2,0.6,0.4,3.6,84.2,173.0,110.8,203.0,0.2,1.2,48.6,126.6,24.4,32.6,8.4,8.8,64.8,139.4,13.8,18.8,5.2,8.2,169.0,817.4,0.5241114173800068,5.5168295687885,0.5861334695600855,7.719080082135524,0.40186952037132545,2.9794277891854897,0.8704763863587391,1.7324444444444445,0.956043956043956,0.5032553045859001,0.45765554600098995,4.0456783025325125,0.8334913124832932,1.135151266255989,0.175,0.33599999999999997,0.008,0.06666666666666667,0.6,0.16447008898015056,170.18,170.18,1.0,12614.8,Raquel Pennington
0.0,0.8,0.0,3.6,59.2,135.4,108.2,189.6,1.4,2.2,46.8,118.0,8.6,11.0,0.4,0.6,52.0,124.0,3.2,4.0,3.0,4.6,179.0,786.0,0.425069005069005,3.8685943621595795,0.549739053673961,7.074265676352633,0.3854219752561331,3.0153891225637897,0.7774825174825175,0.6226741374567462,0.3,0.02290683229813665,0.3830515444084909,3.086696607740086,0.7666666666666666,0.22404922613618267,0.2777777777777778,0.22156394330307375,0.09908792656618744,0.6333333333333333,0.8,0.18614855675725242,167.64000000000001,175.26,1.0,11902.8,Julianna Pena
0.0,0.6,0.2,2.8,49.4,123.2,65.8,148.8,0.4,1.8,33.2,99.6,7.0,9.8,8.4,12.2,36.2,101.0,2.0,4.8,9.0,13.0,198.0,709.2,0.43808641125451475,3.8614505494505496,0.46535866677354043,5.929142857142857,0.373550338068818,2.764161172161172,0.7530769230769231,0.4946227106227107,0.651131221719457,0.6026666666666667,0.38022511870061776,2.479736263736264,0.47380952380952374,0.13131135531135532,0.41235137533274174,1.2504029304029305,0.05333333333333333,0.26666666666666666,0.6,0.25623345543345544,187.96,193.04,1.0,12914.6,Roman Dolidze
0.0,0.6,0.0,1.8,33.8,70.6,49.4,88.0,0.4,1.4,17.4,52.4,7.8,10.6,9.4,11.6,27.6,63.4,3.2,4.0,1.6,2.2,63.6,470.6,0.5016193574501084,4.500521878763548,0.5775964195626134,5.913603639769838,0.3590420474141404,2.299933092466212,0.7533333333333333,1.1472554529640038,0.500164435048156,0.96,0.4549190200410916,3.703281731392777,0.4800000000000001,0.46188679245283026,0.25555555555555554,0.16880503144654088,0.026666666666666665,0.08,0.8,0.1425792408225166,190.5,200.66,1.0,11426.0,Kevin Holland
0.2,0.6,0.4,1.6,19.2,54.6,20.8,56.6,0.4,1.4,13.0,45.4,4.2,7.2,2.0,2.0,16.2,50.6,0.6,0.6,2.4,3.4,65.2,357.8,0.4170757106670419,3.761641355534441,0.4308572948455917,3.9226090974699246,0.36045683219733854,2.663697917477921,0.7017391304347826,0.7169247623349585,0.6,0.381018675721562,0.3885660356096462,3.3398212904264213,0.4,0.10343296833382658,0.5384615384615385,0.3183870967741935,0.07923941994672981,0.16666666666666666,0.6,0.14500333674276447,193.04,200.66,1.0,11729.2,Ryan Spann
0.2,0.0,0.0,2.0,37.2,76.2,45.6,83.2,0.2,1.8,18.6,52.8,11.4,16.0,5.6,6.8,33.8,72.6,2.2,2.6,0.2,0.2,19.2,482.8,0.5067184265010352,4.101909668056743,0.5133118330944418,4.243500991947719,0.3348964252646103,1.9085880895744967,0.5029729959962518,0.986311899482631,0.819047619047619,0.9248388313196676,0.489625850340136,3.6153613445853425,0.16923076923076924,0.14666666666666667,0.2,0.013333333333333332,0.02660753880266075,0.04,1.0,0.04291150270354378,190.5,200.66,2.0,13648.8,Ovince Saint Preux
0.0,0.0,0.0,3.0,41.6,89.4,68.8,116.4,0.0,0.2,28.4,72.8,9.6,12.8,5.6,5.8,35.0,82.0,5.6,7.2,0.6,1.0,20.4,806.6,0.5362855587808418,3.256643354308385,0.6453772951377891,4.795936789511867,0.436352164114261,2.1428632614839165,0.7936507936507937,0.7682485073109134,0.7894736842105263,0.34553158551355484,0.5116026385005401,2.748023418186387,0.7101754385964912,0.3751364896080914,0.3,0.05360178970917225,0.0,0.0,0.2,0.020203000150761347,182.88,190.5,1.0,13719.2,Stephen Thompson
0.6,0.0,0.2,2.6,53.8,129.0,67.0,144.4,2.4,3.6,37.6,105.4,12.4,18.2,3.8,5.0,29.0,87.4,1.4,3.6,11.4,18.6,159.2,717.8,0.4030438490400198,4.497058960409811,0.44640080228128437,5.5337662657402,0.3337218062106394,3.128035146963043,0.6680392156862744,0.9926705036900538,0.7888888888888889,0.3763533097567152,0.3207338336161273,2.4584400556651973,0.15555555555555556,0.10807779285391225,0.4400062201948994,1.3614998665461722,0.18837214419303971,0.5476190476190476,0.95,0.2013299812320203,177.8,193.04,2.0,10878.2,Joaquin Buckley
0.4,0.2,0.0,3.4,71.4,141.4,87.0,160.0,0.2,0.6,44.0,106.6,19.8,24.6,7.6,8.2,63.2,133.6,2.4,3.0,2.8,3.4,112.2,900.0,0.5204781405098713,4.421333333333333,0.5517480628874329,5.287999999999999,0.4028363787375415,2.682666666666667,0.8017459703417151,1.2853333333333332,0.9380952380952381,0.4533333333333333,0.5050364785483651,4.0334516765286,0.6166666666666666,0.14933333333333335,0.55,0.13866666666666666,0.013333333333333332,0.1,0.8,0.09613333333333333,170.18,177.8,1.0,13272.4,Jose Aldo
0.0,1.0,0.0,2.2,54.6,114.8,72.8,136.6,1.2,5.6,32.6,88.0,14.0,17.8,7.6,9.2,42.6,99.2,5.4,7.4,3.6,4.8,201.0,638.4,0.5453154648720461,5.177736549165121,0.6026631667159619,6.44,0.44035143197914584,2.937538651824366,0.8494593126172074,1.3450505050505048,0.6457264957264958,0.7466666666666667,0.40005109992848703,3.9461224489795916,0.6599999999999999,0.473939393939394,0.49333333333333335,0.6643413729128014,0.16014708586137158,0.39,0.7866666666666667,0.40855994897959186,175.26,175.26,3.0,11028.4,Mario Bautista
0.0,0.8,0.0,3.8,58.6,125.6,107.4,178.0,0.8,2.2,37.0,97.0,9.6,15.2,7.6,8.2,44.8,110.4,7.8,10.0,2.0,2.0,186.8,900.0,0.4523224822073592,2.9573333333333336,0.5983892301207714,5.824,0.3823395345251325,2.032,0.698921568627451,0.47733333333333333,0.9550000000000001,0.44800000000000006,0.3865035458703664,2.365333333333333,0.8285285285285285,0.48,0.4,0.11200000000000002,0.048,0.22857142857142856,1.0,0.21902222222222228,172.72,172.72,1.0,11496.2,Ketlen Vieira
0.0,0.5,0.0,2.5,53.0,82.5,83.0,120.0,2.0,6.5,40.0,67.5,9.0,10.0,4.0,5.0,12.5,32.5,9.0,10.0,19.0,27.0,373.5,653.5,0.6478163493840985,5.592547092547092,0.7024854340290583,8.278951678951678,0.571376811594203,4.254720616570328,0.9375,0.7615069615069615,0.8888888888888888,0.30704340704340705,0.39,1.0755937755937754,0.9411764705882353,0.7211302211302211,0.7851153039832286,1.9316715542521994,0.21408681408681407,0.325,1.0,0.5776608187134502,172.72,167.64000000000001,2.0,12426.5,Kayla Harrison
0.0,0.3333333333333333,0.3333333333333333,2.6666666666666665,48.0,85.33333333333333,93.0,133.33333333333334,0.0,0.6666666666666666,23.666666666666668,50.0,15.0,22.0,9.333333333333334,13.333333333333334,33.0,66.0,8.666666666666666,9.333333333333334,6.333333333333333,10.0,49.0,744.3333333333334,0.589110682310496,3.895047472414678,0.6910155897990448,7.933333333333334,0.48664065403195833,2.081088016422889,0.725,1.1677700795483705,0.7943840579710145,0.646189376443418,0.5379939375521113,2.3677700795483703,0.9682539682539683,0.7333333333333334,0.5606060606060606,0.49412368488580954,0.0,0.0,0.0,0.0592378752886836,185.42,187.96,1.0,13237.333333333334,Cesar Almeida
0.4,0.0,0.0,2.0,38.2,79.8,46.8,90.4,0.6,2.6,25.8,64.4,4.8,7.2,7.8,8.4,29.6,65.2,3.8,7.2,4.0,5.6,94.0,510.8,0.5380433836219911,3.962271675040244,0.5615534611634709,4.678274068816426,0.3014067195745537,2.2749115024420847,0.5133333333333334,0.6027847596249751,0.9364705882352942,1.0969124926354268,0.5187799700139978,3.1015655110665756,0.28095238095238095,0.35186116098144826,0.3393939393939394,0.5060019550342132,0.04,0.075,0.8,0.1182657091561939,190.5,190.5,2.0,10113.8,Ihor Potieria
0.0,0.2,0.2,3.0,27.0,76.2,83.0,148.8,3.0,6.8,21.4,68.0,2.2,4.2,3.4,4.0,14.2,57.6,0.8,1.8,10.2,15.2,253.8,708.6,0.40890854132808896,2.0750845417550297,0.5463246061836384,6.1846575342465755,0.35363031233998976,1.7817512084216962,0.40606060606060607,0.12533333333333335,0.5571428571428572,0.16799999999999998,0.29089717741935484,0.9386791688032622,0.32,0.03733333333333333,0.4179744936234059,0.9460019550342131,0.24419051986014786,0.5117604617604619,0.9818181818181818,0.3263568693423055,162.56,165.1,1.0,12642.0,Carla Esparza
0.0,0.0,0.0,2.6,78.6,165.4,92.2,177.0,0.4,2.2,41.6,117.8,16.2,22.0,17.4,21.4,72.0,154.8,6.6,11.6,0.4,0.8,41.8,780.0,0.49992184164697184,6.965516115871073,0.5207926793599158,7.813333333333334,0.3389330855500816,3.6266666666666665,0.7463477698771815,1.448888888888889,0.8726391349779655,1.5866666666666667,0.4928341135097657,5.773570019723866,0.5473776223776223,0.4933333333333333,0.2,0.026666666666666665,0.05333333333333333,0.23333333333333334,0.1,0.05311111111111111,162.56,165.1,1.0,12113.0,Tecia Pennington
0.0,0.0,0.4,2.8,63.6,154.2,83.4,178.0,2.0,6.4,34.6,115.2,18.2,25.6,10.4,12.4,55.2,140.6,4.2,7.6,4.2,6.0,146.4,811.8,0.42385441990227424,4.803660130718955,0.4713770147465247,6.341437908496732,0.30804899102989564,2.626928104575163,0.7260632114212116,1.3866666666666665,0.8850986050986049,0.7456209150326798,0.40084195562863006,4.077124183006536,0.6595238095238095,0.39529411764705885,0.4523809523809524,0.33124183006535945,0.15895424836601307,0.4666666666666666,1.0,0.19319825708061003,177.8,180.34,1.0,11379.6,Austin Hubbard
0.2,0.2,0.2,2.8,66.4,152.4,78.6,167.2,0.4,2.0,36.2,106.4,16.8,25.0,8.8,13.8,60.2,142.8,2.4,4.0,3.2,4.2,97.6,834.0,0.441603396818968,4.930526315789474,0.480462164730285,5.695438596491227,0.34507395428800114,2.6680701754385963,0.6283551302498671,1.3230409356725146,0.6435497835497835,0.6638596491228069,0.42653415661649774,4.4491228070175435,0.5454545454545455,0.22175438596491226,0.4583333333333333,0.2596491228070176,0.042105263157894736,0.06666666666666667,0.9333333333333333,0.14035087719298245,175.26,182.88,1.0,11330.8,Alexander Hernandez
1.0,0.4,0.0,2.4,55.0,88.4,72.6,102.4,0.0,0.0,30.0,59.6,11.8,13.4,13.2,15.4,41.6,75.6,4.4,4.6,6.8,8.2,4.8,571.0,0.6815598609041231,6.00719651064172,0.7390417303326167,7.250275478366751,0.6015073712768426,3.295880065772883,0.8644444444444443,1.2680604370029316,0.847878787878788,1.4432560078659058,0.6155228603069134,4.177039689439663,0.775,0.4902508126373172,0.6952380952380952,1.3399060085647396,0.0,0.0,0.2,0.01338646911523948,193.04,200.66,1.0,13397.8,Alex Pereira
0.8,0.0,0.0,2.6,48.2,123.8,49.6,129.0,0.0,0.0,28.8,100.2,11.2,14.6,8.2,9.6,43.8,114.6,3.0,4.4,1.4,2.4,20.8,588.2,0.43728241166990933,4.887418907294875,0.44088865671756716,4.992535863925193,0.35155408373617136,3.095883967582128,0.7567632850241546,1.069535471188264,0.8835164835164836,0.721999468524483,0.41756406093157317,4.066620274617028,0.6261904761904762,0.5048136420587099,0.3476190476190476,0.31598499061913693,0.0,0.0,1.0,0.06566369606003752,185.42,193.04,2.0,12166.8,Khalil Rountree Jr.
0.0,0.2,0.0,2.6,41.4,77.2,82.2,124.6,1.2,3.8,35.0,71.0,2.6,3.8,1.8,2.4,25.8,56.4,1.8,2.2,11.4,15.4,254.0,630.2,0.518807026981272,3.3946957047791897,0.6132124227955038,6.680070175438596,0.5057070601690855,3.0995813672111314,0.46545454545454545,0.1560024198427102,0.6599999999999999,0.13911191772534787,0.4262556535409133,1.960897761645493,0.5,0.09111191772534785,0.4795766249254621,1.3126686217008798,0.10355716878402906,0.2333333333333333,0.6666666666666666,0.40206432748538007,180.34,182.88,1.0,12508.0,Renato Moicano
0.2,0.6,0.2,1.6,39.0,72.0,54.4,90.0,2.0,4.6,18.6,47.6,13.2,17.0,6.8,7.4,19.8,41.2,6.2,9.0,6.0,8.4,162.8,403.0,0.5173362673362674,5.069733810796245,0.6134338868857176,7.722206392427632,0.3665089770604087,2.451170524832181,0.7208963585434174,1.5763125763125765,0.767,0.8895769717008655,0.45828604223456093,2.800146993064316,0.42000000000000004,0.6354794520547945,0.5010309278350515,1.0227159618101838,0.2523101103632077,0.25396825396825395,0.4,0.40166161033951225,180.34,185.42000000000002,2.0,10237.6,Benoit Saint Denis
0.6666666666666666,0.3333333333333333,0.6666666666666666,2.0,31.333333333333332,60.333333333333336,43.0,75.0,1.3333333333333333,2.3333333333333335,20.333333333333332,47.666666666666664,8.0,8.666666666666666,3.0,4.0,26.666666666666668,54.0,2.3333333333333335,3.3333333333333335,2.3333333333333335,3.0,119.0,486.0,0.560112506541078,4.502050650674504,0.6089791156594857,5.630287144048611,0.48201737620281365,2.9693792446086023,0.9387254901960785,1.0227782411268649,0.75,0.5098931649390365,0.5264446204013521,3.776122959609198,0.7777777777777777,0.2977931344903822,0.2916666666666667,0.4281345565749235,0.16676860346585118,0.4666666666666666,1.0,0.22110780147477396,172.72,175.26,1.0,10376.0,Morgan Charriere
0.0,0.3333333333333333,0.0,1.6666666666666667,11.0,27.0,17.666666666666668,35.0,1.0,3.0,7.0,19.0,3.6666666666666665,6.666666666666667,0.6666666666666666,2.0,9.333333333333334,24.666666666666668,1.6666666666666667,2.3333333333333335,0.0,0.0,39.666666666666664,237.0,0.38778251936146674,2.616571761122779,0.4445842068483577,3.806329048313581,0.2634375794558861,1.273141588923728,0.5909090909090909,0.965507264063112,0.25,0.40014513035816096,0.36601307189542487,2.304374184379853,0.5,0.3121975767429257,0.0,0.0,0.25778655208454304,0.3611111111111111,0.7222222222222223,0.2701856623190983,180.34,180.34,1.0,12225.666666666666,Gabriel Miranda
0.8,0.0,0.0,2.6,53.4,97.0,84.0,138.4,1.6,2.6,31.4,70.0,15.4,20.0,6.6,7.0,40.2,75.8,4.6,5.6,8.6,15.6,302.4,775.2,0.5529435141050386,4.669424724602203,0.6127852350581364,7.173333333333334,0.4490374476956724,3.0446105919003115,0.7553853754940711,1.1911111111111112,0.8800000000000001,0.470144927536232,0.5249444999445,3.3801183431952664,0.8688888888888888,0.36695652173913046,0.6005263157894737,0.6939130434782609,0.16695652173913045,0.5866666666666667,1.0,0.3495652173913043,170.18,182.88,2.0,10503.0,Ludovit Klein
0.0,0.6,0.2,2.0,24.6,60.4,38.0,77.0,0.2,3.4,17.2,50.2,3.8,5.8,3.4,4.2,20.2,54.4,1.4,2.6,3.0,3.0,74.0,526.8,0.43376658860265416,2.238969500751101,0.5839139949666265,3.8877631925206364,0.3975505889459378,1.550405544555991,0.38666666666666666,0.3261568809297738,0.6933333333333334,0.33990253806025467,0.3304281620453315,1.7299861911615309,0.3888888888888889,0.11417198460190929,0.6,0.4043923492799055,0.023715415019762844,0.06666666666666667,0.4666666666666667,0.15521490794607523,187.96,185.42000000000002,1.0,10267.2,Roosevelt Roberts
0.0,0.3333333333333333,0.0,2.0,61.666666666666664,125.33333333333333,78.0,140.33333333333334,0.6666666666666666,1.6666666666666667,38.666666666666664,93.66666666666667,9.666666666666666,12.333333333333334,15.0,18.0,52.0,113.66666666666667,9.666666666666666,11.0,0.0,0.0,47.666666666666664,572.0,0.5560503034291145,7.030281157371235,0.584920964769028,8.600964889434586,0.4449760765550239,4.155478662053057,0.7944444444444446,0.9896565836960972,0.8681109339004075,1.7518125782887477,0.5210311420357082,5.698056578735226,0.9118589743589745,1.0211134675248974,0.0,0.0,0.09142637447135717,0.5,1.0,0.09134509886602754,187.96,190.5,1.0,11245.666666666666,Kevin Jousset
0.4,0.2,0.0,1.8,31.0,57.0,43.4,72.0,0.2,1.2,16.8,39.4,9.4,13.4,1.0,1.2,24.0,47.4,6.6,8.8,0.4,0.8,85.2,427.0,0.4815601757944557,6.616978736585746,0.5673637702503681,8.177435897435897,0.40329610115911485,4.042293884603863,0.4619286510590858,1.2893189964157705,0.7333333333333333,0.3507890465006215,0.4334029852755121,4.821961628115474,0.304421052631579,0.6823310023310023,0.2,0.9786096256684493,0.02097902097902098,0.1,1.0,0.20545052670289862,185.42,195.58,1.0,10503.0,Bryan Battle
0.0,0.0,0.0,2.0,26.8,57.8,55.2,90.4,1.4,4.4,18.6,47.6,4.0,5.4,4.2,4.6,20.8,50.6,2.2,3.2,3.8,4.0,97.2,512.8,0.5032432488835094,3.3483064403534315,0.6416494133885438,6.584270565317697,0.42297027332124654,2.3272417114678037,0.4619047619047619,0.43200000000000005,0.9512820512820512,0.4322863088470923,0.47105442176870743,2.751835969443724,0.3142857142857143,0.14666666666666667,0.7,0.5824724259439205,0.22961964218042566,0.5,0.8,0.2624137144224824,185.42,190.5,2.0,10813.4,Ion Cutelaba
0.0,0.0,1.0,3.0,39.0,69.0,63.0,101.0,1.0,2.0,29.0,59.0,7.0,7.0,3.0,3.0,33.0,61.0,5.0,6.0,1.0,2.0,319.0,900.0,0.5652173913043478,2.6,0.6237623762376238,4.2,0.4915254237288136,1.9333333333333333,1.0,0.4666666666666667,1.0,0.2,0.5409836065573771,2.2,0.8333333333333334,0.3333333333333333,0.5,0.06666666666666667,0.06666666666666667,0.5,-0.5,0.35444444444444445,187.96,182.88,1.0,12006.0,Ivan Erslan
0.2,0.4,0.8,2.6,42.4,73.8,67.4,102.2,1.6,3.2,26.2,54.8,9.8,11.6,6.4,7.2,28.2,52.8,5.4,7.0,7.6,12.8,211.0,722.0,0.6137518980247328,3.0253829696191703,0.6929626103664372,4.809567821994009,0.40819365731646434,1.8377920410783055,0.6795031055900621,0.676114676936243,0.8958333333333333,0.5111494804783323,0.5253560878445671,2.051466125750048,0.5822222222222222,0.3744972186563971,0.37629629629629624,0.5857595207531023,0.1149507916131793,0.32571428571428573,0.2,0.24943078978399263,185.42,190.5,1.0,9582.6,Fares Ziam
1.2,0.2,0.2,1.4,25.4,54.2,30.8,61.0,0.6,1.2,20.2,45.6,4.0,7.0,1.2,1.6,10.6,32.8,3.4,6.2,8.0,11.0,53.8,292.6,0.458975095249638,5.38856855039558,0.49512097754935863,6.568616144852842,0.3874941909844078,3.8780656542544363,0.6114718614718615,1.058372912854672,0.5333333333333333,0.23750848100096517,0.35771460796091337,2.9675510145575155,0.6533333333333333,0.8173165498628251,0.5057627118644068,1.3585509746420563,0.10806845723405416,0.26666666666666666,0.7333333333333334,0.17565676461928895,175.26,180.34,1.0,12028.2,Matt Frevola
0.2,0.6,0.0,4.0,77.2,147.8,103.2,181.0,0.8,2.2,57.2,118.8,15.6,20.6,8.0,9.4,57.8,118.6,12.8,15.0,8.0,11.4,179.4,900.0,0.5584925135326649,4.309939637826962,0.5864828583809506,5.519678068410462,0.49762751741012606,3.0537518443997316,0.8312734916180871,0.8998256203890005,0.8331140350877193,0.35636217303822937,0.5072695491203107,3.1139691482226697,0.8379553049289891,0.6612313883299799,0.6171717171717173,0.5347391012743126,0.050811535881958414,0.19047619047619047,0.7333333333333334,0.17617339593114242,190.5,190.5,1.0,10458.2,Nassourdine Imavov
0.0,1.0,0.2,3.0,42.4,85.0,62.4,106.6,2.0,5.0,27.6,66.0,9.0,11.8,6.8,7.2,32.8,74.2,2.2,4.0,5.2,6.8,321.0,712.0,0.5453051241286535,2.620617658292192,0.6540952960221511,4.196895648721949,0.42305300024498765,1.6697169666054879,0.8570588235294118,0.522926261064932,0.9675,0.42797443062177204,0.521163723728547,2.004670504625742,0.32,0.13080877742946712,0.5583333333333333,0.4851383762369834,0.15951632756610074,0.7123076923076923,1.0,0.4487656527630957,187.96,190.5,1.0,10142.2,Brendan Allen
0.3333333333333333,0.0,1.3333333333333333,2.6666666666666665,43.333333333333336,80.66666666666667,75.0,124.33333333333333,0.3333333333333333,3.0,14.666666666666666,43.333333333333336,15.666666666666666,21.333333333333332,13.0,16.0,25.666666666666668,54.333333333333336,16.0,22.333333333333332,0.6666666666666666,0.6666666666666666,132.33333333333334,762.0,0.5663490276493373,3.57037037037037,0.6233468124315095,6.135802469135803,0.38741213741213737,1.2995884773662552,0.7373898834896276,1.2905349794238683,0.844551282051282,0.9802469135802468,0.500043148163449,2.0707818930041153,0.6798245614035087,1.377777777777778,0.3333333333333333,0.0823045267489712,0.022222222222222223,0.037037037037037035,0.6666666666666666,0.15650205761316874,170.18,170.18,1.0,12526.0,Nora Cornolle
0.0,0.0,0.3333333333333333,3.0,81.0,182.0,101.66666666666667,195.66666666666666,0.0,0.3333333333333333,40.0,121.0,14.333333333333334,18.666666666666668,19.333333333333332,25.666666666666668,74.33333333333333,173.33333333333334,5.333333333333333,6.666666666666667,0.0,0.0,25.666666666666668,900.0,0.4843162799819147,6.022222222222222,0.5175631410031843,6.777777777777779,0.32988787412131554,2.6666666666666665,0.7626794258373205,0.9555555555555554,0.8169191919191919,1.6000000000000003,0.4719849298075686,5.311111111111111,0.5277777777777778,0.35555555555555557,0.0,0.0,0.0,0.0,0.6666666666666666,0.028518518518518516,172.72,177.80000000000004,1.0,9749.666666666666,Jacqueline Cavalcanti
1.0,0.0,0.0,2.0,42.5,80.0,48.0,86.0,0.0,0.0,21.0,53.5,12.5,15.5,9.0,11.0,39.5,74.5,0.0,0.5,3.0,5.0,40.5,553.0,0.5576923076923077,4.854692556634305,0.5746478873239437,5.221359223300971,0.4241830065359477,2.2983818770226536,0.797979797979798,1.6,0.7916666666666667,0.9368932038834952,0.5663265306122449,4.654692556634304,0.0,0.0,0.375,0.2,0.0,0.0,0.5,0.06745954692556634,167.64000000000001,167.64000000000001,1.0,12859.0,Daniel Barez
0.2,0.0,0.0,2.6,50.0,98.2,86.6,143.4,1.8,4.8,24.2,61.2,15.2,22.0,9.8,11.0,36.8,80.8,4.0,5.2,4.8,7.0,157.0,763.8,0.5306137761518608,4.253333333333333,0.6138180709007642,6.719999999999999,0.3783455674760023,2.221888246628131,0.6857945041816009,1.3466666666666667,0.8484848484848484,0.6947945205479451,0.4795782189414136,3.0752511415525117,0.6333333333333333,0.3495890410958904,0.3880503144654088,0.5593352883675464,0.14599742599742602,0.39090909090909093,0.2,0.2539117199391172,172.72,177.8,3.0,11897.4,Victor Altamirano
0.0,0.0,0.0,2.0,44.0,101.0,45.0,104.0,1.5,2.0,38.0,93.0,4.0,5.5,2.0,2.5,39.5,92.0,3.5,6.0,1.0,3.0,90.0,557.0,0.4773684210526316,5.925233644859813,0.47858124141376296,6.098753894080996,0.44941068421858255,5.204672897196262,0.8125,0.5872274143302181,0.4,0.13333333333333333,0.46923076923076923,4.877258566978193,0.5,0.8744548286604361,0.3333333333333333,0.17352024922118378,0.264993564993565,0.8333333333333333,1.0,0.22644340602284527,177.8,185.42000000000002,1.0,10429.5,Bolaji Oki
0.0,0.25,0.0,2.0,37.5,80.0,41.0,84.25,2.0,4.75,18.5,52.0,10.25,13.0,8.25,12.5,34.0,75.25,1.5,2.25,1.75,1.75,119.75,530.0,0.4877938940226927,3.1424440134015166,0.5009935223775672,3.591121495327103,0.42607315389924083,1.7321636395697408,0.644047619047619,0.7367601246105919,0.37882882882882885,0.6735202492211838,0.4747602739726028,2.92577734673485,0.375,0.1,0.25,0.11666666666666667,0.21666666666666667,0.2976190476190476,0.33333333333333337,0.21628406708595388,177.8,180.34,1.0,11161.25,Chris Duncan
0.0,0.5,0.0,2.0,46.5,78.5,50.5,84.5,2.0,5.0,22.5,51.5,9.5,11.5,11.5,14.5,39.5,70.0,6.0,7.0,0.0,0.0,196.0,561.5,0.4206896551724138,3.402684563758389,0.443620867768595,4.0,0.28218210361067503,1.6068535825545172,0.41304347826086957,0.6333333333333333,0.46551724137931033,0.9,0.3581932773109243,2.7,0.42857142857142855,0.4,0.0,0.0,0.29832689832689835,0.47619047619047616,1.0,0.4722048611111111,193.04,200.66,1.0,10472.5,Oumar Sy
0.2,0.0,0.2,2.2,27.0,75.4,33.8,82.6,0.4,1.6,12.8,53.2,5.0,9.4,7.0,9.8,22.6,69.0,4.2,6.2,0.2,0.2,74.4,613.2,0.35257107971393686,3.323513386012601,0.40298289623905,3.77717667810109,0.2489526476700939,1.9269609090032929,0.48666666666666664,0.436039976305057,0.6039608088388576,0.8400000000000001,0.3077265793502808,2.822148882662476,0.5575,0.43614711204577683,0.2,0.06521739130434782,0.026831646044244473,0.13999999999999999,0.5,0.08270791151106112,193.04,198.12,1.0,10684.6,Da Woon Jung
0.2,0.2,0.4,2.4,33.4,57.2,76.2,109.8,2.8,7.4,21.8,39.8,7.2,10.0,4.4,7.4,11.8,27.2,6.4,8.8,10.6,14.0,273.0,705.2,0.575166313591361,2.6053012887495646,0.7167276561517287,6.206213862765586,0.5445081093538444,1.6933681644026475,0.5780246069719753,0.5418181818181818,0.4666666666666667,0.3701149425287356,0.411979797979798,0.956788575409265,0.8217391304347826,0.5062695924764891,0.8038161606105858,1.1422431208638106,0.29953277953277957,0.4590909090909091,0.8666666666666666,0.4169751599479367,165.1,167.64000000000001,3.0,10624.8,Ailin Perez
0.0,0.0,0.0,2.0,31.0,81.0,42.5,96.0,0.5,0.5,20.0,67.5,11.0,13.5,0.0,0.0,27.5,77.5,3.0,3.0,0.5,0.5,20.0,566.0,0.3983333333333333,2.546551724137931,0.4991645781119465,3.9850574712643674,0.344,1.717241379310345,0.6699999999999999,0.8293103448275861,0.0,0.0,0.35890151515151514,2.217241379310345,0.5,0.2,0.5,0.12931034482758622,0.12931034482758622,0.5,-1.5,0.0846072796934866,175.26,172.72,1.0,10381.5,Daria Zhelezniakova
0.0,0.0,0.0,3.0,75.8,156.8,83.6,165.2,0.0,0.2,51.0,125.4,17.8,22.6,7.2,8.8,62.4,138.8,11.8,16.0,1.8,2.0,23.0,900.0,0.4795707779437387,5.08,0.49987720630130134,5.573333333333333,0.403020938213397,3.4,0.7922578745189617,1.2,0.8514705882352942,0.48,0.4385915510558852,4.159999999999999,0.7226495726495725,0.8,0.5599999999999999,0.12,0.0,0.0,0.0,0.025555555555555554,167.64000000000001,185.42000000000002,2.0,11119.0,Taylor Lapilus
0.2,0.0,0.2,2.6,46.4,134.0,53.8,142.2,0.6,2.0,29.6,107.2,13.6,21.2,3.2,5.0,41.0,124.2,4.2,8.4,1.2,1.4,48.2,744.4,0.3692829023764776,4.426666666666667,0.39722496019097076,5.426666666666667,0.3016672719397842,3.0085549132947973,0.6190312738367658,1.2,0.7222222222222222,0.4684153005464481,0.3461078314354253,3.8266666666666667,0.592156862745098,0.5733333333333334,0.4,0.505136612021858,0.04,0.11666666666666665,0.6,0.05355555555555556,170.18,177.8,1.0,11630.6,Vince Morales
0.0,0.5,0.25,3.0,38.5,77.0,57.25,101.25,0.75,2.0,11.5,38.75,10.5,19.25,13.25,15.5,32.75,69.75,5.0,6.0,0.75,1.25,197.0,860.0,0.4988644756918959,2.754054054054054,0.5566801810051135,4.036486486486487,0.3109292900732782,0.8027027027027027,0.5232026143790849,0.7216216216216216,0.8981912144702843,1.0,0.47028105957564736,2.3527027027027025,0.6071428571428571,0.3513513513513513,0.15,0.05,0.05,0.15,0.5,0.22219219219219222,182.88,185.42000000000002,2.0,9550.75,William Gomis
0.0,0.8,0.0,1.8,18.6,36.2,35.6,56.2,1.6,2.2,8.0,23.2,2.6,3.4,7.8,9.6,10.6,26.4,4.2,4.6,4.0,5.2,208.0,449.0,0.5203766879886282,3.1761550760403,0.6588278272939332,5.1734253774707275,0.3435813228916677,1.9480886974889593,0.675,0.2962517977402702,0.6746376811594202,0.7925265549211027,0.35886128364389236,1.2474013107987296,0.8666666666666666,0.8981834140200545,0.4447058823529412,0.804159506499229,0.24740249089161792,0.9,0.8,0.5395543445198872,172.72,182.88,1.0,10495.8,Joanderson Brito
0.0,1.0,0.2,3.6,47.2,124.2,113.4,195.2,0.6,1.6,29.2,95.6,10.2,15.8,10.0,15.6,38.8,114.2,6.6,8.8,0.8,0.8,115.2,767.4,0.4199743899724521,3.304933513971501,0.6235583237552751,8.094973310618967,0.3396704958617282,2.167093265477756,0.4685714285714285,0.5306575809199319,0.6757943143812709,0.5901088420704577,0.37706629691871424,2.7746344352676484,0.8133333333333332,0.4363708767314313,0.8,0.07685437646906604,0.088,0.25,0.0,0.20331560845990362,165.1,167.64000000000001,1.0,10664.6,Alexa Grasso
0.0,0.4,0.0,4.0,67.8,114.6,128.8,204.2,3.8,6.6,48.2,90.4,9.0,12.4,10.6,11.8,53.0,96.0,4.4,6.6,10.4,12.0,318.0,819.8,0.6052521512202004,3.6663854871942396,0.7498593034556694,8.67678700932754,0.5463595826566378,2.668989801354704,0.7449999999999999,0.4739160091904422,0.9342857142857142,0.523479676649093,0.5594346311746965,2.624044808706447,0.7138095238095239,0.275841305852088,0.86,0.7664993726357044,0.25312890033915764,0.7366666666666666,0.9833333333333332,0.3823832217070701,165.1,167.64000000000001,2.0,12598.0,Valentina Shevchenko
0.4,0.8,0.2,3.4,61.2,147.2,74.4,160.6,1.8,5.6,43.8,118.8,10.2,13.8,8.0,10.6,52.2,134.2,4.2,5.6,3.6,5.6,116.4,721.8,0.4620669950651858,4.122431126557599,0.4937354127994105,4.860170745589072,0.40909480780622925,3.012055235996238,0.7109890109890109,0.569233792287789,0.5873469387755103,0.5411420982735724,0.4181346314907873,3.36754687430622,0.7845238095238095,0.4724688520487453,0.3633333333333333,0.2824154002026342,0.14252001114084695,0.28,1.0,0.2284427582476578,172.72,175.26,3.0,11557.6,Brian Ortega
0.6,0.8,0.0,1.8,37.8,72.6,49.8,83.8,0.4,1.0,26.4,58.6,5.0,6.6,6.0,7.2,24.2,52.4,4.8,6.2,8.8,11.2,89.4,415.4,0.5357381910305279,5.654407158836689,0.5921243940615224,6.946666666666665,0.4632806483969275,4.189240271550249,0.6876190476190477,0.8163295880149812,0.5394736842105263,0.7333333333333333,0.4376815073855629,2.4844943820224716,0.6571428571428571,0.9466666666666667,0.674436090225564,1.545217641308723,0.026666666666666665,0.26666666666666666,1.0,0.17218227215980025,180.34,182.88,1.0,10662.0,Diego Lopes
0.4,0.2,0.0,2.8,75.2,189.6,82.6,204.4,0.0,0.4,48.8,150.0,18.2,29.4,7.2,7.6,63.2,171.8,3.0,3.2,3.8,5.4,28.2,821.2,0.37188313653466143,5.800421607378129,0.37118748436074844,5.880421607378129,0.2938469778606412,3.8402108036890636,0.5638450292397661,1.4075362318840583,0.9446153846153846,0.5526745718050066,0.358485895419019,5.016942878748898,0.75,0.21038208168642952,0.08627450980392157,0.29333333333333333,0.0,0.0,0.8,0.034274923144488365,185.42,195.58,3.0,8923.2,Daniel Zellhuber
0.5,0.25,0.25,2.5,66.75,141.0,91.75,160.75,0.5,0.75,47.25,119.75,13.25,17.0,7.25,7.75,58.75,127.25,3.5,4.75,4.25,5.25,26.5,692.0,0.4874438543449896,7.160360360360361,0.5191143556859137,8.51036036036036,0.4338505507504945,5.204270166119878,0.7333333333333333,1.372072072072072,0.825,0.872072072072072,0.46927790061550473,5.838288288288288,0.7339743589743589,0.622072072072072,0.4411764705882353,0.2833333333333333,0.03333333333333333,0.25,0.625,0.029444444444444443,177.8,175.26,1.0,10087.0,Esteban Ribovics
0.4,0.0,0.0,2.0,57.0,136.6,65.2,152.0,0.0,1.0,35.4,107.2,9.4,16.6,11.4,15.4,46.6,121.0,5.4,8.2,4.6,7.0,36.6,519.2,0.3799668184460952,5.943026022633032,0.40586434227262735,7.331428571428572,0.29050837551172765,3.8163678066481808,0.4553766233766233,1.0163125763125762,0.6056951871657754,1.1271794871794873,0.3297210062906114,4.4952831783601015,0.5666666666666667,0.6835164835164835,0.2333333333333333,0.5494505494505495,0.0,0.0,1.0,0.06515995115995116,162.56,165.1,1.0,9001.8,Yazmin Jauregui
0.3333333333333333,0.3333333333333333,0.3333333333333333,1.6666666666666667,34.333333333333336,52.333333333333336,39.0,58.0,0.3333333333333333,0.6666666666666666,17.0,32.666666666666664,10.0,13.333333333333334,5.666666666666667,5.666666666666667,29.333333333333332,46.0,3.6666666666666665,4.333333333333333,1.0,1.0,68.66666666666667,395.6666666666667,0.4936531734132934,4.260908681961314,0.7015151515151515,4.72991452991453,0.3611187388761759,2.185347985347985,0.5685425685425686,1.2815628815628817,0.6666666666666666,0.6407814407814408,0.42787781779378414,3.389495471848413,0.5925925925925926,0.5951159951159951,0.6666666666666666,0.15433455433455434,0.022222222222222223,0.16666666666666666,0.3333333333333333,0.09821326821326821,162.56,165.1,1.0,10782.0,Ketlen Souza
0.4,0.0,0.0,3.2,60.0,116.0,70.2,124.0,0.0,0.2,40.2,88.0,14.0,21.2,8.0,8.6,52.4,106.8,1.6,2.0,3.6,5.0,5.0,666.6,0.6058106601075319,5.8502753227859605,0.6151625662063769,6.052349881796689,0.5410615106286747,4.022873977086744,0.6941858794799971,1.2539981814875432,0.9664705882352941,0.5298476086561192,0.5865491772668187,4.521998685075608,0.55,0.11152136752136751,0.4222222222222222,0.579738861611202,0.0,0.0,0.2,0.012519294417166756,180.34,182.88,3.0,10461.6,Sean O'Malley
0.0,0.2,0.0,3.6,76.0,162.6,134.6,244.8,3.4,9.6,49.8,128.2,12.8,19.0,14.6,17.8,44.0,117.8,10.6,15.8,9.6,13.6,359.6,833.0,0.47718528514393627,5.044153392330384,0.6385482724969911,9.554666666666666,0.3873335461374191,3.269888246628131,0.6998814910579616,0.839433628318584,0.7000177242112726,0.8453333333333333,0.3607699485179731,2.7722005899705016,0.5477472527472528,0.568,0.43537273537273535,0.9860019550342131,0.27466666666666667,0.41580705009276436,0.9959183673469388,0.3876421052631579,167.64000000000001,172.72,1.0,11780.2,Merab Dvalishvili
0.0,0.5,2.0,2.5,33.0,69.0,59.0,105.0,0.5,1.0,24.0,58.0,4.0,5.5,5.0,5.5,11.5,37.0,2.5,3.5,19.0,28.5,365.0,749.5,0.4782608695652174,2.7192543127434616,0.5594154948993659,4.770840289371174,0.4104321907600596,1.9182526432943796,0.6388888888888888,0.3839176405119644,0.9166666666666667,0.4170840289371174,0.3124531132783196,0.9844184752365053,0.35714285714285715,0.25041736227045075,0.6710526315789473,1.4844184752365055,0.03333333333333333,0.25,1.0,0.4546892969764422,167.64000000000001,165.1,1.0,9160.5,Ronaldo Rodriguez
0.2,0.4,0.2,2.0,21.2,57.4,26.2,64.0,0.8,2.6,11.4,44.2,4.2,6.0,5.4,7.0,17.2,51.8,0.6,0.8,3.2,4.6,53.0,547.4,0.330868655090927,2.405256908910197,0.3750263133877019,2.925586592178771,0.23010066093585274,1.1803667504845126,0.5083333333333333,0.6311111111111112,0.5448275862068965,0.41370577281191806,0.2876464350321252,2.0043252426102454,0.15,0.04,0.3363636363636363,0.22443991853360487,0.05333333333333333,0.12666666666666665,0.7333333333333334,0.06488355950174299,170.18,185.42000000000002,2.0,11553.4,Ode Osbourne
0.2,0.8,0.2,2.0,13.6,31.8,31.0,51.2,2.4,5.6,8.8,23.0,1.6,4.4,3.0,4.4,8.0,23.0,0.2,0.4,5.2,8.4,248.0,494.8,0.40789085700310934,2.997751237397533,0.578459877280961,5.363936283706729,0.35223734379783467,1.9964349213585595,0.27,0.3155555555555556,0.37333333333333335,0.2736533863076187,0.3505194805194805,2.007144170989221,0.1,0.22222222222222224,0.44607843137254904,0.9196983408748116,0.26532818532818536,0.3708333333333333,1.0,0.5247268518518519,175.26,170.18,3.0,8828.0,Raul Rosas Jr.
0.4,0.0,0.0,2.2,36.0,64.4,71.2,106.4,0.6,1.6,23.2,50.0,8.0,9.4,5.0,5.6,25.2,48.4,2.8,3.6,8.0,11.2,87.0,587.2,0.5816359870636185,4.6869247246022026,0.6869841084455859,7.3775,0.38055872463147317,2.6312772585669784,0.8919786096256684,1.0586111111111112,0.7464285714285714,0.7695238095238096,0.540240704468922,3.131785714285714,0.43589743589743596,0.3028571428571428,0.28294573643410853,0.9058823529411765,0.0980952380952381,0.3,0.4,0.18768253968253967,170.18,175.26,1.0,10916.8,Aoriqileng
0.5,0.25,0.0,1.0,17.5,32.75,18.0,33.25,0.5,0.75,10.25,24.5,5.75,6.0,1.5,2.0,13.75,28.75,3.5,3.5,0.5,0.5,19.75,166.25,0.5824249031007752,5.553591662768335,0.6188394689271057,6.183711979968226,0.42767857142857146,2.8106546583033563,0.9642857142857143,1.6874031537690273,0.5833333333333333,0.6344472391903222,0.41309523809523807,4.096831955922865,0.75,1.0562072737216297,0.5,0.27787307032590053,0.11583011583011583,0.25,1.0,0.14131415956869012,177.8,185.42000000000002,3.0,10388.0,Manuel Torres
0.6,0.4,0.0,2.2,62.2,131.8,73.8,140.4,0.0,0.2,35.0,90.4,14.2,18.8,10.4,13.4,52.0,118.4,3.2,5.0,4.4,8.0,28.2,591.2,0.5153110213612845,7.033281473913499,0.5343186953146895,8.374781287814423,0.4352297011081146,4.706168260016045,0.7111568986568987,1.513204775022957,0.760579196217494,1.2090184525188774,0.4930418904403867,5.165572888649812,0.5833333333333334,0.6631090121999212,0.20265251989389918,0.5955257645580226,0.0,0.0,0.8,0.07012206296488369,190.5,190.5,1.0,9475.4,Ignacio Bahamondes
0.4,0.4,0.0,3.0,57.8,138.8,71.8,150.4,0.0,0.0,38.8,111.6,9.2,14.6,7.4,9.8,45.0,121.8,2.2,2.6,7.6,11.4,31.8,743.2,0.44325490179796334,5.371160462548468,0.47338500555017715,5.7497897190528775,0.38547716833855805,3.8950927413298295,0.6529192546583851,0.7934565084038768,0.8055555555555556,0.5377970801128695,0.386900603281515,3.476416711493634,0.6833333333333333,0.23015875352717458,0.36088617265087847,0.9647973326982615,0.0,0.0,0.2,0.07972968551915921,175.26,172.72,1.0,12794.6,Irene Aldana
0.2,0.0,0.0,3.0,48.6,104.6,88.2,150.4,2.2,3.8,30.6,80.8,11.6,15.2,9.2,12.4,35.4,86.4,6.4,8.0,4.8,7.4,359.2,900.0,0.47746412551145345,3.641073825503356,0.591522867043136,6.239999999999999,0.37281703003901584,2.333333333333333,0.8032234432234432,0.8533333333333335,0.6694736842105263,0.7066666666666667,0.40620485640330334,2.56,0.8002164502164503,0.42666666666666664,0.3901754385964912,0.32,0.16,0.75,1.0,0.40822222222222215,170.18,170.18,1.0,12035.2,Norma Dumont
0.3333333333333333,1.3333333333333333,0.3333333333333333,2.3333333333333335,37.666666666666664,80.66666666666667,40.666666666666664,83.66666666666667,0.0,0.6666666666666666,21.333333333333332,58.333333333333336,6.333333333333333,9.333333333333334,10.0,13.0,36.666666666666664,79.66666666666667,0.6666666666666666,0.6666666666666666,0.3333333333333333,0.3333333333333333,17.333333333333332,645.6666666666666,0.5586280516105078,3.624979724249797,0.5694303440496333,3.824979724249797,0.4652709359605911,1.7935117599351178,0.6666666666666666,0.6697485806974859,0.7877492877492878,1.161719383617194,0.5386154461784715,3.4345498783454986,0.3333333333333333,0.044444444444444446,0.3333333333333333,0.14598540145985403,0.0,0.0,0.3333333333333333,0.019259259259259257,170.18,180.34,1.0,10245.666666666666,Edgar Chairez
0.2,0.0,0.0,2.8,90.2,185.2,125.0,222.2,1.4,2.2,62.2,148.2,21.4,28.0,10.8,11.6,76.2,168.8,7.4,9.2,3.6,5.0,83.8,778.2,0.5430464787172513,8.123840482657304,0.587252677517102,9.953548387096774,0.4617831481619622,5.495605897971865,0.8012879760376551,1.7953797964961176,0.9113095238095239,0.7945411746982279,0.5216501383323313,6.530036803545906,0.8038978015448605,0.6046257273600361,0.28444444444444444,0.33987157034442494,0.10703726719771009,0.7,0.9,0.10409148259043746,165.1,165.1,1.0,8812.8,Joshua Van
0.0,0.3333333333333333,0.0,3.0,57.666666666666664,128.0,77.33333333333333,162.33333333333334,0.0,4.333333333333333,30.333333333333332,97.0,15.333333333333334,23.0,11.0,14.333333333333334,49.666666666666664,114.66666666666667,4.666666666666667,8.666666666666666,0.6666666666666666,2.6666666666666665,33.333333333333336,900.0,0.4169817503528937,3.8666666666666667,0.469348962923791,5.155555555555556,0.30708636755148383,2.022222222222222,0.5678362573099416,1.1111111111111112,0.8180076628352491,0.7333333333333334,0.4106231533709374,3.5111111111111115,0.5562770562770563,0.3111111111111111,0.19444444444444442,0.044444444444444446,0.0,0.0,-0.39999999999999997,0.037037037037037035,170.18,177.80000000000004,1.0,8802.666666666666,Felipe dos Santos
0.0,1.0,0.0,3.0,34.5,68.5,47.5,85.5,1.0,1.5,9.5,34.0,6.5,9.5,14.0,17.5,31.5,65.5,3.0,3.0,0.0,0.0,232.5,900.0,0.49824324324324326,2.3,0.5645685997171146,3.166666666666667,0.267983789260385,0.6333333333333333,0.7202380952380952,0.43333333333333335,0.7547425474254743,1.1666666666666667,0.46212121212121215,2.1,1.0,0.2,0.0,0.0,0.06666666666666667,0.5,0.5,0.305,170.18,170.18,1.0,9298.0,Andre Lima
0.4,0.0,0.2,2.6,53.0,102.4,64.8,116.4,1.2,2.4,31.2,75.4,14.2,19.4,7.6,7.6,41.4,87.0,8.8,12.0,2.8,3.4,126.8,779.8,0.5256888018516818,4.546666666666667,0.5610711067674458,5.6868227424749165,0.42591037377922625,2.8218882466281308,0.7134915575308283,1.1610702341137125,1.0,0.6406688963210703,0.48315064281736947,3.6133333333333333,0.7601515151515151,0.8133333333333332,0.49142857142857144,0.3474693422519509,0.08,0.24761904761904763,0.17142857142857143,0.14803567447045707,175.26,177.8,3.0,10538.6,Trevor Peek
0.0,0.0,0.0,2.3333333333333335,30.666666666666668,61.333333333333336,45.333333333333336,81.33333333333333,1.6666666666666667,4.333333333333333,18.333333333333332,44.666666666666664,5.666666666666667,8.333333333333334,6.666666666666667,8.333333333333334,18.333333333333332,47.0,6.333333333333333,7.333333333333333,6.0,7.0,154.33333333333334,625.0,0.5680109364319891,4.533333333333333,0.598494623655914,6.355555555555555,0.47075163398692804,2.9920359666024403,0.4632034632034632,0.37777777777777777,0.75,0.6888888888888888,0.43919376693766937,1.711111111111111,0.4666666666666666,0.4222222222222222,0.6041666666666666,0.9322254806125775,0.26666666666666666,0.5,0.3333333333333333,0.21481481481481482,175.26,175.26,1.0,10435.666666666666,Yanal Ashmouz
0.25,0.0,0.0,2.75,56.25,114.0,70.25,132.5,2.25,4.0,42.5,98.5,7.75,9.0,5.75,6.5,43.0,95.25,2.0,2.5,7.25,11.0,189.75,757.25,0.49267556246252875,4.529571944301186,0.510083374228111,5.490524325253567,0.4305524103616105,3.3163520715145265,0.802991452991453,0.6882430806257521,0.6964285714285714,0.5249767921609076,0.4692561609228275,3.5537837373216434,0.5892857142857143,0.20102630221763798,0.5279661016949152,0.7747619047619048,0.17428571428571427,0.4375,1.0,0.22011357515328633,175.26,182.88,1.0,8849.0,Rongzhu
0.0,0.5,0.0,1.5,40.0,65.5,43.5,69.5,1.5,2.0,21.0,34.5,4.5,7.5,13.0,15.5,35.5,60.5,4.0,4.5,0.5,0.5,40.0,413.5,0.5545787545787546,5.000991787995399,0.5731974921630094,5.4915301305193,0.4916666666666667,2.608799143095172,0.5,0.5431031062800016,0.7857142857142857,1.4827838827838828,0.5119787045252884,4.322344322344323,0.9285714285714286,0.5446899670726386,0.5,0.10989010989010989,0.2,0.5,1.0,0.14652014652014653,175.26,187.96,1.0,10519.5,Chris Padilla
0.2,0.2,0.0,2.4,21.6,49.0,38.4,71.0,1.8,3.2,13.4,40.0,4.8,5.4,3.0,3.2,17.2,42.8,1.0,1.2,3.0,4.4,231.0,621.4,0.42987759367069706,1.8479174833204646,0.4711360819713768,3.1001769911504424,0.30659007315354064,1.0684641468861138,0.725,0.3641297935103245,0.7666666666666667,0.3103244837758112,0.38174478902518516,1.43811209439528,0.55,0.0887315634218289,0.38831168831168833,0.2,0.14206489675516223,0.45,1.0,0.2858450551156653,182.88,185.42000000000002,3.0,11954.8,Andre Petroski
0.0,0.0,0.0,2.5,10.0,30.0,14.5,35.0,1.5,3.0,7.5,26.5,2.0,2.0,0.0,1.0,7.0,27.0,2.0,2.0,0.0,0.0,176.5,666.5,0.2810670136629798,0.9693512304250559,0.4676425269645609,1.5333333333333334,0.20352564102564102,0.6068535825545172,1.0,0.16928406466512702,0.0,0.0,0.2326530612244898,0.5333333333333333,0.5,0.13333333333333333,0.0,0.0,0.20785219399538105,0.25,-0.5,0.37109375,182.88,190.5,3.0,8926.0,Dylan Budka
0.0,0.2,0.0,3.4,40.4,81.6,54.0,96.6,2.2,5.6,22.8,60.0,8.8,11.2,6.4,8.4,35.2,74.6,3.6,4.4,1.6,2.4,193.2,755.6,0.531729897918512,2.2129757701379456,0.5984183673469388,3.1385930955614323,0.4342400332225914,1.3548614585566914,0.7746212121212122,0.4597052390822672,0.6135714285714287,0.39840907249898744,0.49422117564974705,1.8738682486360279,0.29647058823529415,0.16374240583232078,0.5111111111111111,0.17536511566959712,0.20105624952683776,0.49393939393939396,1.0,0.29368484184277194,177.8,180.34,1.0,13558.2,Gilbert Burns
0.0,0.8,0.2,3.2,45.0,93.8,94.2,152.0,2.8,6.0,29.2,75.2,4.0,5.4,12.2,13.2,37.6,85.0,2.6,3.0,4.6,5.8,389.2,779.6,0.5293252347412447,3.2541707173109105,0.6661948867596056,7.688698497827227,0.4300869830167258,2.178525641457208,0.7833333333333333,0.23635957370869703,0.9086868686868688,0.8392855021450053,0.479029485366119,2.7806161158197575,0.5692307692307692,0.12551263143354957,0.4184210526315789,0.34804197005760323,0.2228666582163195,0.6073529411764705,0.9632352941176471,0.45709624587458747,177.8,182.88,1.0,10957.2,Sean Brady
0.0,1.3333333333333333,0.0,2.0,32.666666666666664,51.0,73.0,106.33333333333333,2.3333333333333335,4.666666666666667,30.0,48.333333333333336,0.6666666666666666,0.6666666666666666,2.0,2.0,6.333333333333333,14.0,0.3333333333333333,0.3333333333333333,17.333333333333332,24.666666666666668,422.0,582.3333333333334,0.6308400718778078,4.386349632279865,0.6860102644008735,8.560484993043133,0.5861457061457062,3.9256078211045278,0.3333333333333333,0.044444444444444446,0.6666666666666666,0.27499999999999997,0.5148059223689475,0.5910007950705626,0.3333333333333333,0.022222222222222223,0.7269463340891912,2.1531405132923163,0.27433412840389587,0.8125,1.0,0.6650956384015595,170.18,180.34,1.0,10103.0,Isaac Dulgarian
0.0,0.0,0.0,1.5,2.5,6.5,12.5,17.0,0.0,0.0,1.5,5.0,0.5,0.5,0.5,0.5,1.5,4.5,0.0,0.0,0.5,0.5,0.0,313.5,0.5695488721804511,1.763157894736842,0.8,2.6806797853309483,0.19298245614035087,0.14066785927251044,0.5,0.053667262969588556,0.5,0.9333333333333333,0.48299319727891155,1.6073345259391771,0.0,0.0,0.5,0.053667262969588556,0.0,0.0,0.0,0.0,175.26,177.8,1.0,10301.5,Brendon Marotte
0.0,3.0,0.5,2.0,26.0,50.5,52.25,85.5,1.0,3.5,21.0,43.0,3.0,6.25,0.25,1.25,5.0,18.0,0.0,0.0,7.25,10.75,223.0,506.75,0.5350997295469911,2.433122804828264,0.6262372088920254,4.767361630307516,0.4837301587301587,1.8137271572172389,0.5357142857142857,0.5426714511345623,0.125,0.018270401948842874,0.4061224489795918,0.671193578621367,0.0,0.0,0.7486225895316805,1.1241962169483177,0.12371911989756082,0.3833333333333333,1.0,0.39489929075314656,162.56,172.72,1.0,10396.75,Jaqueline Amorim
0.2,0.0,0.2,2.6,52.2,120.6,83.8,160.2,0.4,2.4,37.0,97.2,9.6,13.8,5.4,7.2,37.0,100.0,3.2,4.4,8.0,11.4,104.2,761.6,0.4354924739651702,3.6220512820512822,0.5133727203011667,5.76,0.33803131357806276,2.546666666666667,0.7442229654403567,0.7287179487179487,0.48809523809523814,0.36,0.3480715010991828,2.7687179487179483,0.61,0.21333333333333332,0.3263157894736842,0.64,0.026666666666666665,0.1,0.8,0.11577777777777779,162.56,165.1,1.0,12817.6,Vanessa Demopoulos
0.8,0.0,0.0,2.2,43.0,97.6,52.8,108.6,0.2,0.4,20.4,67.4,8.4,11.6,10.8,14.0,38.0,89.2,3.6,6.6,1.4,1.8,78.8,565.2,0.4202449498437252,4.504349154681636,0.4517094126639428,5.192396895517101,0.26463342149841007,2.051164623952348,0.7661111111111112,0.9402925122618218,0.7075258075258074,1.318952624528072,0.40646658399855334,4.009853301004196,0.42727272727272725,0.35752615670774235,0.31,0.13696969696969696,0.013333333333333332,0.2,1.0,0.09483706631532718,162.56,165.1,1.0,11768.6,Jessica Andrade
0.4,0.0,0.2,2.6,54.2,125.4,67.4,135.4,0.0,1.0,33.4,91.2,11.6,19.0,10.2,11.2,50.8,121.6,2.0,2.4,1.0,1.4,39.6,713.0,0.46622365900383145,5.134340807614936,0.5066887169391651,5.885366436059728,0.3786537053509436,3.199466823675645,0.7035142118863049,0.9904355363655692,0.9079487179487179,0.837771780907054,0.4645119203758491,4.837805145315081,0.26666666666666666,0.13746724890829692,0.35,0.0790684133915575,0.0,0.0,0.8,0.06758548539216809,162.56,165.1,2.0,9730.8,Natalia Silva
0.0,1.0,2.0,2.0,6.0,10.0,12.0,16.0,0.0,0.0,5.0,8.0,1.0,2.0,0.0,0.0,2.0,5.0,4.0,5.0,0.0,0.0,111.0,374.0,0.6,0.9625668449197861,0.75,1.9251336898395721,0.625,0.8021390374331551,0.5,0.16042780748663102,0.0,0.0,0.4,0.32085561497326204,0.8,0.6417112299465241,0.0,0.0,0.0,0.0,1.0,0.2967914438502674,180.34,180.34,1.0,10116.0,Zygimantas Ramaska
0.0,1.0,0.0,2.0,14.0,20.0,40.0,47.0,4.0,6.0,13.0,18.0,0.0,1.0,1.0,1.0,6.0,7.0,0.0,0.0,8.0,13.0,190.0,374.0,0.7,2.2459893048128343,0.8,6.4171122994652405,0.65,2.085561497326203,0.0,0.0,1.0,0.16042780748663102,0.6326530612244898,0.9625668449197861,0.0,0.0,0.6153846153846154,1.2834224598930482,0.4,0.6666666666666666,1.0,0.5080213903743316,170.18,177.8,1.0,9744.0,Nathan Fletcher
0.0,0.0,0.0,3.0,32.5,75.0,66.5,117.0,2.0,7.5,21.5,59.5,7.0,11.0,4.0,4.5,26.5,68.0,3.5,3.5,2.5,3.5,230.0,900.0,0.42972263868065963,2.166666666666667,0.55,4.433333333333334,0.3601819248826291,1.4333333333333333,0.641025641025641,0.4666666666666667,0.9375,0.26666666666666666,0.36352657004830913,1.7666666666666666,0.5,0.23333333333333334,0.65,0.16666666666666666,0.16666666666666666,0.11904761904761904,1.0,0.27944444444444444,170.18,180.34,1.0,9813.5,Yizha
0.3333333333333333,0.6666666666666666,0.0,2.6666666666666665,61.333333333333336,102.33333333333333,84.33333333333333,127.0,2.6666666666666665,5.666666666666667,33.0,66.0,16.666666666666668,22.0,11.666666666666666,14.333333333333334,48.0,86.66666666666667,6.666666666666667,7.0,6.666666666666667,8.666666666666666,242.0,784.3333333333334,0.5927972581352327,4.632710468153506,0.6575256107171001,6.40309423347398,0.49541242903777866,2.506771147277476,0.7643946467475881,1.236608398633715,0.8051282051282053,0.8893309222423147,0.5538748832866479,3.701989150090416,0.9777777777777779,0.45838858750251155,0.6060606060606061,0.4723327305605787,0.2278882861161342,0.6515151515151515,0.9696969696969697,0.29003750586029065,175.26,177.80000000000004,1.0,9818.333333333334,Gabriel Santos
0.2,0.4,0.2,1.8,28.2,66.8,37.6,78.2,0.4,0.8,22.2,58.4,3.0,4.8,3.0,3.6,21.0,56.4,2.4,3.6,4.8,6.8,42.8,351.4,0.4093690641917448,4.937468787882025,0.45620346933954303,6.264732748655751,0.368025912679668,3.8769250602109167,0.6757142857142857,0.6103809143845398,0.6428571428571429,0.4501628132865685,0.3698090988486468,3.989031697966581,0.4,0.30124750592052507,0.2317241379310345,0.647189583994919,0.0425531914893617,0.13333333333333333,0.8,0.1373346035778554,172.72,177.8,1.0,12159.8,Matt Schnell
0.0,0.4,0.0,2.6,35.4,68.4,57.2,98.6,2.6,5.0,25.6,56.6,5.4,6.4,4.4,5.4,28.2,57.6,1.4,1.6,5.8,9.2,323.4,718.8,0.5237197200664693,3.3997675982462274,0.5870051342685797,5.104352332535348,0.46091635533416353,2.5979557253140384,0.8636363636363636,0.45313930656050794,0.6833333333333333,0.3486725663716814,0.47663312474720926,2.8565227604881156,0.55,0.11705014749262536,0.6,0.42619469026548673,0.19933075933075933,0.3555555555555555,0.6,0.39348211240970377,170.18,170.18,2.0,11847.8,Cody Durden
1.2,0.2,0.2,1.4,22.4,39.4,35.8,57.0,0.0,0.2,17.8,33.8,3.0,4.0,1.6,1.6,10.6,21.6,1.0,2.2,10.8,15.8,42.2,224.8,0.5652155587869874,6.244067620604031,0.6205839673622859,9.556754167956779,0.5259316185631975,4.8670049416910475,0.7883333333333333,0.8738340566236115,0.8,0.8317835355841708,0.503172216254923,3.1202871608662703,0.375,0.26043727740403644,0.7762492093611638,2.5709261965655825,0.0,0.0,0.8,0.22878791907744428,182.88,190.5,2.0,11492.2,Steve Garcia
0.0,0.0,0.0,2.2,43.2,87.4,58.4,103.2,0.0,1.6,20.6,60.4,11.2,14.4,11.4,12.4,38.8,80.4,4.2,6.2,0.0,0.2,101.6,635.8,0.5235138692207177,4.131929824561404,0.6209005980770688,6.503152022315201,0.31094825367271184,2.1066666666666665,0.6382630272952854,0.9666666666666666,0.9483709273182959,1.0168758716875872,0.5096858186425791,3.583542538354254,0.5566666666666666,0.42666666666666664,0.0,0.0,0.0,0.0,1.0,0.22396373779637377,180.34,180.34,3.0,11844.0,Kyle Nelson
0.3333333333333333,0.6666666666666666,0.3333333333333333,1.6666666666666667,28.333333333333332,48.333333333333336,39.0,61.0,1.6666666666666667,3.0,16.666666666666668,32.666666666666664,7.0,10.333333333333334,4.666666666666667,5.0,20.0,36.333333333333336,1.0,1.6666666666666667,7.333333333333333,10.333333333333334,119.0,359.0,0.6604651162790698,5.222833843017329,0.7008744855967078,7.745973496432213,0.6005524431995021,3.5647169044209925,0.5555555555555555,1.111111111111111,0.6428571428571429,0.472375127420999,0.5214521452145214,3.450152905198777,0.5,0.22793068297655453,0.8222222222222223,1.543642402121242,0.1111111111111111,0.1851851851851852,1.0,0.1322222222222222,193.04,195.58,3.0,10996.666666666666,Zachary Reese
0.0,0.0,0.0,3.0,32.0,74.0,53.0,97.0,1.0,2.0,20.0,55.0,5.0,12.0,7.0,7.0,30.0,72.0,1.0,1.0,1.0,1.0,72.0,900.0,0.43243243243243246,2.1333333333333333,0.5463917525773195,3.533333333333333,0.36363636363636365,1.3333333333333333,0.4166666666666667,0.3333333333333333,1.0,0.4666666666666667,0.4166666666666667,2.0,1.0,0.06666666666666667,1.0,0.06666666666666667,0.06666666666666667,0.5,-1.5,0.08,182.88,187.96,1.0,12153.0,Jose Daniel Medina
0.6,0.0,0.0,2.6,70.2,164.0,75.8,170.2,0.0,0.0,44.8,127.0,13.4,21.4,7.2,8.6,59.8,148.0,8.6,12.0,1.8,3.4,40.8,778.8,0.42308857351498413,5.68,0.43555168320558196,6.482448979591837,0.3561756852919299,3.8745578231292512,0.6387314439946019,1.1777777777777778,0.8722943722943723,0.7066666666666667,0.4019365730296724,4.720000000000001,0.5974814559254786,0.7657142857142857,0.20769230769230768,0.12,0.0,0.0,1.0,0.04762358276643991,162.56,170.18,2.0,10651.8,Josiane Nunes
0.0,0.0,0.0,4.8,88.0,189.8,118.0,225.4,1.0,2.2,51.8,144.0,19.0,28.0,18.6,24.4,78.6,175.6,7.6,10.4,3.8,5.2,163.8,900.0,0.5056778860061075,4.97796914822267,0.5405799739545513,6.20738832997988,0.4029698495335229,2.955597166815924,0.7330620155038761,1.2090963559132573,0.7722268907563026,0.8769416498993964,0.4913075076311818,4.441534540576795,0.5725038402457757,0.3844346076458752,0.15384615384615385,0.16,0.04407243460764588,0.3333333333333333,0.9666666666666668,0.13485633802816901,180.34,195.58,3.0,13719.2,Jared Cannonier
0.6,0.8,0.6,3.0,47.6,92.2,70.8,115.8,0.8,2.0,32.2,70.8,9.8,14.2,8.4,10.0,39.6,82.8,1.6,2.2,8.0,9.6,153.2,719.8,0.6035207530078506,4.031920530239169,0.6715110252441954,5.471823738450604,0.5437713530656514,2.756776383861424,0.611053361053361,0.7075844696781872,0.8933333333333333,0.5675596766995588,0.5240022183961717,3.269298557048644,0.47619047619047616,0.17183874646700054,0.7571428571428571,0.5907832267235252,0.09009239516702203,0.2,0.8,0.19672993614430614,185.42,190.5,2.0,11230.8,Caio Borralho
0.0,0.2,0.4,3.2,76.0,150.8,102.8,178.0,1.4,3.4,43.8,108.4,22.8,32.0,3.8,4.6,54.8,122.2,16.2,22.4,2.6,4.8,222.0,830.4,0.5289859149187712,5.552787043442782,0.5655332874880791,7.159826086956523,0.4058291160593792,3.26904347826087,0.7887974593712299,1.840985507246377,0.5647058823529412,0.2533333333333333,0.4571409755892965,3.8633067489923674,0.88592864834496,1.3318840579710147,0.42666666666666664,0.20162318840579713,0.11014492753623188,0.17777777777777776,0.3666666666666667,0.2344135265700483,162.56,165.1,1.0,13715.0,Angela Hill
0.0,0.2,0.0,2.8,74.4,174.6,99.8,206.2,2.2,6.6,49.0,138.0,8.8,14.0,14.0,18.4,63.2,160.4,5.0,7.0,5.2,6.0,210.6,806.8,0.43186870080175516,5.515391705069125,0.4916694104688988,7.880000000000001,0.36075280917333474,3.7386789554531488,0.6992683106367317,0.615299539170507,0.7587672389529975,1.1199999999999999,0.3788775442102609,4.534746543778802,0.7785714285714286,0.3619662058371736,0.6900000000000001,0.5860019550342132,0.17333333333333334,0.4050000000000001,1.0,0.289953216374269,162.56,165.1,1.0,10505.4,Tabatha Ricci
0.25,0.0,0.25,2.5,48.5,117.25,52.5,122.0,0.0,0.5,28.75,86.25,11.0,19.75,9.0,11.5,44.25,108.0,2.0,3.25,2.25,6.0,41.0,622.5,0.4146870328162145,4.719975063980576,0.4279394472913825,4.977424152940919,0.27984191265124325,2.2978533721990164,0.6737472766884531,1.156872716932432,0.8011363636363636,1.2166666666666668,0.40760717776846805,4.310181942599525,0.44791666666666663,0.1482315112540193,0.1875,0.1797963558413719,0.0,0.0,0.0,0.04630046445158985,175.26,177.8,3.0,9619.25,Dennis Buzukja
0.5,0.5,0.0,2.25,24.5,92.5,39.25,111.25,1.0,3.5,21.0,87.5,2.0,3.5,1.5,1.5,20.75,88.0,1.25,1.5,2.25,3.0,188.25,615.5,0.29776105333576597,2.323802174927323,0.440726465184458,3.6860182709447415,0.2138087606837607,1.9222324953770804,0.5,0.18021390374331553,1.0,0.19427361853832442,0.25124007936507936,1.8057709447415329,0.4375,0.1302139037433155,0.5059523809523809,0.29064171122994653,0.09010695187165776,0.22499999999999998,1.0,0.2744087938205585,175.26,182.88,1.0,8963.0,Francis Marshall
0.8,0.0,0.2,2.2,42.2,86.2,46.8,91.4,0.0,0.2,21.0,62.0,10.4,12.8,8.8,10.4,34.6,73.4,4.2,6.4,3.0,5.0,15.2,592.8,0.4981785590955896,4.084411469201639,0.532762474501605,5.032011747430249,0.3525216670993905,2.2844324860145817,0.7368421052631579,1.10431718061674,0.8989473684210527,0.7707268722466961,0.44612702997137144,3.0071806167400883,0.5722222222222222,0.580294007075449,0.5333333333333334,0.501804978519811,0.0,0.0,-0.4,0.037469445488731865,180.34,175.26,1.0,11436.8,Viacheslav Borshchev
0.0,0.0,0.0,2.0,56.0,130.5,58.0,142.5,0.0,0.0,23.5,96.5,13.0,19.0,15.5,18.5,52.0,121.5,0.5,2.0,0.5,0.5,2.5,586.5,0.4242469879518072,5.187912087912088,0.429199604743083,5.321245421245422,0.2590476190476191,2.1025641025641026,0.5568181818181819,1.1197802197802198,0.8058968058968059,1.8666666666666667,0.4239754098360656,5.121245421245421,0.125,0.03333333333333333,0.5,0.03333333333333333,0.0,0.0,1.0,0.002777777777777778,182.88,185.42000000000002,1.0,9094.5,James Llontop
0.0,2.0,1.0,2.0,3.0,7.0,5.0,9.0,0.0,1.0,1.0,5.0,0.0,0.0,0.0,0.0,1.0,4.0,0.0,0.0,0.0,0.0,98.0,409.0,0.5,0.8053691275167785,0.8125,1.5333333333333334,0.5,0.28037383177570097,0.0,0.0,0.0,0.0,0.5,0.2,0.0,0.0,0.0,0.0,0.0,0.0,1.0,0.2396088019559902,187.96,195.58,1.0,10739.0,Robert Valentin
0.0,1.0,1.0,2.0,42.0,52.0,63.0,73.0,1.0,3.0,41.0,51.0,1.0,1.0,0.0,0.0,1.0,3.0,0.0,0.0,19.0,27.0,285.0,409.0,0.7105263157894737,6.161369193154035,0.8,9.242053789731052,0.65,6.014669926650367,1.0,0.1466992665036675,0.0,0.0,0.5,0.16042780748663102,0.0,0.0,0.82,2.463343108504399,0.1466992665036675,0.3333333333333333,1.0,0.6286549707602339,187.96,193.04,2.0,12134.0,Ryan Loder
0.0,0.0,0.0,2.2,24.4,51.0,57.4,88.2,0.2,1.8,17.6,41.6,3.6,5.0,3.2,4.4,12.4,34.0,3.0,5.6,5.4,7.8,114.6,643.8,0.4464500205676677,1.922837080157377,0.5947184954584769,4.397331875341717,0.3175273549727978,1.2952771591766756,0.7701298701298701,0.3337582950074508,0.8428571428571429,0.3068656396402191,0.3626984384111968,1.0535387386228412,0.3063157894736842,0.2296774193548387,0.3571428571428571,0.6396209221796975,0.013559322033898305,0.1,0.8,0.18956430350525486,190.5,200.66,1.0,13216.8,Neil Magny
0.8,0.0,0.2,2.2,59.8,121.0,62.6,123.8,0.2,0.8,45.4,103.2,4.8,6.8,8.0,10.0,45.6,102.4,4.0,6.6,8.0,10.4,37.4,598.8,0.5444226706198669,6.29944751199284,0.5699026027051505,6.73301890276244,0.49236715477216253,5.084527059563345,0.42173202614379085,0.3522272047832586,0.8642780748663101,0.8209255802958724,0.49407087912634473,3.8787242605248267,0.373903743315508,0.3219133034379671,0.526984126984127,1.3011559890857645,0.013333333333333332,0.2,1.0,0.1184688146953797,182.88,200.66,1.0,8910.4,Michael Morales
0.2,0.2,0.0,2.0,36.2,69.8,40.2,75.0,0.6,1.8,22.4,53.4,10.0,12.4,3.8,4.0,23.0,44.4,5.2,7.8,8.0,16.4,90.6,531.8,0.5548330715382941,4.336185159622433,0.567602790859089,4.832288430788132,0.46247249007277985,2.7332965132384874,0.7711111111111111,1.0751346441504297,0.95,0.527754002233516,0.5425012800819252,2.72647218353539,0.6082539682539682,0.5374679780626926,0.6822727272727273,1.0722449980243507,0.08238062587533086,0.30666666666666664,1.0,0.17482478312351776,190.5,190.5,1.0,9337.0,Edmen Shahbazyan
0.0,0.6,0.0,2.2,31.0,64.4,41.8,75.6,1.2,4.0,20.2,52.4,4.8,6.0,6.0,6.0,25.8,58.2,4.0,4.6,1.2,1.6,110.4,622.0,0.5034365095359964,2.8130312805067614,0.574485392457777,3.7687292752039063,0.35127798127798127,1.5432029401339773,0.8158730158730159,0.4828071467750207,1.0,0.7562519628285325,0.48149100861718735,2.4579588167386452,0.4636363636363637,0.27507246376811595,0.15,0.08,0.11234895873555228,0.2357142857142857,0.6666666666666667,0.16591301773624734,185.42,195.58,2.0,13022.4,Gerald Meerschaert
1.0,0.0,0.0,1.0,10.0,26.0,10.0,26.0,0.0,0.0,4.0,16.0,1.0,5.0,5.0,5.0,10.0,26.0,0.0,0.0,0.0,0.0,2.0,68.0,0.38461538461538464,9.547123623011016,0.38461538461538464,9.677419354838708,0.25,3.8709677419354835,0.2,0.9677419354838709,1.0,2.0,0.38461538461538464,7.100591715976331,0.0,0.0,0.0,0.0,0.0,0.0,1.0,0.03225806451612903,167.64000000000001,167.64000000000001,2.0,11789.0,Wang Cong
0.0,0.0,0.4,1.8,21.6,61.8,34.4,77.0,0.4,2.2,9.8,43.6,6.8,11.6,5.0,6.6,17.2,56.2,3.6,4.8,0.6,0.8,115.0,458.8,0.32972909482654605,2.4177212731789526,0.3908129622568754,3.392737362967823,0.22074527713204692,1.1311123868886521,0.3459481694775812,0.5656934306569343,0.7272727272727273,0.7342487889666997,0.2844485535909026,2.0872589860743296,0.4033333333333333,0.27712895377128954,0.3333333333333333,0.05333333333333333,0.026666666666666665,0.06666666666666667,1.0,0.14439659367396593,165.1,165.1,1.0,11878.0,Victoria Leonardo
0.0,0.0,0.0,2.0,12.0,28.0,19.0,35.0,0.0,0.0,10.0,22.0,1.0,2.0,1.0,4.0,11.0,27.0,1.0,1.0,0.0,0.0,93.0,390.0,0.42857142857142855,1.8461538461538463,0.5428571428571428,2.923076923076923,0.45454545454545453,1.5384615384615385,0.5,0.15384615384615385,0.25,0.15384615384615385,0.4074074074074074,1.6923076923076923,1.0,0.15384615384615385,0.0,0.0,0.0,0.0,1.0,0.23846153846153847,170.18,167.64000000000001,1.0,11389.0,Kaan Ofli
1.0,0.0,0.0,2.0,31.0,67.0,32.0,68.0,0.0,0.0,15.0,48.0,9.0,12.0,7.0,7.0,27.0,62.0,1.0,2.0,3.0,3.0,2.0,390.0,0.4626865671641791,4.769230769230769,0.47058823529411764,4.923076923076923,0.3125,2.3076923076923075,0.75,1.3846153846153846,1.0,1.0769230769230769,0.43548387096774194,4.153846153846154,0.5,0.15384615384615385,1.0,0.46153846153846156,0.0,0.0,1.0,0.005128205128205128,170.18,182.88,1.0,8841.0,Mairon Santos
0.4,0.0,0.0,2.6,58.6,121.8,72.2,138.4,0.6,1.8,37.0,94.4,11.2,14.2,8.8,12.0,49.6,109.0,8.0,11.0,0.8,1.8,26.4,740.4,0.4991779282699141,4.952327919566899,0.5311082559177103,5.862521268368136,0.3993222109219517,2.8391514749751403,0.7861111111111111,1.1132736714175226,0.7796626984126984,0.9695238095238095,0.4783740201049781,4.346450116009281,0.6022727272727273,0.5507811291569993,0.275,0.05509667440061872,0.04117556071152358,0.17333333333333334,1.0,0.02976437226089198,182.88,180.34,1.0,12101.6,Song Kenan
0.4,0.0,0.0,1.8,26.4,67.2,33.4,74.4,0.4,3.2,15.4,50.4,5.0,9.0,5.8,7.8,21.0,60.0,4.0,5.0,1.2,2.2,49.4,423.8,0.37132993218185917,3.8505802968960863,0.41718998852745015,4.811282051282051,0.2810060353516729,2.3953835232813026,0.33238095238095233,0.5241025641025641,0.5765350877192983,0.8106401137980086,0.3272415227792802,2.5658956122114014,0.48,0.5866666666666667,0.12,0.49266862170087977,0.026666666666666665,0.026666666666666665,0.9866666666666667,0.09635435435435435,182.88,177.8,2.0,12103.0,Ricky Glenn
0.8,0.0,0.0,2.6,48.8,112.6,60.8,123.8,0.6,1.0,27.2,83.8,7.8,13.8,12.8,15.8,43.6,105.2,0.8,1.0,4.4,6.6,19.2,623.8,0.42757319638146607,4.458069017182908,0.460729233661505,5.081892053033404,0.34802230046948357,2.7477965896966006,0.5213675213675214,0.6401263965650235,0.7811288998357965,1.0701460309212836,0.40420794352929185,3.8644055111769062,0.3,0.048,0.7666666666666667,0.5456635060060018,0.02972997711670481,0.3,0.6,0.025752850482926925,162.56,175.26,1.0,10858.0,Kai Kara-France
0.2,0.4,0.4,2.8,53.8,115.6,66.4,127.6,1.0,3.8,33.6,90.8,13.2,18.4,5.6,6.2,42.6,104.2,6.8,9.0,1.4,1.6,103.0,654.0,0.45677324823661847,4.288823359817627,0.4745113248606062,4.859490026484294,0.3873694763412182,2.892878205772906,0.5925103881625622,1.0059550102249488,0.9538461538461538,0.3899901438197727,0.4197373489743711,3.5895840960139465,0.6707142857142857,0.611239263803681,0.5666666666666667,0.088,0.06133333333333333,0.20833333333333331,0.65,0.11355637355146557,172.72,172.72,1.0,10416.6,Steve Erceg
0.0,0.3333333333333333,0.0,1.6666666666666667,43.0,86.66666666666667,52.333333333333336,96.66666666666667,0.0,0.0,19.666666666666668,54.333333333333336,15.0,20.666666666666668,6.666666666666667,7.666666666666667,32.666666666666664,72.33333333333333,7.0,10.333333333333334,1.3333333333333333,2.3333333333333335,8.0,399.3333333333333,0.530965909090909,7.51111111111111,0.5648989898989899,9.542995169082126,0.3700597647966069,3.6935817805383024,0.767687074829932,2.0444444444444443,0.9333333333333332,1.4106280193236713,0.5074862096138691,5.733333333333333,0.4292929292929293,0.8952380952380953,0.26666666666666666,0.34782608695652173,0.0,0.0,1.0,0.01104669887278583,190.5,185.42,2.0,8851.666666666666,Tom Nolan
0.0,0.0,0.0,1.6666666666666667,29.666666666666668,63.666666666666664,36.666666666666664,71.0,0.6666666666666666,2.3333333333333335,13.0,41.333333333333336,9.0,14.0,7.666666666666667,8.333333333333334,22.333333333333332,52.0,7.0,11.333333333333334,0.3333333333333333,0.3333333333333333,91.66666666666667,399.0,0.44093888567572775,4.336724344830255,0.46631629240324896,4.872911908540755,0.2514504652435687,1.6537761777571323,0.6454545454545454,1.3168195718654434,0.9666666666666667,1.0201370340262454,0.37704678362573096,3.015966657634292,0.6577777777777778,1.1168195718654435,0.3333333333333333,0.022222222222222223,0.044444444444444446,0.13333333333333333,1.0,0.17229323389119,180.34,185.42,1.0,12771.0,Alex Reyes
0.2,0.0,0.0,2.0,22.4,63.2,23.6,64.2,0.0,0.0,10.2,42.0,3.6,7.4,8.4,13.8,19.8,60.0,2.0,2.8,0.4,0.4,1.0,531.2,0.3807566496772058,2.6491510823541256,0.4003869002359032,2.835906826749496,0.27317530174264393,1.4528352614102196,0.41503267973856206,0.32958761650404644,0.5513129228299507,0.8667282044398592,0.33569982831842415,2.227132003005665,0.4666666666666667,0.39420911411091686,0.2,0.027809965237543456,0.0,0.0,1.0,0.0011492210634736707,187.96,190.5,2.0,11110.2,Tai Tuivasa
0.2,0.0,0.0,2.0,43.4,89.0,50.8,92.6,0.0,0.2,28.8,69.0,7.8,10.6,8.6,9.0,38.2,84.8,1.8,2.8,0.6,0.8,1.6,444.6,0.44628082138332825,5.099286428893437,0.5021509708466231,5.8921212121212125,0.35554886937234775,3.340079297649391,0.3121621621621622,0.45999999999999996,0.5809090909090908,0.7427272727272726,0.4226165857633298,4.382239555316478,0.2761904761904762,0.10666666666666666,0.15,0.7058823529411765,0.0,0.0,1.0,0.052562801932367155,187.96,198.12,1.0,12891.8,Jairzinho Rozenstruik
0.0,0.0,0.0,1.0,8.0,17.0,15.0,29.0,1.0,1.0,4.0,12.0,2.0,2.0,2.0,3.0,2.0,4.0,0.0,0.0,6.0,13.0,124.0,159.0,0.47058823529411764,3.018867924528302,0.5172413793103449,5.660377358490567,0.3333333333333333,1.509433962264151,1.0,0.7547169811320755,0.6666666666666666,0.7547169811320755,0.5,0.7547169811320755,0.0,0.0,0.46153846153846156,2.2641509433962264,0.37735849056603776,1.0,1.0,0.7421875,165.1,165.1,1.0,10879.0,Stewart Nicoll
0.25,0.75,0.25,1.5,6.5,13.5,11.75,20.75,0.25,1.0,3.75,9.25,1.25,1.25,1.75,2.75,4.5,8.0,1.0,1.25,1.0,2.5,82.5,346.75,0.6262426900584794,2.4959703643125573,0.6698924731182796,2.9477247502774695,0.4298245614035087,1.3487051424343321,0.5,0.12435897435897436,0.53125,0.6076923076923078,0.5972789115646259,2.248403483309144,0.2,0.06666666666666667,0.1,0.06666666666666667,0.016666666666666666,0.0625,0.5,0.12810595065312047,162.56,165.1,1.0,10098.75,Jesus Aguilar
0.0,0.0,0.0,2.8,39.8,78.8,68.6,110.8,3.8,10.0,31.0,67.4,5.6,8.0,3.2,3.4,30.4,65.6,3.0,3.6,6.4,9.6,269.4,804.6,0.510566231660623,2.893900709219858,0.5823065072797559,4.828936170212765,0.4574236974520189,2.2320567375886524,0.6633333333333333,0.4034042553191489,0.75,0.25843971631205676,0.47505675211928605,2.2221276595744683,0.9099999999999999,0.2150354609929078,0.5433333333333333,0.45673758865248226,0.2943662203236671,0.32456140350877194,1.0,0.3213853427895982,177.8,177.8,2.0,11965.6,Mateusz Gamrot
0.4,0.4,0.0,2.0,42.0,93.0,56.8,111.4,0.0,0.4,25.6,67.6,12.2,16.4,7.0,9.0,34.2,79.2,4.6,6.6,5.6,6.4,81.0,528.8,0.42855745495339403,4.5997696691408665,0.5347328288328048,6.77697315530987,0.30172406430976045,2.6946612278863804,0.46875,0.9390476190476191,0.7,0.966060822206867,0.4019201314478046,3.876546225917423,0.25591397849462366,0.30666666666666664,0.5222222222222223,0.4165567765567765,0.0,0.0,-0.1,0.10844200244200244,182.88,190.5,3.0,12013.2,Dan Hooker
0.4,0.0,0.0,1.8,36.2,86.0,36.8,87.2,0.4,0.6,11.4,50.2,8.4,13.6,14.2,18.4,34.0,82.6,1.2,1.6,0.6,1.2,11.4,496.2,0.382648914924777,3.848693634860684,0.3911271660362569,4.035808967373476,0.20218183688710734,1.1966850634942152,0.44862745098039214,0.7802115569761822,0.5944584434058118,1.4432295271049598,0.35373312792032,3.51624682509148,0.15,0.1245674740484429,0.3,0.0868055102174055,0.03409457900807382,0.3,1.0,0.020821586114927546,182.88,180.34,1.0,12538.8,Li Jingliang
1.6666666666666667,0.0,0.0,1.6666666666666667,35.666666666666664,64.0,36.0,64.33333333333333,0.0,0.0,17.333333333333332,37.666666666666664,7.666666666666667,13.0,10.666666666666666,13.333333333333334,35.666666666666664,64.0,0.0,0.0,0.0,0.0,0.0,457.3333333333333,0.5284391534391534,4.437615725802088,0.530658838878017,4.4744481383251085,0.3389097744360902,2.082545529480551,0.47521367521367525,0.9786294390173578,0.8311688311688311,1.3764407573041793,0.5210695389266818,4.437615725802088,0.0,0.0,0.0,0.0,0.0,0.0,1.0,0.0,185.42,198.12,3.0,11236.666666666666,Carlos Prates
0.0,0.2,0.0,2.6,72.4,163.8,107.4,200.2,0.6,3.0,51.4,136.2,13.0,17.2,9.8,10.6,56.2,142.0,4.2,5.6,5.6,7.2,100.4,733.0,0.4846669200149799,6.54049268543306,0.5276244179668945,8.74920634920635,0.4274043492265033,4.777167153324946,0.7666015037593985,0.9503431491847166,0.9238095238095237,0.8700922095129933,0.4236482574402462,4.773059679294773,0.7695238095238095,0.33104459046537404,0.3423076923076923,0.6126686217008798,0.061328790459965934,0.075,0.8,0.1578623437260575,167.64000000000001,175.26,1.0,9270.8,Casey O'Neill
0.0,0.75,0.0,2.0,40.0,78.25,54.0,95.25,1.0,2.5,23.0,55.75,12.0,16.5,4.75,5.5,36.5,70.25,3.25,7.25,0.0,0.0,193.5,557.0,0.5080739492466296,3.8846756152125277,0.6018096122780531,5.785507246376811,0.4277802212448354,2.472287844517048,0.5367139959432048,1.0333333333333332,0.6964285714285714,0.4702865761689291,0.5161896823780923,3.3282608695652174,0.2303921568627451,0.48333333333333334,0.0,0.0,0.12246376811594203,0.425,1.0,0.37017263427109975,167.64000000000001,170.18,1.0,8840.25,Luana Santos
0.0,0.5,0.5,2.0,18.5,36.5,38.0,62.0,3.0,4.0,10.0,27.0,3.0,4.0,5.5,6.0,13.0,28.0,1.0,2.5,4.5,5.0,336.5,598.0,0.6015318146111548,1.5054054054054054,0.6772277227722773,3.8936936936936934,0.515,0.7346846846846846,0.375,0.2,0.9444444444444444,0.5707207207207208,0.5333076626877167,1.0707207207207208,0.2,0.06666666666666667,0.9444444444444444,0.36801801801801803,0.33333333333333337,0.7333333333333334,1.0,0.5582163742690058,193.04,198.12,1.0,9676.5,Valter Walker
0.6,0.2,0.0,2.8,49.4,108.8,61.2,121.8,0.0,1.2,31.6,85.6,8.8,11.8,9.0,11.4,43.6,100.4,2.6,4.0,3.2,4.4,51.0,804.4,0.4373439390317454,3.534976303317536,0.48904860451201915,4.321642969984202,0.3322910766209735,2.1519747235387046,0.731068376068376,0.6319747235387047,0.7553846153846153,0.7510268562401263,0.4156796707592504,3.1332069510268563,0.65,0.188436018957346,0.28214285714285714,0.21333333333333332,0.0,0.0,0.5,0.06019062664560295,177.8,185.42000000000002,1.0,10663.6,Josh Culibao
0.2,0.4,0.0,1.8,21.8,76.4,26.0,81.6,1.0,1.4,14.8,61.8,3.6,7.0,3.0,7.2,20.6,74.0,0.6,0.6,0.2,0.4,91.0,439.8,0.29424865796698574,2.7166293810589113,0.3384530516404274,3.506666666666667,0.23169452031344612,1.867185877466251,0.4143540669856459,0.4688888888888889,0.36666666666666664,0.27555555555555555,0.2689074200888025,2.466666666666667,0.4,0.04,0.1,0.08888888888888888,0.19866151866151868,0.4666666666666666,1.0,0.30991666666666673,175.26,182.88,1.0,10151.2,Ricardo Ramos
0.5,0.0,0.0,2.75,63.75,109.0,81.5,131.5,1.25,1.75,32.75,69.75,16.25,20.0,14.75,18.0,50.0,89.75,6.75,8.75,6.75,10.5,136.5,736.75,0.5861928104575164,5.272279744674535,0.619409318751424,6.644437022192533,0.4628043990573449,2.682813775699547,0.8183760683760684,1.3546704520151414,0.8050115207373272,1.2347955169598457,0.5625,4.184511615824241,0.53125,0.5470273881095524,0.5354090354090354,0.5407407407407407,0.08333333333333333,0.45,0.75,0.17094528563299438,170.18,172.72,3.0,10916.0,Jack Jenkins
0.0,0.6,0.0,2.0,12.8,36.0,25.2,50.0,1.4,4.4,7.2,27.0,3.8,6.4,1.8,2.6,8.8,30.8,1.8,2.4,2.2,3.2,83.8,427.0,0.44640542668524014,2.1236710702090926,0.5655112307934089,3.859494119328418,0.4160655737704918,1.3612396791624928,0.5866666666666667,0.58115439729127,0.45,0.18127699375532996,0.39800425275963436,1.4963891569967622,0.65,0.22130051778358834,0.51,0.40879866424314154,0.20869701082914932,0.49444444444444446,0.9,0.2370980691196695,175.26,185.42000000000002,1.0,12566.2,Herbert Burns
0.4,1.2,0.0,3.2,81.4,156.8,101.2,179.6,2.8,5.8,57.6,126.4,10.8,15.2,15.4,19.0,57.4,123.6,8.2,11.2,9.8,12.8,164.4,721.0,0.5284875211405602,6.516395291605962,0.5458069773317737,7.710036003220675,0.4602519761819601,4.51911241399794,0.741959541959542,0.8522792447984322,0.8093338484819214,1.1450036328095887,0.47695572409121967,4.543422276829833,0.7504545454545454,0.7333387433019685,0.6669117647058823,1.1667808311392154,0.21805523547468839,0.6979797979797979,0.6666666666666667,0.1976450622383336,185.42,193.04,3.0,10820.2,Dricus Du Plessis
0.2,0.0,0.2,4.2,84.6,184.4,100.8,206.8,0.2,1.0,40.8,129.6,22.4,30.0,17.2,21.4,76.4,174.2,1.8,2.8,1.6,2.4,81.2,832.2,0.45739826758022223,4.379376592882632,0.4858805555163598,5.141017112952671,0.31629038159039746,2.0896793687200823,0.7352131998516871,1.2812995803772886,0.7971829752634707,1.008397643785261,0.45326250183884076,4.206562710312757,0.45,0.08618589213191612,0.52,0.08662799043795906,0.009084027252081756,0.05,0.2,0.06233131556100206,193.04,200.66,3.0,12357.8,Israel Adesanya
0.5,0.0,0.0,2.5,39.5,68.0,47.0,76.0,0.0,0.0,23.5,51.5,3.5,3.5,12.0,13.0,37.0,63.0,2.5,5.0,0.0,0.0,16.0,666.0,0.5894380700205943,3.355555555555555,0.6388369678089304,4.252777777777778,0.48119047619047617,2.1083333333333334,1.0,0.37777777777777777,0.98,0.8694444444444445,0.6034552434835321,3.0444444444444443,0.5,0.3111111111111111,0.0,0.0,0.0,0.0,0.5,0.037037037037037035,193.04,200.66,1.0,12049.5,Jhonata Diniz
0.25,0.25,0.0,3.0,44.25,92.0,94.25,163.75,3.25,9.25,33.0,79.5,4.75,5.5,6.5,7.0,32.75,74.25,1.75,3.0,9.75,14.75,360.0,900.0,0.5200976595479139,2.9499999999999997,0.5666272154982888,6.283333333333333,0.4577582510865186,2.2,0.825,0.31666666666666665,0.9375,0.4333333333333333,0.5110924005255973,2.183333333333333,0.4541666666666666,0.11666666666666667,0.7060359231411864,0.6499999999999999,0.2816602316602317,0.4246794871794872,1.0,0.4327777777777778,190.5,200.66,1.0,12356.75,Karl Williams
0.2,0.0,0.0,3.0,71.2,137.4,135.6,206.6,1.0,2.4,45.0,99.2,10.6,13.6,14.0,19.0,53.4,114.0,11.2,14.6,4.4,5.4,212.2,900.0,0.5817332162862787,5.293333333333333,0.6823673428912442,9.68,0.4961351390031427,3.3552215799614644,0.7662518037518037,0.7066666666666667,0.7286824163627715,1.12,0.5269060282723448,3.8933333333333335,0.6338923395445135,0.7466666666666667,0.5075000000000001,0.29333333333333333,0.06666666666666668,0.4,1.0,0.24044444444444446,165.1,170.18,1.0,10460.4,Karol Rosa
0.0,0.0,0.2,2.6,49.0,99.6,89.4,152.4,0.6,1.0,31.8,79.2,11.8,14.6,5.2,5.6,33.2,76.8,9.8,14.2,2.4,4.4,157.6,766.8,0.45358089389601997,3.387740492170022,0.632666874610106,7.14051282051282,0.357471278366419,2.1627414330218064,0.6463834422657951,0.7866666666666665,0.9482352941176471,0.3846153846153846,0.4054115504604958,2.289230769230769,0.4246472158657514,0.7733333333333332,0.11428571428571428,0.16,0.07794871794871795,0.4,0.2,0.20800000000000002,170.18,167.64000000000001,1.0,11446.8,Pannie Kianzad
0.2,0.0,0.0,3.0,67.6,114.6,75.6,122.2,0.0,0.4,22.2,50.4,5.0,10.4,18.4,23.0,63.6,113.4,0.4,0.8,0.2,0.4,5.4,744.2,0.5941312672544304,4.967735537190082,0.6144284387387835,5.33840220385675,0.44065723279278257,1.952374655647383,0.4454545454545455,0.3173333333333333,0.7765769473945575,1.9200000000000004,0.5815384615384616,4.8811872137186825,0.4,0.026666666666666665,0.1,0.013333333333333332,0.0,0.0,0.8,0.00743067033976125,175.26,170.18,1.0,11830.8,Chris Gutierrez
0.0,0.0,0.0,3.0,16.0,69.0,32.0,87.0,2.0,11.0,6.0,55.0,5.0,8.0,5.0,6.0,15.0,63.0,0.0,0.0,1.0,6.0,245.0,900.0,0.2318840579710145,1.0666666666666667,0.367816091954023,2.1333333333333333,0.10909090909090909,0.4,0.625,0.3333333333333333,0.8333333333333334,0.3333333333333333,0.23809523809523808,1.0,0.0,0.0,0.16666666666666666,0.06666666666666667,0.13333333333333333,0.18181818181818182,1.0,0.2722222222222222,167.64000000000001,177.8,1.0,11985.0,Quang Le
0.0,0.0,0.2,2.4,37.6,85.4,52.6,104.0,1.6,5.0,20.6,63.2,13.0,18.0,4.0,4.2,24.6,65.4,9.2,13.6,2.4,5.2,207.8,664.4,0.48889242170856784,4.570618214656453,0.5365870986075589,6.024593128390597,0.3582358557598365,2.8686732802667967,0.5850806451612903,0.9503315250150692,0.7846153846153847,0.3001326100060277,0.429422133130573,2.389466677149671,0.729656862745098,0.9007123201509553,0.37333333333333335,0.7725490196078433,0.18599742599742602,0.3718681318681319,0.8,0.31667084239676424,180.34,180.34,3.0,12798.2,Damon Jackson
0.0,0.25,1.0,2.75,63.25,110.25,118.0,197.5,2.5,6.75,41.5,81.75,11.25,15.5,10.5,13.0,30.5,67.75,15.5,20.5,9.75,13.5,292.25,799.75,0.5680984267512412,4.72561790247161,0.682679380920587,9.798563794255177,0.4758781613809715,2.954175016700067,0.7498825187969924,0.8973279893119572,0.8784722222222222,0.8741148964595858,0.4446192696192697,2.341382765531062,0.7629095116307392,1.2375083500334,0.8279713114754098,0.9625625640332474,0.19672678690714762,0.543154761904762,0.9017857142857143,0.3770552215542196,170.18,175.26,1.0,11391.25,Chepe Mariscal
0.0,0.2,0.2,1.8,24.2,52.8,45.8,79.4,0.4,1.0,13.6,39.2,7.0,10.4,3.2,3.2,19.0,46.6,0.4,0.8,4.4,4.8,122.8,445.0,0.4069047827350298,3.285059684981924,0.5186274714564189,5.802662451703547,0.2992129492129493,2.0577451154492628,0.590266106442577,0.9089821770511121,0.4,0.21333333333333332,0.33185361100962124,2.177964354102224,0.1,0.026666666666666665,0.5809523809523809,0.5326686217008798,0.06172043010752688,0.25,1.0,0.29797885739991,190.5,198.12,1.0,13582.0,Marcin Tybura
0.0,0.6,0.0,1.4,14.6,29.4,31.6,51.6,2.4,4.4,13.6,27.8,0.4,0.6,0.6,0.8,5.0,14.8,0.0,0.0,9.0,13.0,133.2,294.2,0.5226832955404384,3.3703554287810205,0.5866590272472626,6.851996814276362,0.4848315232525759,3.163367759961291,0.13333333333333333,0.04580152671755726,0.3333333333333333,0.16118614210217264,0.3421008403361344,0.8770443563218754,0.0,0.0,0.41450980392156855,1.6912195963429362,0.3326640926640927,0.65,1.0,0.43672760952615847,190.5,198.12,1.0,10287.0,Serghei Spivac
1.0,0.0,0.0,3.0,72.0,175.0,87.0,190.0,0.0,0.0,49.0,139.0,14.0,22.0,9.0,14.0,66.0,167.0,5.0,7.0,1.0,1.0,70.0,900.0,0.4114285714285714,4.8,0.45789473684210524,5.8,0.35251798561151076,3.2666666666666666,0.6363636363636364,0.9333333333333333,0.6428571428571429,0.6,0.39520958083832336,4.4,0.7142857142857143,0.3333333333333333,1.0,0.06666666666666667,0.0,0.0,1.0,0.07777777777777778,167.64000000000001,165.1,1.0,9004.0,Stephanie Luciano
0.0,0.0,0.0,3.0,38.5,154.0,46.5,167.5,1.0,9.5,20.5,112.5,14.0,29.5,4.0,7.0,28.5,137.0,6.5,10.5,3.5,6.5,101.0,900.0,0.25041127093263593,2.5666666666666664,0.2778730703259005,3.1,0.184,1.3666666666666667,0.4218181818181818,0.9333333333333333,0.5714285714285714,0.26666666666666666,0.20660694288913772,1.9,0.6111111111111112,0.43333333333333335,0.2916666666666667,0.23333333333333334,0.06666666666666667,0.10555555555555556,1.0,0.11222222222222222,162.56,165.1,1.0,12228.5,Talita Alencar
0.0,0.3333333333333333,0.3333333333333333,1.3333333333333333,7.333333333333333,16.0,28.666666666666668,41.666666666666664,0.3333333333333333,3.6666666666666665,4.666666666666667,13.0,1.0,1.3333333333333333,1.3333333333333333,1.3333333333333333,6.666666666666667,14.666666666666666,0.0,0.3333333333333333,0.6666666666666666,0.6666666666666666,86.33333333333333,246.33333333333334,0.42795698924731185,3.86457380008135,0.5604966717869945,6.8250330868930265,0.41111111111111115,3.1456279664110993,0.3333333333333333,0.234375,0.3333333333333333,0.3125,0.34761904761904755,3.6054055719921103,0.0,0.0,0.3333333333333333,0.09638554216867469,0.048192771084337345,0.037037037037037035,1.0,0.20803212851405625,170.18,175.26,1.0,9648.0,Toshiomi Kazama
0.5,0.0,0.0,2.5,23.5,51.5,31.0,59.0,2.0,2.5,19.5,43.5,2.5,5.5,1.5,2.5,14.0,40.5,0.5,0.5,9.0,10.5,224.0,657.5,0.5036437246963563,2.579518072289156,0.5607142857142857,3.4690763052208835,0.4759433962264151,2.195983935742972,0.5178571428571428,0.28353413654618476,0.3,0.1,0.36994485294117646,1.206024096385542,0.5,0.07228915662650602,0.45,1.2316715542521994,0.13333333333333333,0.4,0.5,0.3293975903614458,170.18,170.18,1.0,11746.5,Charalampos Grigoriou
0.2,0.0,0.0,2.6,56.2,89.2,112.4,177.4,0.0,0.0,13.6,38.4,19.0,25.8,14.6,18.0,32.4,59.2,14.2,19.4,3.6,5.0,138.4,775.0,0.5924229257115821,4.473939393939394,0.6801233334730649,8.922424242424242,0.3391682081037404,1.1490909090909092,0.8299297534616683,1.7882828282828285,0.8464814814814815,1.3187878787878788,0.5303252514726695,2.7054545454545456,0.7827802987332199,1.3951515151515153,0.144,0.24,0.0,0.0,-0.4,0.15933333333333333,167.64000000000001,172.72,1.0,12030.2,Yana Santos
0.0,0.0,0.0,2.5,43.5,96.25,73.0,133.25,0.75,1.25,30.5,78.0,11.75,17.0,1.0,1.25,25.5,70.25,7.5,11.75,8.0,12.0,214.5,738.75,0.4503199074854284,4.383333333333333,0.5523342627367811,6.833333333333333,0.3880183518111294,3.027360308285164,0.7195378151260504,0.968627450980392,0.41666666666666663,0.06666666666666667,0.35650230364194824,2.4166666666666665,0.4865196078431372,0.6166666666666667,0.3492063492063492,0.8325024437927664,0.05,0.3333333333333333,0.5,0.3261601307189542,172.72,172.72,2.0,12009.5,Chelsea Chandler
0.0,1.0,0.8,2.4,25.0,51.4,37.6,68.2,1.6,5.2,12.0,36.0,5.6,7.6,7.4,8.4,22.8,48.0,1.0,1.8,1.2,1.6,212.8,668.4,0.520929115817478,2.5764283711802634,0.6056153429113581,3.4801682085786374,0.4116723158380632,1.1636108774880853,0.7690331890331891,0.491398934679002,0.8582070707070706,0.9214185590131765,0.49719124013241667,2.3500869077656295,0.4,0.06666666666666668,0.3666666666666667,0.15967479674796747,0.17692738996355478,0.39019607843137255,0.9555555555555555,0.32643098775815343,177.8,182.88,3.0,9410.6,Youssef Zalal
0.5,0.25,0.0,2.5,40.25,90.5,46.0,96.75,0.0,1.75,19.25,60.0,11.0,17.0,9.0,13.0,35.25,87.25,1.75,3.0,0.0,0.25,30.0,733.0,0.3775277350630315,2.971264367816092,0.4269487746050246,3.4025862068965513,0.27309146396615785,1.4272988505747126,0.6907894736842104,0.9106321839080459,0.4630952380952381,0.6333333333333333,0.36706655840265223,2.8545977011494252,0.33333333333333337,0.11666666666666667,0.0,0.0,0.0,0.0,0.3125,0.03333333333333333,180.34,185.42000000000002,1.0,10559.75,Jarno Errens
0.5,0.0,0.0,3.0,71.0,142.0,74.0,146.5,0.0,1.0,46.0,112.0,10.0,15.5,10.0,14.5,65.5,136.5,1.0,1.5,3.0,4.0,44.5,789.0,0.49413049413049415,5.770206489675516,0.5010551703346398,5.981120943952802,0.43754313319530713,3.9547206165703277,0.6303418803418803,0.8085545722713865,0.7427536231884058,0.7212389380530974,0.4861224489795919,4.866666666666667,0.75,0.07758112094395281,0.375,0.2654867256637168,0.0,0.0,1.0,0.05180924287118978,187.96,200.66,2.0,10513.5,Danny Barlow
0.0,0.0,0.0,3.0,50.0,92.0,59.0,101.0,0.0,2.0,23.0,59.0,22.0,28.0,5.0,5.0,45.0,87.0,5.0,5.0,0.0,0.0,9.0,900.0,0.5434782608695652,3.3333333333333335,0.5841584158415841,3.933333333333333,0.3898305084745763,1.5333333333333334,0.7857142857142857,1.4666666666666666,1.0,0.3333333333333333,0.5172413793103449,3.0,1.0,0.3333333333333333,0.0,0.0,0.0,0.0,1.0,0.01,185.42,190.5,1.0,12650.0,Nikolay Veretennikov
0.3333333333333333,0.0,0.0,2.3333333333333335,46.0,100.33333333333333,72.33333333333333,131.0,1.3333333333333333,4.666666666666667,31.0,81.33333333333333,14.333333333333334,18.333333333333332,0.6666666666666666,0.6666666666666666,37.333333333333336,88.66666666666667,8.333333333333334,11.333333333333334,0.3333333333333333,0.3333333333333333,100.66666666666667,622.6666666666666,0.40106256630229237,4.764705882352941,0.4664110720547899,6.498039215686274,0.30680175134914983,2.6326797385620915,0.6936507936507937,1.651851851851852,0.6666666666666666,0.044444444444444446,0.3526717557251908,3.6209150326797386,0.504093567251462,0.5555555555555555,0.3333333333333333,0.5882352941176471,0.22110682110682112,0.43333333333333335,1.0,0.16845315904139435,165.1,170.18,1.0,9097.0,Viktoriia Dudakova
0.0,0.0,0.2,3.0,67.6,142.8,107.0,189.4,1.0,3.0,47.6,115.4,11.8,17.2,7.2,8.6,49.2,118.0,7.0,9.4,8.6,12.0,211.8,886.4,0.4945835829396358,4.553525641025641,0.5779830868476381,7.368333333333334,0.44438158717216875,3.2092948717948717,0.6013157894736841,0.7932051282051282,0.6933333333333334,0.551025641025641,0.3938458734690393,3.300961538461538,0.7104761904761905,0.4732051282051282,0.4866666666666667,0.7793589743589744,0.07102564102564102,0.3142857142857143,-0.8,0.2597309941520468,165.1,165.1,1.0,11302.6,Sam Hughes
0.6,0.0,0.0,2.4,42.6,97.0,61.2,118.4,0.4,2.0,22.2,70.8,13.8,17.6,6.6,8.6,35.4,88.0,6.0,7.0,1.2,2.0,130.8,646.8,0.45195825574710946,4.639346049046322,0.5311430932032546,6.511284569824928,0.3403743156068738,2.835839200306605,0.7872759856630824,0.9978871684424068,0.7983333333333333,0.5764101225342231,0.40503770308418785,3.8079200726612172,0.8966666666666667,0.536410122534223,0.4533333333333333,0.2942972909766298,0.026666666666666665,0.13333333333333333,1.0,0.15246940451522023,185.42,195.58,1.0,12630.4,Jai Herbert
0.0,0.0,0.0,3.0,87.66666666666667,209.66666666666666,105.0,220.33333333333334,0.0,2.3333333333333335,44.0,143.33333333333334,16.333333333333332,24.666666666666668,21.0,26.0,78.0,197.0,8.0,11.0,0.0,0.0,37.0,900.0,0.4937727533355612,6.8,0.49657171307656744,7.3999999999999995,0.3709977509711715,3.525369299935774,0.6227186526784626,1.1555555555555557,0.7275132275132276,1.8666666666666665,0.46349206349206346,5.866666666666667,0.6813186813186812,0.5333333333333333,0.0,0.0,0.0,0.0,0.3333333333333333,0.041111111111111105,180.34,187.96,1.0,9798.0,Rolando Bedoya
1.0,0.0,0.0,2.75,54.75,96.75,60.25,103.75,0.5,3.0,37.75,76.0,12.5,17.75,2.75,3.0,39.25,78.25,3.5,4.25,5.25,7.25,79.75,680.0,0.5433235592656853,4.872049877076602,0.557986894994769,5.36639362374469,0.5009564710651667,3.3634741682058307,0.724335407239819,1.1012010776023347,0.5,0.2215339233038348,0.5021171701894935,3.4984109029974677,0.65,0.29569889517946457,0.4590909090909091,0.6760767409815214,0.039958592132505175,0.1,0.95,0.12279349336369647,177.8,180.34,2.0,12379.0,Azamat Murzakanov
0.4,0.2,0.0,1.8,23.0,50.2,30.2,58.2,0.2,0.4,19.4,46.0,1.4,1.8,1.8,2.0,17.6,43.0,3.8,5.4,1.2,1.2,56.4,393.8,0.41756417050534705,3.9662504563709384,0.45385047692488223,4.538298649142023,0.38898553501293226,3.4493464768163564,0.7,0.3813216502373129,0.37777777777777777,0.13558232931726907,0.3725231953754979,3.078466593647317,0.44000000000000006,0.4386929536327127,0.4,0.4490909090909091,0.013333333333333332,0.1,0.8,0.10523585250091275,182.88,193.04,1.0,13166.0,Alonzo Menifield
0.0,0.0,0.0,2.6,45.2,93.6,53.8,104.0,0.2,1.2,22.6,63.4,12.0,18.0,8.0,9.6,41.6,88.2,0.4,0.4,3.2,5.0,4.2,647.0,0.49003448306908315,3.7398333470038616,0.5214212458736501,4.485533457802103,0.3843177944043315,1.9405957462822745,0.5478306878306878,0.8410615676964796,0.883882783882784,0.9509123514330678,0.48192042267722207,3.425910736399694,0.2,0.026845637583892617,0.36547619047619045,0.28707697302027535,0.01119402985074627,0.06666666666666667,0.8,0.004400814718354536,180.34,193.04,1.0,13719.2,Tony Ferguson
0.0,0.6,0.0,2.2,13.0,31.4,36.0,57.2,1.4,2.8,9.8,26.6,2.8,4.4,0.4,0.4,7.8,23.0,1.4,2.4,3.8,6.0,145.2,477.6,0.3717168872317614,1.3289855148686258,0.49597244422623954,2.7090020818267484,0.34021662530257074,1.1020807529638639,0.3395604395604396,0.21090476190476187,0.2,0.016,0.3390607553366174,0.9948471500887516,0.3166666666666667,0.15013836477987424,0.2571428571428571,0.184,0.15744134727061557,0.7333333333333333,1.0,0.24331504028517373,185.42,190.5,2.0,12640.8,Michael Chiesa
0.5,0.0,0.0,3.0,89.5,143.0,115.5,172.5,0.0,0.0,40.0,82.0,24.5,30.5,17.5,21.5,79.0,128.5,10.5,14.5,0.0,0.0,8.5,823.5,0.6391385767790262,6.526506024096386,0.6913171967351533,8.437349397590362,0.5013736263736264,2.8578313253012047,0.7756410256410255,1.9835341365461847,0.9285714285714286,1.4,0.6063394683026584,5.737751004016065,0.730952380952381,0.7887550200803213,0.0,0.0,0.0,0.0,1.0,0.011378848728246318,187.96,185.42000000000002,1.0,11016.0,Shara Magomedov
0.0,0.0,0.0,1.6,32.2,61.4,38.0,69.6,0.8,1.8,19.0,45.0,10.2,12.8,3.0,3.4,24.4,50.4,2.4,3.0,4.4,6.8,59.8,357.4,0.45889825547359797,4.705588525556978,0.47340568352376255,5.583193455216319,0.3287472780864603,2.8328087202478742,0.8952380952380953,1.6197000348796649,0.375,0.23354166666666668,0.42634586447843753,3.3847989608425557,0.49333333333333335,0.3431787491115849,0.3283870967741936,0.7613211039703833,0.08687500000000001,0.2857142857142857,0.4,0.18183449016316594,182.88,187.96,2.0,10552.0,Michal Oleksiejczuk
0.0,0.0,0.0,3.0,34.0,70.66666666666667,58.666666666666664,101.0,1.0,3.3333333333333335,24.333333333333332,58.333333333333336,9.0,11.666666666666666,0.6666666666666666,0.6666666666666666,21.333333333333332,52.666666666666664,8.0,11.0,4.666666666666667,7.0,324.3333333333333,718.6666666666666,0.49914748508098894,3.8083645443196006,0.555672514619883,5.79856429463171,0.43627300331870167,2.721847690387016,0.787280701754386,0.9277777777777777,0.6666666666666666,0.03888888888888889,0.414261796042618,2.51629213483146,0.6830065359477123,0.6808988764044943,0.7000000000000001,0.6111735330836454,0.061111111111111116,0.2698412698412698,1.0,0.4521648720349563,193.04,198.12,1.0,12464.666666666666,Shamil Gaziev
0.4,0.0,0.0,2.8,45.4,109.8,68.0,137.4,0.0,1.0,25.6,78.4,12.2,19.6,6.4,9.8,38.6,100.0,5.4,8.0,0.4,1.0,48.6,819.4,0.41671821263868924,3.2969550637156266,0.49617960986382037,4.836056338028169,0.32922140871311917,1.8580281690140843,0.5954222023187541,0.9365794768611669,0.76,0.5023474178403756,0.39368309411243174,2.8111871227364187,0.6015053763440861,0.43747820254862513,0.1,0.0482897384305835,0.0,0.0,0.6,0.05436038452939862,193.04,200.66,1.0,11623.4,Don'Tale Mayes
0.0,0.0,0.6,2.4,24.4,49.8,54.0,83.2,0.8,2.6,12.2,33.4,3.6,6.2,8.4,10.2,18.8,44.0,0.6,0.6,4.8,5.2,214.6,675.6,0.468714809362928,1.9385964912280702,0.5638180207614563,4.041666666666666,0.3406604506604507,0.9539393939393939,0.4842424242424242,0.2633333333333333,0.7103678929765886,0.6766666666666666,0.39474627494119285,1.5222727272727274,0.6,0.05166666666666666,0.5733333333333334,0.32,0.05333333333333333,0.16,0.4,0.264203216374269,187.96,200.66,1.0,10324.0,Sedriques Dumas
0.4,0.0,0.0,1.8,27.8,66.2,53.4,106.8,0.6,1.2,17.6,52.0,8.4,12.0,1.8,2.2,22.4,59.0,4.2,4.4,1.2,2.8,41.2,480.8,0.3793461162230299,3.0895407121685636,0.4856185942122728,5.492098853867378,0.2955418808744872,2.040841052891397,0.5634920634920635,0.8820464102834924,0.4666666666666667,0.1666532489936745,0.35849528842458933,2.552091986847498,0.5599999999999999,0.41582710369944414,0.09230769230769231,0.12162162162162163,0.04,0.12,0.48,0.0525990990990991,185.42,195.58,1.0,12857.4,Denis Tiuliulin
0.0,0.5,0.0,2.0,23.5,55.0,25.5,57.0,0.5,0.5,15.0,42.5,7.0,11.0,1.5,1.5,22.5,54.0,1.0,1.0,0.0,0.0,12.0,592.5,0.35438530734632684,1.8543859649122807,0.3852875344352617,2.3333333333333335,0.26666666666666666,1.143859649122807,0.3333333333333333,0.4666666666666667,1.0,0.243859649122807,0.3388888888888889,1.787719298245614,0.5,0.06666666666666667,0.0,0.0,0.03333333333333333,0.5,1.0,0.013333333333333334,175.26,185.42000000000002,3.0,10886.5,Mohammad Yahya
0.5,0.0,0.0,2.0,30.0,52.5,52.0,77.5,0.5,0.5,13.5,32.0,7.0,11.0,9.5,9.5,25.0,43.5,1.0,2.0,4.0,7.0,48.0,592.5,0.5674603174603174,4.66140350877193,0.6577812284334024,6.128070175438596,0.38863636363636367,2.410526315789474,0.641025641025641,0.8982456140350876,1.0,1.2333333333333334,0.5722341568206231,3.7526315789473683,0.25,0.06666666666666667,0.2857142857142857,0.8421052631578947,0.03333333333333333,0.5,1.0,0.06412280701754386,175.26,185.42000000000002,1.0,10595.5,Kaue Fernandes
0.6,0.2,0.0,4.0,73.0,176.6,86.6,193.0,0.0,0.4,37.8,128.6,12.8,24.0,19.2,23.4,65.6,165.0,4.6,6.0,0.4,1.2,5.4,900.0,0.42672125738439187,4.45521568627451,0.445974806242308,4.7983593699775,0.3084878507819549,2.6103477981356478,0.558399761158382,0.686433944069431,0.834377468060395,1.1584339440694311,0.4134301775133088,3.762331136509313,0.7833333333333333,0.24985920925747349,0.1,0.02314368370298939,0.0,0.0,1.0,0.004906418086360227,172.72,177.8,3.0,11224.0,Marlon Vera
0.8,0.8,0.0,3.2,41.6,79.0,50.4,88.2,2.0,7.2,22.0,54.2,10.2,13.0,8.2,9.6,35.6,70.4,2.8,3.8,3.2,4.8,157.6,828.4,0.5486109678370295,2.4291562115621157,0.601949143241278,3.038277982779827,0.4299093547548115,1.3325953259532597,0.8072649572649573,0.5962804428044282,0.8805613305613307,0.5002804428044281,0.5187912087912088,2.0171217712177123,0.5476190476190477,0.17761377613776136,0.6714285714285715,0.23442066420664207,0.13147355473554734,0.3192207792207792,0.9818181818181818,0.19557671176711766,165.1,172.72,1.0,13009.8,Deiveson Figueiredo
0.2,0.4,0.8,3.6,61.6,146.4,98.6,190.6,1.6,6.4,47.0,130.6,7.8,10.0,4.2,5.0,47.2,122.8,6.0,8.6,8.0,11.4,329.4,819.0,0.4354733526363675,3.923878787878788,0.5697106650081872,7.020121212121213,0.40325633336881267,3.206545454545455,0.6338461538461538,0.43612121212121213,0.7333333333333333,0.2812121212121212,0.38018497782124333,3.072727272727273,0.4884415584415584,0.30448484848484847,0.4704545454545455,0.5466666666666666,0.08,0.2496969696969697,0.8666666666666668,0.29680000000000006,162.56,165.1,1.0,11145.6,Mackenzie Dern
0.2,1.4,0.4,2.8,64.4,142.8,78.4,157.8,1.6,2.4,43.8,116.0,11.6,15.6,5.2,5.4,54.6,129.6,8.2,10.0,1.2,1.6,123.6,823.6,0.5032695488617117,4.886486486486487,0.5230776201665803,5.603809523809524,0.44094276669780574,3.6093785941184784,0.7875013621009044,0.8126640926640926,0.9714285714285715,0.36633204633204636,0.46990079804669643,3.987490347490348,0.8477489177489177,0.5761647361647362,0.45,0.1094980694980695,0.13266409266409268,0.39999999999999997,0.4666666666666667,0.1993263888888889,162.56,165.1,1.0,11058.0,Loopy Godinez
0.0,0.2,0.2,4.8,79.0,181.4,121.2,226.4,2.0,7.4,50.4,143.6,15.4,22.2,16.4,19.2,67.4,164.8,1.6,2.6,9.2,13.2,250.0,900.0,0.4223288693460413,4.156000000000001,0.4940843378860236,5.868,0.33293984634001006,2.6839999999999997,0.7218685300207038,0.682,0.9359481915933529,0.79,0.3778209645463944,3.697333333333334,0.4,0.074,0.43888888888888894,0.374,0.098,0.2976190476190476,1.0,0.2476041666666667,180.34,177.8,3.0,11282.0,Cory Sandhagen
0.2,0.2,0.0,2.6,58.8,92.4,90.6,131.4,2.6,5.0,40.2,68.8,10.6,14.2,7.0,8.4,31.4,59.8,1.4,2.0,9.2,13.2,283.8,635.0,0.665331616636349,5.327882783882783,0.7045471569259549,7.4591648351648345,0.5885895676046672,3.4483223443223445,0.6119658119658119,1.1937777777777778,0.8583333333333332,0.5851721611721612,0.5733599733599734,3.308118343195266,0.27999999999999997,0.3236923076923077,0.5136786654960492,1.241408117499199,0.2082051282051282,0.46692307692307694,1.0,0.4062945014780541,172.72,175.26,1.0,9965.4,Umar Nurmagomedov
0.25,0.0,0.0,3.0,57.5,126.0,77.25,153.0,0.75,3.75,25.75,84.75,19.0,27.5,11.5,13.0,42.0,106.5,11.0,13.75,3.25,5.25,107.0,874.25,0.4524984302077619,4.016415725637808,0.5037771694819333,5.363237139272271,0.2938660240718074,1.8222082810539524,0.7152462121212121,1.4103094939355918,0.9143650793650793,0.7838979506482643,0.38394005143040827,2.916311166875784,0.6614583333333334,0.8705144291091593,0.7792207792207793,0.2295901296528649,0.0521539104976997,0.181547619047619,0.0,0.12402237557507319,180.34,182.88,1.0,11255.5,Guram Kutateladze
1.0,0.0,0.0,3.0,34.0,85.0,81.0,139.0,0.0,5.0,23.0,72.0,10.0,12.0,1.0,1.0,24.0,71.0,7.0,9.0,3.0,5.0,272.0,900.0,0.4,2.2666666666666666,0.5827338129496403,5.4,0.3194444444444444,1.5333333333333334,0.8333333333333334,0.6666666666666666,1.0,0.06666666666666667,0.3380281690140845,1.6,0.7777777777777778,0.4666666666666667,0.6,0.2,0.0,0.0,0.8,0.3022222222222222,177.8,185.42000000000002,1.0,10381.0,Jordan Vucenic
0.2,0.8,0.0,1.8,38.4,61.2,51.8,76.2,0.0,0.4,24.0,45.4,10.0,11.6,4.4,4.4,30.2,50.8,6.0,8.4,1.4,1.6,27.8,432.0,0.6406330515884581,4.448957036407872,0.7040307341934948,6.677006131532106,0.4940200404486119,2.8684288582460913,0.7060439560439561,1.0649120944358628,0.8,0.8023293763945654,0.597063399130144,3.4770111908810093,0.4988505747126436,0.7420106699923785,0.55,0.21660184220115072,0.0,0.0,0.2,0.04509863733088652,190.5,195.58,1.0,10749.0,Joel Alvarez
0.4,0.0,0.4,2.6,48.6,102.0,63.0,118.2,1.0,4.2,23.8,68.2,10.8,16.6,14.0,17.0,43.0,93.8,2.2,3.2,3.4,5.0,73.6,730.8,0.4816306452756646,3.997115216354716,0.5244042926261414,5.00536281150319,0.3398834716710789,1.901126579444702,0.6355952380952381,0.8283731646836486,0.8069554599989381,1.267615472226365,0.464970397249809,3.6031043422434648,0.4333333333333333,0.15700543705562525,0.2692307692307693,0.23700543705562524,0.0701129234629862,0.15714285714285714,0.9714285714285715,0.08892876515583126,177.8,182.88,1.0,9546.6,Elves Brener
0.0,0.6666666666666666,0.0,1.0,5.666666666666667,14.333333333333334,7.333333333333333,16.666666666666668,0.6666666666666666,0.6666666666666666,4.666666666666667,13.0,0.3333333333333333,0.6666666666666666,0.3333333333333333,1.0,5.333333333333333,14.333333333333334,0.0,0.0,0.0,0.0,32.333333333333336,122.66666666666667,0.3772893772893773,2.4051649928263985,0.40168970814132104,2.8757532281205163,0.3611111111111111,2.020851267336203,0.16666666666666666,0.1176470588235294,0.1111111111111111,0.26666666666666666,0.3772893772893773,2.4051649928263985,0.0,0.0,0.0,0.0,0.25098039215686274,0.6666666666666666,1.0,0.22091503267973855,190.5,198.12,1.0,10086.333333333334,Sam Patterson
0.0,0.0,0.0,1.0,24.0,37.5,27.5,41.5,0.0,0.0,12.0,22.5,4.5,6.0,7.5,9.0,22.5,34.0,1.5,3.5,0.0,0.0,7.5,229.5,0.6117584745762712,5.6366782006920415,0.6350267379679144,6.43598615916955,0.5202702702702703,2.782006920415225,0.375,0.9342560553633218,0.8125,1.815686274509804,0.5975765306122449,4.921568627450981,0.21428571428571427,0.31141868512110726,0.0,0.0,0.0,0.0,0.0,0.04411764705882353,180.34,177.8,3.0,12371.0,Kiefer Crosbie
0.0,0.0,0.0,3.0,57.0,118.0,92.5,165.0,2.0,3.5,48.0,106.0,5.5,8.0,3.5,4.0,37.0,93.5,3.0,3.0,13.0,19.0,417.0,900.0,0.4913153153153153,3.8,0.5342373389271802,6.166666666666666,0.4676724137931034,3.2,0.7181818181818183,0.3666666666666667,0.875,0.23333333333333334,0.42187894073139975,2.466666666666667,1.0,0.2,0.3953488372093023,1.1333333333333333,0.13333333333333333,0.55,1.0,0.4633333333333333,182.88,182.88,1.0,9636.5,Oban Elliott
0.0,2.0,0.6,2.6,44.6,86.0,78.8,126.4,2.4,8.2,27.6,66.4,6.4,8.4,10.6,11.2,29.2,65.8,6.0,8.4,7.6,10.8,260.6,765.4,0.5147917000964009,3.882525697503671,0.6030985023748181,6.202055800293686,0.4009454283991003,2.393421439060206,0.7761616161616163,0.5847870778267253,0.946031746031746,0.90431718061674,0.459409167769156,2.855859030837004,0.5615034965034964,0.4,0.5094573643410854,0.6266666666666667,0.18666666666666668,0.3373737373737374,0.9595959595959596,0.29943808125305926,180.34,180.34,1.0,10081.4,Preston Parsons
0.2,0.2,0.0,1.4,22.2,45.6,28.4,52.4,0.8,2.0,13.8,34.6,7.0,9.2,1.4,1.8,18.8,40.4,1.2,1.6,2.2,3.6,59.2,352.6,0.48159340659340655,4.366848436823771,0.513639240241071,4.998936239076491,0.34323263998707965,2.586375036515773,0.8140350877192981,1.3295734467635614,0.8666666666666666,0.33347148828988554,0.4643027440395861,3.733824179721553,0.5,0.21038250105716375,0.4290909090909091,0.42264175604505444,0.10693422519509477,0.2571428571428571,0.8,0.11316844142031549,162.56,165.1,1.0,12122.2,Molly McCann
0.0,0.0,0.25,2.75,35.75,62.25,57.75,89.75,1.5,2.25,16.5,38.5,13.5,16.75,5.75,7.0,25.5,49.5,8.0,9.25,2.25,3.5,191.0,790.5,0.5857698607698607,2.62034632034632,0.6579434548184548,4.52943722943723,0.45478921378471604,1.2106060606060605,0.7883771929824561,0.9948051948051948,0.7411858974358975,0.41493506493506493,0.5282738095238095,1.842207792207792,0.8547771672771672,0.6281385281385281,0.3611111111111111,0.15,0.1,0.5416666666666666,0.7083333333333334,0.23302669552669553,167.64000000000001,165.1,1.0,11029.0,Bruna Brasil
0.4,0.2,0.2,3.0,78.8,134.8,97.8,155.6,1.6,3.6,46.6,94.2,9.2,14.6,18.6,22.6,65.4,115.2,5.2,7.0,8.2,12.6,169.6,900.0,0.6123900688501184,5.253333333333333,0.6526401041867456,6.519999999999999,0.5286877239290917,3.106666666666667,0.6488400488400489,0.6133333333333333,0.8806935817805381,1.44,0.5878404221234331,4.36,0.454978354978355,0.3466666666666666,0.6661428571428571,0.5466666666666667,0.12,0.4821428571428571,0.975,0.18844444444444444,167.64000000000001,175.26,1.0,10987.2,Nathaniel Wood
0.2,0.8,0.8,2.4,32.2,58.0,67.2,107.0,1.4,4.6,21.0,42.4,3.4,6.0,7.8,9.6,18.0,40.0,1.8,2.4,6.6,8.8,223.4,651.8,0.5312874577748719,3.1965250506248917,0.6515355635355636,6.051857054327618,0.428292902066487,2.0373164230860246,0.6142857142857142,0.35269520849674774,0.8457342657342657,0.8065134190421194,0.4784642024784578,1.8281446688698295,0.8333333333333333,0.1834468173414286,0.514519906323185,0.6793352883675464,0.12878868885557854,0.3878787878787879,0.5818181818181818,0.32874019794373355,170.18,175.26,1.0,13293.2,Daniel Pineda
0.0,0.8,0.0,3.0,25.6,55.8,83.8,120.2,3.6,8.0,14.0,36.4,8.2,12.0,3.4,7.4,17.8,46.2,1.2,1.2,6.6,8.4,382.8,864.2,0.4950704986070839,1.7524026114719125,0.6606975867269985,5.917879154440055,0.38411588411588415,0.9588186984691447,0.7031818181818181,0.5602565914110554,0.4814285714285715,0.23435621638721926,0.4107394963486918,1.2164389693903042,0.6,0.08199233716475096,0.79,0.4539713049168574,0.26416376065203834,0.4764285714285714,0.9666666666666668,0.47087716634284044,170.18,177.8,1.0,8812.8,Muhammad Mokaev
1.0,0.4,0.2,2.2,51.0,90.0,58.0,98.2,0.2,0.4,34.4,68.0,10.8,14.6,5.8,7.4,44.6,78.6,2.2,2.8,5.2,8.6,22.2,645.2,0.5815903974321823,5.245574959343987,0.6037328201119104,6.109483568075117,0.5303541669416182,3.7294932210082927,0.6966300366300366,0.9591075932177086,0.6966666666666667,0.7534272300469483,0.5570454884414616,4.176174681223435,0.3333333333333333,0.14666666666666667,0.38666666666666666,0.43342723004694833,0.013333333333333332,0.2,0.0,0.02744334510275611,165.1,172.72,2.0,10620.8,Manel Kape
0.2,0.6,0.6,5.0,68.2,109.4,84.8,123.6,1.8,3.2,31.0,63.8,16.2,21.8,16.8,18.6,58.2,99.0,5.2,6.2,3.6,4.2,198.4,900.0,0.6433885182439668,2.8650637119113576,0.6882220121202066,3.41185595567867,0.49127960716236946,1.2462049861495845,0.7612820512820513,0.726825484764543,0.9646792452830188,0.89203324099723,0.6004807352350424,2.5090304709141273,0.6683982683982683,0.21017174515235454,0.725,0.14586149584487534,0.07231024930747923,0.5333333333333333,0.8,0.13317156048014772,187.96,187.96,2.0,11511.2,Leon Edwards
0.0,0.2,0.0,4.0,74.2,162.2,121.6,240.6,2.4,6.0,60.0,142.2,11.2,16.2,1.6,2.2,57.8,138.4,1.0,2.6,5.2,6.8,272.2,837.4,0.48176255521619754,4.488767745599091,0.5373106938831842,7.515434412265759,0.4476461861485239,3.6710141964792733,0.7927466628365216,0.6862055650198751,0.6428571428571429,0.13154798409994323,0.39686474515409664,3.452203904692592,0.38666666666666666,0.05777626348665531,0.530952380952381,0.5486686217008797,0.192,0.39401709401709406,0.9692307692307693,0.2818643274853801,180.34,182.88,1.0,12591.6,Belal Muhammad
0.0,0.2,0.0,2.6,34.0,73.0,41.8,82.8,0.4,0.4,23.6,61.2,6.4,7.4,4.0,4.4,28.8,65.2,3.8,6.2,1.4,1.6,93.6,681.0,0.4693483380797997,2.819944903581267,0.5050117830206833,3.4318457300275482,0.3850649350649351,1.9628650137741048,0.7068376068376068,0.4793939393939394,0.9349999999999999,0.3776859504132231,0.44957005892339963,2.443581267217631,0.5396825396825398,0.2721212121212121,0.37142857142857144,0.10424242424242425,0.030303030303030304,0.2,0.2,0.11403030303030304,190.5,198.12,3.0,10672.8,Modestas Bukauskas
0.0,0.0,0.0,3.0,75.2,135.4,111.8,178.4,0.2,0.6,21.6,65.2,20.6,31.0,17.6,20.2,60.6,115.4,13.0,17.2,0.2,0.2,36.8,862.8,0.5688156800566873,5.2501924353019245,0.6443570123953031,8.057500552975005,0.3213414516195806,1.5061756248617564,0.6933404634581104,1.6443471208434715,0.8882834193918532,1.327750497677505,0.5324093151509902,4.19732802477328,0.6246320346320346,1.0395310771953108,0.2,0.013333333333333332,0.013333333333333332,0.2,-0.2,0.04154117820541178,190.5,187.96,1.0,12781.2,Marcin Prachnio
0.4,0.2,0.0,1.8,48.0,101.2,62.8,108.8,0.4,0.4,30.2,76.2,11.4,15.4,9.0,11.4,41.0,89.6,1.8,2.2,7.4,10.0,60.0,446.6,0.6283961866831722,7.252269257576211,0.6301427894792432,8.515819924472888,0.49357347758380465,4.428895218810175,0.5676958525345622,1.157827668712624,0.6661111111111111,1.1482774049217004,0.5389033990923405,5.00225998931254,0.475,0.17776206928504296,0.4487012987012987,0.9345478163317523,0.07273927392739274,0.4,1.0,0.1241945580841393,177.8,180.34,1.0,13611.0,King Green
0.2,1.4,0.0,2.0,37.8,75.8,54.8,97.8,0.6,2.0,23.4,58.4,5.6,7.4,9.2,10.0,26.8,57.4,3.2,5.0,5.2,7.4,129.6,539.4,0.520031581321904,3.327422923932512,0.6023780540822538,4.979924928115129,0.4014119317534681,1.9487350023358196,0.4154411764705882,0.39816881258941345,0.9238095238095237,0.980323543308845,0.4582393185983708,2.2830553100477506,0.2844444444444444,0.31267525035765376,0.6678571428571429,0.687159066565971,0.09148615301959755,0.35,0.8,0.2171456249622563,177.8,185.42000000000002,1.0,10315.0,Paddy Pimblett
0.25,0.0,0.25,2.5,60.0,114.0,68.25,125.0,0.75,2.5,34.0,85.0,5.5,7.0,13.25,16.0,55.75,109.0,2.5,3.25,1.25,1.75,96.25,725.75,0.5351949241234956,5.820114239086087,0.5616503082004642,6.495648604269293,0.43153467695176445,3.605763239875389,0.6166666666666667,0.3666666666666667,0.9594594594594594,1.402791461412151,0.5229276110119606,5.058481262327416,0.8375,0.3383415435139573,0.35416666666666663,0.255008210180624,0.05,0.075,1.0,0.10885194307608101,193.04,200.66,1.0,10338.75,Mick Parkin
0.0,0.0,0.2,2.2,44.0,86.6,69.2,116.8,0.0,0.2,21.6,64.8,10.2,12.8,10.8,12.0,39.2,79.8,2.6,4.0,0.0,0.2,14.4,616.8,0.5547742964622759,5.040229340736104,0.6082991404730536,6.638087617596095,0.3427106227106227,2.042324615119433,0.8560613810741687,1.056234929102142,0.9303030303030303,1.2133333333333334,0.5429442676520726,4.470442805432327,0.5399999999999999,0.35645320197044333,0.0,0.0,0.0,0.0,-0.6,0.016,193.04,198.12,1.0,11425.8,Lukasz Brzeski
0.6,0.2,0.0,1.0,13.8,20.0,15.0,21.6,0.4,0.4,10.0,16.0,1.4,1.6,2.6,2.6,7.4,12.0,0.2,0.2,6.2,7.6,26.8,100.6,0.6881000951992384,8.75218278253774,0.6946700083542188,10.356116736152472,0.5202088554720133,4.9999458214817825,0.6,0.8310502283105023,0.6,1.1199999999999999,0.6029408686551544,5.354742902521343,0.2,0.05333333333333333,0.6818181818181819,2.397101949284113,0.08,0.2,1.0,0.16416239825292833,193.04,198.12,1.0,10984.8,Tom Aspinall
0.2,0.0,0.0,1.4,13.8,33.0,14.4,33.8,0.0,0.2,11.4,30.0,0.6,0.8,1.8,2.2,9.6,27.2,0.0,0.0,4.4,5.8,2.6,195.4,0.4441471861471862,5.510117005004531,0.4442857142857143,6.121168470878518,0.3956827094474153,4.602162616804508,0.5,0.5461291212683924,0.5,0.7547889120075173,0.3383694083694083,4.262252714629591,0.0,0.0,0.29333333333333333,0.7985579089680036,0.0,0.0,1.0,0.02058322066997146,193.04,200.66,1.0,11774.8,Curtis Blaydes
0.0,0.0,0.0,3.0,65.5,156.5,134.5,237.5,0.0,2.0,33.0,101.5,20.5,36.5,12.0,18.0,62.0,151.5,3.5,5.0,0.0,0.0,37.5,900.0,0.41531065088757396,4.366666666666667,0.577630080432771,9.166666666666668,0.3158263305322129,2.1999999999999997,0.5555555555555556,1.3666666666666667,0.6883116883116883,0.8,0.40601421301982804,4.133333333333333,0.7,0.23333333333333334,0.0,0.0,0.0,0.0,1.0,0.041666666666666664,165.1,165.1,3.0,11049.5,Shauna Bannon
0.0,0.0,0.0,3.0,57.0,105.0,80.0,139.0,2.0,4.0,42.0,84.0,10.0,15.0,5.0,6.0,50.0,97.0,3.0,3.0,4.0,5.0,354.0,900.0,0.5428571428571428,3.8,0.5755395683453237,5.333333333333333,0.5,2.8,0.6666666666666666,0.6666666666666666,0.8333333333333334,0.3333333333333333,0.5154639175257731,3.3333333333333335,1.0,0.2,0.8,0.26666666666666666,0.13333333333333333,0.5,1.0,0.3933333333333333,162.56,165.1,1.0,11787.0,Alice Ardelean
0.2,0.8,0.2,2.4,51.0,111.0,64.4,125.8,0.0,3.0,22.8,77.8,12.8,17.0,13.4,15.4,43.4,101.4,2.0,3.6,4.8,6.0,53.4,645.4,0.44459237858218403,5.669424724602204,0.5022239020667063,7.306666666666667,0.2943146832928269,3.3801864352298296,0.7946969696969697,1.3001092896174864,0.9133333333333333,1.2633879781420767,0.396935826617885,4.276939890710382,0.46904761904761905,0.15895424836601307,0.35833333333333334,1.1985509746420564,0.0,0.0,0.5333333333333334,0.0715591985428051,170.18,177.8,2.0,9907.8,Jake Hadley
0.0,0.0,0.0,3.0,70.66666666666667,178.0,90.0,199.66666666666666,2.0,7.666666666666667,42.666666666666664,138.66666666666666,16.333333333333332,27.333333333333332,10.666666666666666,12.333333333333334,64.33333333333333,168.66666666666666,4.333333333333333,6.0,7.0,9.666666666666666,258.3333333333333,900.0,0.41688843577191886,5.355555555555555,0.4336237973766813,6.355555555555555,0.3394074266874892,3.4364804110468854,0.5953023488255872,1.0888888888888888,0.8495370370370371,0.7111111111111111,0.39263223854796886,4.555555555555556,0.6333333333333333,0.2888888888888889,0.8933333333333334,0.8000000000000002,0.13333333333333333,0.3522727272727273,1.0,0.28703703703703703,167.64000000000001,172.72,1.0,10147.666666666666,Caolan Loughran
0.0,0.2,0.0,2.8,54.6,126.8,56.0,129.2,0.0,0.2,39.2,103.2,10.6,17.0,4.8,7.0,51.2,117.2,2.4,4.2,1.0,1.8,14.0,632.2,0.45209002606017534,5.208333815511294,0.4564128293236413,5.7709090909090905,0.403942039715376,3.780125743415463,0.4671212121212121,0.6619220779220779,0.7478571428571429,0.7148051948051948,0.4515125448028674,4.506733061809984,0.21666666666666665,0.3552941176470588,0.24,0.09229437229437229,0.0,0.0,1.0,0.023816110686698918,172.72,177.8,2.0,10712.8,Arnold Allen
0.6,0.4,0.2,3.0,54.6,121.6,63.0,128.8,0.0,0.0,30.8,88.0,15.2,24.0,8.6,9.8,50.2,115.4,0.2,1.0,1.8,2.2,11.0,694.4,0.47033970206451653,5.32948533066281,0.47868770307095687,5.897562770562772,0.3826241039192847,3.3650196828094026,0.6262846695452601,1.3230129870129872,0.9088888888888889,0.7614004329004329,0.46221862914742406,4.67721212121212,0.06666666666666667,0.008,0.34285714285714286,0.7740641711229947,0.0,0.0,0.6,0.028720743145743143,182.88,187.96,1.0,12418.6,Giga Chikadze
0.2,0.0,0.0,2.2,45.4,72.6,61.0,92.0,0.2,1.4,24.4,47.0,6.6,9.4,13.0,14.6,33.2,57.8,7.0,8.2,5.2,6.6,127.6,578.6,0.6340970878729254,5.3911013681456055,0.6815823061632168,7.253166998316241,0.49293709874355035,2.85990094246791,0.7777777777777778,0.8147143075812906,0.924705882352941,1.5699290780141844,0.5912780250052977,3.807952592333428,0.6982352941176471,0.872892130064945,0.4829629629629629,0.710256645747232,0.028776978417266185,0.1,0.9333333333333333,0.2744635003243606,187.96,200.66,3.0,10335.6,Christian Leroy Duncan
0.2,0.0,0.0,2.0,38.0,68.0,48.8,81.4,1.6,4.4,28.8,57.0,7.0,8.0,2.2,2.8,27.2,52.0,7.6,10.0,3.2,6.2,157.0,459.6,0.5851435628280333,4.967707154476581,0.6171231202508104,6.042869917597511,0.5309963452674451,3.743501963745159,0.8901587301587301,1.0068905567294104,0.2666666666666667,0.2142138588082135,0.5115347810084652,3.3077290889343467,0.6507936507936508,0.7297726015548783,0.4333333333333334,0.7497403477082865,0.2136463993094563,0.29999999999999993,1.0,0.3089792946973853,190.5,190.5,1.0,11500.4,Gregory Rodrigues
0.2,0.0,0.0,2.8,44.8,122.4,66.0,152.2,0.6,3.2,29.0,97.6,15.0,21.4,0.2,0.4,42.4,118.2,1.2,2.2,1.2,2.0,150.4,787.2,0.3336526788330601,3.322978587408118,0.4190315784474962,4.690952380952381,0.27751855440945716,2.17952380952381,0.7848218448218448,1.0623809523809524,0.2,0.013333333333333332,0.30491409979897627,3.041428571428571,0.4666666666666666,0.10238095238095239,0.35333333333333333,0.12476190476190477,0.04,0.1,1.0,0.19118353174603175,187.96,200.66,1.0,12576.2,Mohammed Usman
0.0,0.0,0.0,3.0,67.0,112.0,107.0,158.5,1.5,5.5,42.0,83.5,20.0,25.0,3.5,3.5,63.0,107.5,3.5,4.0,0.5,0.5,114.0,900.0,0.6125716211661612,4.466666666666667,0.6778654551251395,7.133333333333333,0.5078632478632479,2.8,0.8474264705882353,1.4333333333333333,1.0,0.23333333333333334,0.6019900497512438,4.2,0.9,0.23333333333333334,0.5,0.03333333333333333,0.1,0.2833333333333333,1.0,0.12666666666666668,185.42,187.96,2.0,10621.0,Thomas Petersen
0.6,0.0,0.0,2.0,34.0,92.8,49.0,111.4,0.4,0.8,19.0,71.6,5.6,10.4,8.8,10.4,30.0,84.8,2.0,3.8,2.0,4.2,99.6,539.6,0.4124128376270761,4.332116024774548,0.4460828017999502,5.382866187853478,0.3222451181787537,2.761205741723324,0.4155952380952381,0.5686950323131652,0.9110752688172041,1.0022152507380582,0.40099336931034096,3.9664953497286506,0.48,0.19168721124941998,0.3,0.1739334637964775,0.026666666666666665,0.3,1.0,0.11878493083435888,182.88,187.96,1.0,11038.8,SeungWoo Choi
0.2,0.4,0.2,2.4,48.4,104.8,98.6,167.4,0.6,2.0,28.6,79.4,13.2,17.2,6.6,8.2,38.2,90.2,9.0,12.8,1.2,1.4,121.0,658.0,0.4455964933646991,5.421437908496732,0.5851670189335363,9.862222222222222,0.33052358259168324,3.5578359590464315,0.7233333333333334,1.08637429526518,0.7825641025641026,0.7973856209150327,0.406274207731551,4.26718954248366,0.7333333333333333,0.79356383774884,0.7333333333333333,0.1838906351344609,0.04,0.11666666666666665,0.8666666666666668,0.1659214023183489,180.34,177.8,1.0,12942.4,Kurt Holobaugh
0.0,1.0,0.0,2.0,48.5,93.5,61.5,113.0,1.5,1.5,33.5,72.5,13.0,20.0,0.5,0.5,30.5,72.5,9.5,13.5,4.0,4.5,83.5,570.5,0.41428866832092637,3.962517289073306,0.423904052936311,4.829183955739973,0.37416666666666665,2.7802213001383125,0.5523809523809524,1.1489626556016597,0.5,0.03333333333333333,0.3614883984153933,2.7625172890733056,0.42424242424242425,0.8666666666666667,0.4444444444444444,0.26666666666666666,0.1,0.5,0.8333333333333334,0.09277777777777778,182.88,185.42000000000002,1.0,12031.5,Kaynan Kruschewsky
0.0,0.0,0.0,2.3333333333333335,26.0,49.666666666666664,48.333333333333336,78.66666666666667,0.6666666666666666,1.0,18.0,40.333333333333336,7.333333333333333,8.666666666666666,0.6666666666666666,0.6666666666666666,14.333333333333334,33.0,6.0,6.333333333333333,5.666666666666667,10.333333333333334,107.66666666666667,622.6666666666666,0.47871915561260875,2.875213675213675,0.5494687131050767,4.364102564102565,0.4085304659498208,2.0564102564102567,0.9259259259259259,0.7743589743589744,0.3333333333333333,0.044444444444444446,0.43078231292517005,2.0974358974358975,0.625,0.39999999999999997,0.18279569892473116,0.37777777777777777,0.044444444444444446,0.2222222222222222,1.0,0.13866096866096866,177.80000000000004,185.42,1.0,10243.666666666666,JeongYeong Lee
0.5,1.0,0.5,1.5,60.5,103.5,75.5,128.5,0.5,1.5,48.5,87.5,8.0,10.0,4.0,6.0,50.0,86.0,1.5,4.5,9.0,13.0,70.0,250.0,0.6076388888888888,8.466666666666667,0.6142611683848798,11.0,0.5729338842975207,6.242774566473988,0.7450980392156863,1.8952991452991452,0.6666666666666667,1.2805555555555554,0.5823815764838045,6.666666666666667,0.16666666666666666,0.20833333333333331,0.34615384615384615,1.2316715542521994,0.06944444444444445,0.16666666666666666,1.0,0.16203703703703703,175.26,177.8,3.0,12391.5,Hyder Amil
0.4,0.6,0.0,2.0,37.6,75.0,42.8,80.8,0.6,1.6,26.8,61.2,6.2,8.0,4.6,5.8,30.4,64.6,5.4,8.4,1.4,2.0,47.0,521.6,0.5312898214766649,3.848463067410436,0.5517807297000037,4.453044635149899,0.4776890756302521,2.7180695538590274,0.6177717019822283,0.5505899600636444,0.5119047619047619,0.5057684657684658,0.4963023972144101,3.1965525291841077,0.5138888888888888,0.46506671138250083,0.7,0.18684382684382683,0.05966537966537967,0.17333333333333334,0.9199999999999999,0.09420337774723739,177.8,177.8,1.0,10202.0,Dooho Choi
0.4,0.2,0.2,2.2,58.0,121.6,82.0,152.0,0.8,1.6,30.0,84.0,12.2,18.0,13.4,17.8,51.4,113.0,2.0,3.0,2.4,2.6,61.0,591.6,0.4746577194010345,6.349913785091263,0.5638251314740295,8.990308880308879,0.36068996491519484,3.244826254826255,0.6702336182336184,1.3206091806091806,0.7095681511470986,1.5894980694980696,0.45830544214229213,5.564561010714857,0.6333333333333333,0.23633204633204632,0.3,0.35316602316602314,0.08966537966537966,0.5333333333333333,0.8,0.1270840840840841,182.88,185.42000000000002,3.0,12518.4,Bill Algeo
0.2,0.0,0.0,1.4,12.8,28.0,20.0,38.6,1.0,1.8,7.4,19.4,2.6,5.0,2.4,3.4,9.4,23.2,0.6,1.4,2.0,2.8,86.6,340.4,0.46458635617256305,1.9109985427147458,0.4995007031860002,2.9484684684684686,0.3623607427055703,1.0136020055913249,0.20784313725490197,0.21405405405405403,0.6888888888888889,0.6306781174008065,0.40797560403471733,1.5778963560476167,0.12,0.04,0.14285714285714285,0.13333333333333333,0.08,0.15,1.0,0.1285657370363253,167.64000000000001,167.64000000000001,3.0,13273.4,Brian Kelleher
0.2,0.2,0.0,2.4,41.6,112.4,58.6,130.2,0.8,4.0,28.6,93.0,8.6,13.6,5.0,5.6,33.2,100.2,8.8,12.4,0.8,1.6,90.2,706.8,0.41563237705944145,3.975372699415337,0.48039006264290196,5.4290842780065045,0.35998371522049966,2.8337010791436876,0.6155773420479302,0.7223168462015679,0.9012820512820513,0.4279096873648788,0.38488069020436627,2.9746267366006807,0.8274285714285714,0.9068757167296448,0.11428571428571428,0.08053691275167785,0.11346756152125279,0.20857142857142857,0.7428571428571429,0.2092045213705404,177.8,180.34,1.0,11967.0,Cody Gibson
0.2,1.0,0.4,3.0,23.4,48.0,28.8,53.6,0.6,0.8,14.8,37.2,4.8,6.4,3.6,4.4,18.6,41.6,1.0,1.6,3.6,4.8,103.6,690.0,0.450686014809307,2.0200858780307884,0.5205736998027257,2.5425594531390536,0.3850786972105345,1.1718488264378888,0.5838461538461539,0.40238819931642383,0.6964285714285714,0.34084979312826047,0.408147931303669,1.5909508904479224,0.35,0.07637920489296637,0.5454545454545455,0.2520901204518504,0.04501529051987767,0.3,0.0,0.1349897642237323,162.56,165.1,2.0,13204.4,Amanda Lemos
0.2,1.4,0.6,2.8,24.6,74.8,81.6,139.6,2.0,7.4,22.6,68.2,1.8,6.2,0.2,0.4,19.6,68.4,1.4,2.6,3.6,3.8,369.6,837.6,0.34392894200561636,1.7185964912280702,0.6287045600636032,5.581496598639456,0.34834230360540686,1.5208163265306123,0.3571428571428571,0.12,0.2,0.013333333333333332,0.27722988559032796,1.3208163265306123,0.35,0.09333333333333332,0.3875,0.24,0.1404081632653061,0.27015873015873015,0.975,0.4747953216374269,162.56,165.1,1.0,12731.0,Virna Jandiroba
0.25,0.0,0.0,2.75,35.0,78.75,60.0,110.75,2.0,4.0,30.0,69.5,4.25,7.75,0.75,1.5,24.25,63.5,1.0,1.25,9.75,14.0,160.5,726.25,0.4360363783756397,2.8930534155110426,0.5094969983297316,4.675744735490499,0.4221474358974359,2.472360987213797,0.6208333333333333,0.37069242829724547,0.5,0.05,0.37626763668430335,2.041024653312789,0.625,0.0795582948125321,0.5951724137931035,0.7724704673857216,0.19244992295839752,0.330952380952381,0.6,0.18932450058119105,180.34,175.26,1.0,12101.0,Loik Radzhabov
0.0,0.8,0.2,3.0,42.6,96.0,98.4,170.6,1.8,4.6,18.4,64.6,9.8,13.2,10.6,14.8,40.0,93.4,1.0,1.0,1.6,1.6,214.4,900.0,0.460887406453481,2.84,0.6025102203891018,7.0,0.3077198772212733,1.2266666666666668,0.7996463306808134,0.6533333333333333,0.7352094282529065,0.8,0.4393141512382098,2.666666666666667,0.6,0.06666666666666667,0.6,0.10666666666666666,0.12,0.38222222222222224,1.0,0.2870175438596491,180.34,182.88,1.0,12249.8,Trey Ogden
0.0,0.0,0.0,3.0,72.6,144.2,112.6,192.4,0.6,1.4,37.0,97.8,19.4,28.8,12.2,15.0,50.0,112.2,15.2,19.8,6.4,10.2,156.4,860.8,0.5013587569245425,5.099877395408206,0.5850709672149205,7.790734451890295,0.37000537553755375,2.563105087250802,0.7327106227106228,1.4551270553064275,0.8572657450076806,0.8721321442367443,0.43339668151035476,3.502149779143783,0.7990061919504645,1.1680714129759326,0.22964352720450282,0.42965620328849025,0.040239162929745886,0.2,0.0666666666666667,0.17601376642425667,167.64000000000001,175.26,1.0,10982.6,Luana Carolina
0.0,0.4,0.0,2.8,34.0,95.6,55.0,122.2,1.2,2.8,23.2,79.0,8.6,12.0,2.2,4.6,18.4,74.4,8.0,10.2,7.2,11.0,225.0,828.8,0.38712426531975397,2.6069607843137255,0.478371374862094,4.111666666666666,0.330682716652553,1.799705882352941,0.7266340422862162,0.6169607843137255,0.49111111111111116,0.19029411764705884,0.25324743365817487,1.3488235294117648,0.8057142857142857,0.568235294117647,0.4317460317460317,0.6899019607843138,0.09745098039215686,0.29047619047619044,0.8,0.292609477124183,172.72,170.18,1.0,10386.0,Lucie Pudilova
0.0,0.4,0.0,3.0,51.6,102.0,105.2,174.4,2.6,6.6,27.2,72.0,12.4,16.4,11.8,13.6,38.6,86.8,4.0,4.4,9.0,10.8,353.4,866.2,0.5222963773913288,3.550971272229822,0.6317429615301956,7.696999544003648,0.3913621819118859,1.8842316461468307,0.7852222222222223,0.8513269493844049,0.866984126984127,0.8154126766985865,0.45216842065979995,2.6226538987688097,0.95,0.2728317373461012,0.46711111111111114,0.655485636114911,0.18258093935248518,0.3466666666666667,0.95,0.4201012311901505,162.56,165.1,2.0,9573.0,Miranda Maverick
0.0,1.0,0.5,3.0,30.0,61.5,67.0,104.5,1.5,6.5,20.0,48.0,7.5,10.5,2.5,3.0,26.0,57.5,2.0,2.0,2.0,2.0,140.0,900.0,0.4765709642470206,2.0,0.6272770398481974,4.466666666666667,0.41641337386018235,1.3333333333333333,0.5367647058823529,0.5,0.9,0.16666666666666666,0.44384615384615383,1.7333333333333334,1.0,0.13333333333333333,0.5,0.13333333333333333,0.1,0.34090909090909094,0.5,0.15555555555555556,167.64000000000001,167.64000000000001,1.0,11722.5,Dione Barbosa
0.5,0.5,0.75,2.75,59.5,120.75,68.75,131.0,0.5,2.5,28.75,84.0,19.25,24.5,8.5,9.25,51.25,110.0,3.5,5.0,3.25,5.75,81.75,711.0,0.4896303131850135,5.3583296014330495,0.5294886025083928,6.395282878041499,0.3233269524277621,2.4325197790715034,0.8267327161777962,1.488888888888889,0.8130952380952381,0.6485445588893864,0.4735337002242342,4.515420211971937,0.5923076923076923,0.3626138229586506,0.15476190476190477,0.4802955665024631,0.040177638453500523,0.2916666666666667,0.45833333333333337,0.14233828432104295,177.8,182.88,3.0,9533.25,Evan Elder
0.0,0.0,0.3333333333333333,2.3333333333333335,31.0,62.666666666666664,39.666666666666664,73.33333333333333,0.6666666666666666,2.3333333333333335,14.333333333333334,38.666666666666664,6.666666666666667,10.333333333333334,10.0,13.666666666666666,27.0,57.666666666666664,3.0,4.0,1.0,1.0,44.666666666666664,587.6666666666666,0.4927083333333333,3.491091684542224,0.5329513537804741,4.230654454996114,0.36146832316187155,1.732392426273057,0.7115384615384616,0.7088874756119908,0.7555555555555555,1.0498117826571762,0.4673976608187134,3.0356011636778253,0.8214285714285715,0.38882385419773186,0.3333333333333333,0.06666666666666667,0.09302475989263888,0.27777777777777773,0.3333333333333333,0.08486629162928867,175.26,180.34,1.0,10747.0,Darrius Flowers
0.0,0.8,0.4,2.4,28.4,67.0,46.4,86.8,0.4,2.2,13.6,45.6,8.2,12.0,6.6,9.4,24.0,60.2,3.2,5.2,1.2,1.6,160.8,642.6,0.473436184913008,3.057703484188353,0.5537500494576038,4.495855346652536,0.355890022675737,1.4499346469364525,0.7127594627594627,0.9059403906791748,0.6629370629370629,0.7018284465727257,0.4497193605808315,2.602953055697296,0.69004329004329,0.351417095157724,0.52,0.10333333333333332,0.05,0.2,1.0,0.2502784134273615,193.04,193.04,1.0,10787.0,Josh Fremd
0.0,0.75,0.0,1.75,38.0,87.25,41.5,92.0,1.25,1.75,24.75,71.75,8.25,11.0,3.75,4.25,32.25,77.0,4.75,7.25,1.0,3.0,74.75,403.5,0.38981962481962484,5.707495003627434,0.4008224689909719,6.368573555793974,0.3089077589077589,4.006861760040825,0.8980263157894737,1.372902372357296,0.6,0.6250578765537629,0.3872972684592403,4.645949286903667,0.2833333333333333,0.3452006980802792,0.09090909090909091,0.10471204188481674,0.21103081391039508,0.65,1.0,0.22522878213419292,185.42,182.88,1.0,9538.75,Gabriel Bonfim
0.0,0.0,0.0,3.0,84.0,192.25,101.75,211.75,2.75,6.75,52.0,147.5,16.0,25.5,12.75,14.75,65.0,159.75,8.25,12.0,11.25,15.25,214.0,900.0,0.4612811070207303,6.083333333333334,0.5067923508792919,7.333333333333333,0.374568853427896,3.833333333333333,0.626731699939504,1.1166666666666667,0.8861111111111112,0.9666666666666667,0.41629606160877525,4.55,0.559640522875817,0.7000000000000001,0.5872252747252747,0.8166666666666667,0.2,0.3519230769230769,0.9807692307692308,0.23777777777777778,177.8,187.96,1.0,10983.25,Ange Loosa
0.2,0.0,0.0,3.0,69.4,163.4,69.8,165.4,0.8,2.8,41.2,124.8,12.6,19.6,13.2,15.4,64.8,157.8,0.6,1.2,0.4,0.8,39.6,849.0,0.41479267301073186,4.880726462754359,0.4163666999586372,4.907393129421026,0.3127039546106483,2.9575667389014497,0.6128005662884789,0.9220830454005677,0.8748910675381264,0.9975255896751225,0.4149397943711938,4.811371767605271,0.6,0.04,0.2,0.029354695149087673,0.05333333333333333,0.18,1.0,0.04424803888900071,182.88,185.42000000000002,1.0,13250.6,Santiago Ponzinibbio
0.0,0.0,0.0,2.4,38.4,76.4,51.8,91.8,0.8,2.8,22.2,54.4,11.8,16.8,4.6,5.2,31.4,66.2,2.8,4.0,4.2,6.2,62.4,647.6,0.4965251972907475,3.473553700323412,0.5477542149595225,4.5412566548083735,0.3573161351654999,1.794818560908526,0.6314814814814815,0.9232577744330154,0.935064935064935,0.5939206813947299,0.4815199506375977,2.8845127988949675,0.475,0.20096530920060332,0.2833333333333333,0.3880755922278413,0.06552745985271938,0.31666666666666665,0.67,0.09285393191967586,180.34,177.8,1.0,13508.0,Muslim Salikhov
0.2,0.0,0.4,4.6,74.4,164.4,95.8,193.6,1.8,3.4,46.0,126.0,14.8,21.8,9.6,11.4,65.2,154.0,4.6,5.2,4.0,5.2,254.0,900.0,0.4423955539662673,3.2960000000000003,0.4848495486432067,4.450666666666667,0.3590079168097607,2.010666666666667,0.6732277526395174,0.8320000000000001,0.8086554621848739,0.4533333333333334,0.419629526011879,2.9466666666666668,0.82,0.18933333333333333,0.15384615384615385,0.16,0.07200000000000001,0.6666666666666666,0.7333333333333334,0.17155555555555557,165.1,165.1,1.0,11261.0,Rose Namajunas
0.0,0.4,0.2,3.4,56.6,126.0,84.2,161.4,2.0,3.8,34.0,96.6,11.6,15.8,10.8,13.6,40.8,104.2,5.4,6.8,10.2,15.0,301.4,900.0,0.4779418170927605,3.464,0.5561674343284286,5.159999999999999,0.3942756200527601,2.1013333333333333,0.6955029838022165,0.6986666666666668,0.7855087719298245,0.664,0.4044706376898158,2.456,0.7047619047619047,0.328,0.4106481481481481,0.6799999999999999,0.12266666666666666,0.4533333333333333,0.8,0.3375111111111111,165.1,165.1,1.0,10442.2,Tracy Cortez
1.8,0.2,0.0,1.8,20.2,40.6,36.8,60.4,0.8,1.6,15.8,35.2,3.0,3.8,1.4,1.4,11.0,25.8,2.6,3.4,6.6,11.4,202.6,441.6,0.5412773419355255,4.894668273235583,0.5920174275874379,6.5459642693541,0.49639097744360894,3.714966371408633,0.6428571428571429,0.41744388456252857,0.6,0.31077721789586193,0.43132814101250255,2.03207817987479,0.45999999999999996,0.43841807909604524,0.6589640768588139,1.8813142554319024,0.05333333333333333,0.16,0.9333333333333333,0.3315991245482771,177.8,190.5,2.0,11108.6,Montel Jackson
0.0,0.4,0.4,2.0,44.4,92.4,63.4,113.4,1.6,3.8,24.2,65.0,9.4,13.6,10.8,13.6,26.4,69.4,8.2,11.4,6.2,8.2,129.8,525.8,0.5419637954302201,4.914687917635995,0.621505329073654,6.816015443251001,0.31585634243679683,2.273864277582537,0.506078431372549,0.8062512168159843,0.8638095238095239,1.4788014981273407,0.43116503917528803,2.958249764886403,0.6242673992673993,0.9769558976389646,0.576068376068376,0.8728155884439606,0.18180266944311888,0.3476190476190476,1.0,0.27373587702871405,177.8,182.88,3.0,10614.4,Da'Mon Blackshear
0.2,0.4,0.2,2.0,34.6,61.8,66.2,96.6,0.4,0.4,22.0,44.0,8.0,11.2,3.0,4.8,22.2,49.2,4.2,4.4,7.0,8.2,53.0,440.8,0.5049252280557359,3.9753204100907666,0.6883548887234163,8.667427634345689,0.4489020161053313,2.6325024206612833,0.602170542635659,0.8156253223633229,0.24285714285714288,0.35483942561644144,0.34663139329806,2.149442138139022,0.7666666666666667,0.5177528814933634,0.325,0.9848788360939092,0.06030150753768844,0.2,0.4,0.1265022308703098,167.64000000000001,172.72,2.0,9226.0,Mariya Agapova
0.0,0.4,0.0,1.4,31.2,66.6,41.4,81.2,0.6,1.6,20.0,51.8,7.4,10.6,3.0,4.2,24.2,58.0,4.2,6.2,1.8,1.8,60.6,321.8,0.4660541586073501,5.469861550319317,0.5219376568184416,7.0581737379394625,0.3408731518550402,3.2986267575155295,0.7660256410256411,1.1562326056586403,0.5571428571428572,0.8209427812045534,0.4464024230802755,4.584756692993839,0.26,0.403044982698962,0.2,0.12,0.06818915801614764,0.26666666666666666,0.6,0.08659592464436755,185.42,187.96,2.0,12406.2,Julian Erosa
0.0,0.6,0.4,2.2,40.4,77.4,64.0,105.8,0.8,1.8,33.4,69.4,5.4,6.0,1.6,2.0,25.4,56.6,5.4,7.8,9.2,13.0,183.2,647.2,0.5072207106394749,3.9408225114289586,0.5812520165567083,5.725653820470795,0.47634761676867604,3.2415820760311744,0.7094736842105263,0.41637831603229525,0.6666666666666667,0.28286211936548855,0.40674963359110594,2.8491945327785797,0.43809523809523815,0.36,0.8418803418803418,0.731627978650379,0.05333333333333333,0.3,0.2,0.24538180737088036,170.18,180.34,1.0,9409.6,Christian Rodriguez
0.4,0.8,0.2,3.0,71.6,141.8,87.0,160.4,0.4,1.6,35.4,94.2,20.4,26.6,14.4,17.4,63.0,128.2,6.6,10.4,2.0,3.2,30.2,844.0,0.5191317475362228,5.293333333333334,0.5488406678003068,6.341935483870968,0.39295053686747783,2.62494623655914,0.7480214455824211,1.44,0.8680997920997922,1.1544086021505378,0.511859124723532,4.413333333333333,0.5051282051282051,0.4580645161290323,0.7309523809523809,0.1393548387096774,0.026666666666666665,0.06666666666666667,0.033333333333333395,0.03696774193548387,175.26,177.8,3.0,12057.4,Charles Johnson
0.2,0.8,0.0,3.0,60.2,125.4,118.6,219.8,2.6,6.0,41.4,101.6,11.4,16.4,4.4,4.8,35.4,91.6,7.8,11.0,8.6,13.2,445.8,892.2,0.4850106041406702,4.069500580720093,0.5961487087600398,8.440000000000001,0.4197378793030967,2.9973983739837395,0.673049645390071,0.7769570267131243,0.7636363636363637,0.2951451800232288,0.43319687558818,2.373890824622532,0.7377777777777778,0.5212078977932637,0.5100092678405931,0.9325490196078432,0.17454123112659697,0.5533333333333333,1.0,0.5419861111111111,170.18,172.72,1.0,12642.2,Jasmine Jasudavicius
0.0,0.0,0.0,3.0,39.0,81.0,48.0,94.0,1.0,1.0,32.0,73.0,5.0,6.0,2.0,2.0,33.0,74.0,3.0,4.0,3.0,3.0,52.0,900.0,0.48148148148148145,2.6,0.5106382978723404,3.2,0.4383561643835616,2.1333333333333333,0.8333333333333334,0.3333333333333333,1.0,0.13333333333333333,0.44594594594594594,2.2,0.75,0.2,1.0,0.2,0.06666666666666667,1.0,-3.0,0.057777777777777775,167.64000000000001,170.18,1.0,8790.0,Fatima Kline
0.2,0.0,0.0,2.0,42.4,76.4,55.8,92.0,0.4,1.0,22.2,53.0,9.0,10.8,9.4,12.2,36.0,68.2,6.0,7.2,0.4,1.0,28.6,511.8,0.5928769178136266,5.346413896181338,0.628011988011988,6.312949376205191,0.4746428571428572,2.979690696899999,0.681466275659824,0.8283536618420339,0.618125404007757,1.0533333333333332,0.5734722870938019,4.705767887449462,0.4714285714285714,0.4244007155635062,0.1,0.18181818181818182,0.03480023852116876,0.3,1.0,0.04612533203230877,172.72,177.8,1.0,13789.6,Cub Swanson
0.4,0.4,0.2,2.2,42.4,101.8,49.2,111.2,0.6,3.2,33.0,86.8,6.0,10.6,3.4,4.4,36.0,93.0,3.6,5.4,2.8,3.4,135.6,615.0,0.4106722057832696,4.174365860246171,0.4339056222921701,4.844051394837365,0.38735985414831164,3.314331134004707,0.5181818181818182,0.5900976193232241,0.6571428571428573,0.26993710691823897,0.3645140615885297,3.228453910560636,0.26285714285714284,0.24,0.36,0.7059119496855346,0.04,0.10303030303030303,0.9,0.16148427672955976,180.34,187.96,1.0,12157.0,Andre Fili
0.0,0.0,0.0,2.4,50.0,94.6,58.2,103.8,0.0,0.2,24.8,62.0,14.4,19.6,10.6,12.4,44.0,87.4,5.6,6.6,0.2,0.2,59.8,661.4,0.4923982260467083,3.7709920126821537,0.5323046165141795,4.435039326870313,0.3583931530932483,1.857206267910493,0.6240463458110517,1.057303822937626,0.8563725490196077,0.8564819218340345,0.4762878114191233,3.384325346015487,0.32727272727272727,0.37333333333333335,0.2,0.013333333333333332,0.0,0.0,1.0,0.06644444444444444,190.5,195.58,1.0,13860.0,Andrei Arlovski
0.0,0.2,0.0,2.4,53.6,107.2,83.6,146.6,0.2,0.6,36.6,88.2,11.6,13.6,5.2,5.4,39.2,88.8,10.6,15.2,1.4,1.4,81.4,661.4,0.5148917921340698,4.869662921348315,0.5931140568063359,7.651535580524344,0.44712418415328903,3.3848845013097795,0.662962962962963,1.0279946879150066,0.5666666666666667,0.3466666666666667,0.47445471195471195,3.736329588014981,0.6685185185185185,0.96,0.2,0.09333333333333334,0.04780876494023904,0.2,1.0,0.16388845616286415,193.04,195.58,1.0,11592.8,Martin Buday
0.2,0.2,0.8,2.6,56.2,107.4,66.0,119.0,0.6,1.0,41.2,91.4,8.4,10.6,3.2,3.4,44.6,84.8,3.8,4.6,8.8,13.0,127.6,565.4,0.5164651645615386,5.193463340740766,0.5406953167014672,5.822752749520525,0.4622883421779906,4.012313240663209,0.7239617898441428,0.785946515763096,0.7666666666666667,0.3572910107902763,0.48136707672344325,3.8387926799879866,0.8454545454545455,0.33745538532776986,0.5801282051282051,0.8742744435562333,0.06713231036572856,0.4666666666666666,0.0,0.19081896943073753,190.5,200.66,1.0,11138.6,Jiri Prochazka
0.4,0.4,0.0,2.6,61.0,120.2,81.2,139.4,0.8,1.4,32.0,80.6,13.6,18.4,11.6,14.6,52.0,108.4,2.4,3.0,5.2,8.0,125.6,747.8,0.5279851999852,5.687303472413387,0.5766022507554556,6.74063680574672,0.4129973428882825,3.1626461739289815,0.7638046522957008,1.2089642184557439,0.6833333333333333,0.96,0.4836404647983595,4.340344331895831,0.7028571428571428,0.1605877803557618,0.525079365079365,0.6967830841912124,0.05333333333333333,0.27999999999999997,1.0,0.1486817500578954,190.5,187.96,1.0,9452.2,Ian Machado Garry
0.0,0.0,0.0,3.0,31.0,50.0,55.5,77.5,0.0,1.5,21.5,37.5,6.0,7.5,3.5,5.0,28.5,46.0,1.0,2.0,1.5,2.0,99.0,900.0,0.6069609507640068,2.0666666666666664,0.7155488822155489,3.7,0.5657294832826747,1.4333333333333333,0.8,0.4,0.7,0.23333333333333334,0.5957382953181273,1.9,0.3333333333333333,0.06666666666666667,0.8333333333333333,0.1,0.0,0.0,-0.3333333333333333,0.11,190.5,200.66,3.0,13497.0,Michael Page
0.4,0.4,0.0,2.0,30.8,72.4,31.4,77.4,0.6,2.0,18.6,58.0,8.6,11.6,3.4,5.4,27.0,65.4,0.4,0.4,2.0,3.0,27.2,368.0,0.48302652329749113,4.175961490324443,0.4962317210348706,4.199961490324443,0.38962343802769334,2.4182320207952253,0.6970588235294117,1.0463579474342928,0.6433333333333333,0.5955344180225282,0.45511515151515153,3.4349429094059887,0.2,0.05647058823529412,0.5230769230769231,0.6845479926831617,0.08470588235294117,0.15,0.9666666666666668,0.05715952633099066,187.96,190.5,1.0,9846.0,Joe Pyfer
0.2,0.0,0.0,2.4,63.6,138.6,78.2,151.8,0.0,0.0,42.6,111.2,15.6,20.2,2.6,2.8,45.6,107.4,13.2,18.2,0.4,0.6,30.8,630.0,0.4301685463720032,5.1126871878152595,0.4643084132157977,6.012230014025246,0.33861786368300173,3.384506292443933,0.6859800664451827,1.3694436652641422,0.4,0.17333333333333334,0.36852680934539656,3.8155544722032637,0.5765019699401722,1.0883029453015427,0.13333333333333333,0.026666666666666665,0.0,0.0,0.2,0.04814788842138071,185.42,187.96,1.0,12214.0,Marc-Andre Barriault
0.0,1.4,0.0,2.6,49.0,75.0,59.8,87.2,1.0,3.4,23.8,43.6,15.8,19.4,9.0,12.0,30.8,53.0,10.6,13.8,3.2,5.0,178.6,576.0,0.6629557589626238,4.455950786056049,0.7270276292335115,5.275984646932015,0.5724678534825035,2.0208393711551604,0.6691515151515152,1.2411623931623932,0.7874458874458874,0.9966983192246349,0.5951778010733205,2.94768333420965,0.6932307692307693,0.9563076923076922,0.6282828282828283,0.27833934486566064,0.06502564102564103,0.2,0.9777777777777779,0.22606229092544883,167.64000000000001,167.64000000000001,1.0,11568.8,Mayra Bueno Silva
0.0,0.2,0.2,2.2,30.2,72.8,67.2,114.0,2.4,4.8,17.2,54.2,7.6,11.4,5.4,7.2,21.0,59.8,5.4,7.0,3.8,6.0,199.2,556.0,0.41300101086640506,3.339437601916798,0.5596980110382173,6.583391453461701,0.32821382007822686,1.9309355826636712,0.6605769230769231,0.866280697219852,0.5843137254901961,0.5422213220332749,0.3539306347660778,2.189543848564707,0.6565217391304348,0.5385373558679514,0.4842105263157895,0.44127665266755284,0.2619317870068978,0.675,0.9,0.3664677292758996,180.34,182.88,1.0,11531.8,Macy Chiasson
0.0,0.0,0.0,3.0,42.4,106.6,52.4,119.0,1.0,3.2,18.8,67.6,10.6,17.6,12.0,16.0,33.4,93.6,5.0,7.0,4.0,6.0,110.2,714.0,0.41633793489852133,2.9879368474662593,0.4691648945103314,3.724996180290298,0.29661517925247904,1.2250338680926915,0.5752204039510541,0.762419149477973,0.6766267942583731,0.9593073593073592,0.33657671529449457,2.316680417621594,0.5822222222222222,0.38448484848484854,0.5575757575757575,0.2867715813598167,0.09005245734657498,0.47333333333333344,0.9666666666666668,0.15547128427128426,162.56,165.1,1.0,13444.0,Michelle Waterson-Gomez
0.0,1.0,0.0,2.4,41.2,83.2,60.4,110.8,2.0,4.4,27.8,62.6,7.0,9.8,6.6,9.0,21.0,55.4,0.4,1.4,10.2,13.8,303.6,658.4,0.5199365642768671,3.266464750121293,0.551822994210091,5.059079170470849,0.4326532999164578,2.2356123646797963,0.47000000000000003,0.4887252262677695,0.6472085385878489,0.5554604925070604,0.39155841424094084,1.6079751192356795,0.05714285714285714,0.026666666666666665,0.47889363722697054,1.2311582525864933,0.21156123646797967,0.5357142857142857,0.8166666666666668,0.5422191555649374,165.1,165.1,1.0,10311.2,Gillian Robertson
0.6666666666666666,0.3333333333333333,0.0,2.0,40.0,65.0,51.333333333333336,79.33333333333333,0.0,0.3333333333333333,28.666666666666668,51.333333333333336,8.333333333333334,10.666666666666666,3.0,3.0,23.333333333333332,43.0,2.0,2.6666666666666665,14.666666666666666,19.333333333333332,78.66666666666667,349.0,0.6246794403003265,7.215812911794578,0.6905864197530863,9.807362377575144,0.5674890729238555,5.52850609323069,0.525925925925926,0.8623212878532027,1.0,1.1012887159238323,0.5540438397581254,5.098469451988273,0.25,0.3738317757009346,0.8138238573021183,2.8392633649204364,0.0,0.0,1.0,0.15254655828276198,177.80000000000004,177.80000000000004,3.0,9317.666666666666,Payton Talbott
0.0,0.0,0.0,2.0,15.0,39.5,21.5,47.5,0.0,2.0,1.0,14.0,3.5,5.5,11.0,13.5,12.5,36.0,2.0,2.0,0.0,0.0,81.0,404.0,0.4417808219178082,2.7140825035561877,0.4772727272727273,3.200568990042674,0.05263157894736842,0.06666666666666667,0.3181818181818182,0.28378378378378377,0.7763157894736843,1.7846846846846847,0.42391304347826086,2.5519203413940255,0.5,0.16216216216216214,0.0,0.0,0.0,0.0,1.0,0.10945945945945947,175.26,175.26,1.0,10598.5,Yanis Ghemmouri
0.0,0.0,0.0,3.0,17.0,32.0,62.0,83.0,3.0,8.0,15.0,30.0,2.0,2.0,0.0,0.0,2.0,12.0,2.0,3.0,13.0,17.0,379.0,900.0,0.53125,1.1333333333333333,0.7469879518072289,4.133333333333334,0.5,1.0,1.0,0.13333333333333333,0.0,0.0,0.16666666666666666,0.2,0.6666666666666666,0.13333333333333333,0.7647058823529411,0.8666666666666667,0.2,0.375,1.0,0.4211111111111111,167.64000000000001,172.72,1.0,8828.0,Rei Tsuruya
0.0,0.0,0.0,2.4,41.4,89.6,46.0,95.2,1.0,4.0,27.4,70.2,7.2,10.0,3.4,3.8,30.4,75.6,8.0,9.8,2.6,2.6,88.8,650.0,0.47094235238760634,2.9837827526069267,0.4927700058131162,3.4149351130886174,0.4061417956147005,2.191344935975299,0.5796380090497738,0.5280691319909498,0.5666666666666667,0.22671116054875787,0.4202910218013193,2.2124359441249437,0.48,0.5602521319985169,0.6,0.17343715239154617,0.06669632925472749,0.2015873015873016,0.2777777777777778,0.11675793134781995,172.72,170.18,1.0,10811.6,Carlos Hernandez
0.4,0.2,0.0,3.0,38.0,82.2,46.6,91.4,2.0,8.6,26.6,69.6,6.2,7.0,5.2,5.6,33.8,76.6,1.4,1.8,2.8,3.8,150.0,728.4,0.508743215953553,2.815176167495192,0.5567591103279328,3.717882361479009,0.4214852880232076,1.906743592534804,0.95,0.45621587624127624,0.9595959595959596,0.45221669871911174,0.4787479756400536,2.3602772234115896,0.4333333333333333,0.13448818897637796,0.4454545454545455,0.3204107551072245,0.17477460478730483,0.26157731157731157,1.0,0.26329151597985734,167.64000000000001,175.26,1.0,11178.4,Ricky Simon
0.5,0.0,0.0,3.0,81.5,182.5,92.0,203.5,1.5,2.5,46.0,135.5,15.5,22.0,19.0,27.5,67.0,157.5,2.0,7.5,8.0,10.0,56.0,890.5,0.4351705344585092,5.48149829738933,0.461355174981385,6.196594778660613,0.35830745341614906,3.09470298902762,0.6916666666666667,1.0412410139992432,0.6541274817136886,1.345554294362467,0.41960470085470086,4.801891789632993,0.3653846153846154,0.13548997351494513,0.8947368421052632,0.5441165342413924,0.10143776012107453,0.75,0.0,0.06337243031908185,175.26,177.8,3.0,10379.5,Vinicius Oliveira
0.0,0.2,0.0,2.6,47.6,87.2,49.2,88.8,0.4,1.6,24.8,60.0,8.0,10.4,12.4,14.6,47.2,86.6,0.4,0.6,0.0,0.0,29.8,695.2,0.5380004007212984,4.359756097560975,0.5466566652223164,4.491219512195122,0.41605429636529834,2.39390243902439,0.6526470588235294,0.6027642276422764,0.8804545454545455,1.2964227642276422,0.5373249475981748,4.328130081300813,0.4,0.03162601626016261,0.0,0.0,0.026666666666666665,0.13333333333333333,1.0,0.03402032520325203,193.04,193.04,1.0,12926.0,Anthony Smith
0.6,0.0,0.2,2.4,38.6,81.8,47.6,91.8,0.2,0.4,25.8,64.4,8.2,12.0,4.6,5.4,31.2,71.2,3.4,4.8,4.0,5.8,58.0,683.2,0.47787899403460044,3.520943135971481,0.5291930559635492,4.171142050980523,0.37781660725452404,2.103375453466313,0.689247311827957,0.7760035796566044,0.8799999999999999,0.6415641028485635,0.4428837853477143,2.9171245890605992,0.5666666666666667,0.2768655816757083,0.46428571428571425,0.3269529652351738,0.0216998191681736,0.2,0.2,0.06795916183770498,170.18,180.34,1.0,11748.6,Dan Ige
0.2,0.0,0.0,2.8,54.6,113.6,57.8,116.8,1.2,2.6,37.0,92.8,4.0,5.6,12.6,15.2,51.4,110.2,1.4,2.2,0.8,1.2,51.6,650.4,0.5063975228645674,5.106346856641884,0.519215478514321,5.253434892759266,0.4357892244150632,3.7414590814643,0.5787878787878787,0.2515094055680963,0.9014285714285715,1.1133783696094877,0.5005130486185936,4.765320631501923,0.3666666666666667,0.09417607223476297,0.26666666666666666,0.2468501529051988,0.07242136945071483,0.48,1.0,0.047888334334292876,182.88,185.42000000000002,1.0,11839.0,Robert Whittaker
0.6666666666666666,0.0,0.0,1.0,17.0,28.0,17.0,28.0,0.0,0.0,12.0,21.0,4.333333333333333,6.0,0.6666666666666666,1.0,16.666666666666668,27.333333333333332,0.3333333333333333,0.6666666666666666,0.0,0.0,0.0,122.0,0.553872053872054,6.922027955886445,0.553872053872054,8.01657649180585,0.508068783068783,4.980365257652405,0.6666666666666666,1.5908936459395175,0.6666666666666666,0.3373323923782639,0.5376344086021505,5.506517320208217,0.16666666666666666,0.15384615384615385,0.0,0.0,0.0,0.0,1.0,0.0,182.88,193.04,2.0,11300.666666666666,Ikram Aliskerov
0.8,0.0,0.0,1.4,24.6,58.8,24.8,59.2,0.0,0.2,21.4,54.4,2.6,4.2,0.2,0.2,21.8,55.2,0.2,0.8,2.2,2.8,5.2,258.6,0.4311839153852716,6.083337768080464,0.43910640042374427,7.617872340425532,0.4008045830138853,4.635633461968167,0.27912087912087913,0.47631205673758864,0.2,0.013333333333333332,0.40277110291324936,4.874031386673527,0.05,0.22222222222222224,0.45,0.9661695888188682,0.0,0.0,1.0,0.04393939393939393,190.5,200.66,2.0,11345.8,Sergei Pavlovich
0.2,0.2,0.0,1.6,44.4,75.4,50.2,83.8,0.0,0.2,24.8,50.4,9.6,12.6,7.8,9.2,38.6,68.0,1.2,1.2,4.6,6.2,43.6,394.0,0.6076961042342501,6.461247771836007,0.6150805109381461,8.291443850267381,0.48526451700609,3.6501948419935504,0.8857142857142858,1.6517357075701455,0.719047619047619,1.0879722703639514,0.5756009530086642,4.906392852999188,0.4,0.3270975634621266,0.344,0.815526557243348,0.0,0.0,1.0,0.14637322866755023,193.04,200.66,1.0,12558.8,Alexander Volkov
0.5,0.25,0.0,2.5,41.75,70.0,79.5,117.25,3.5,7.5,31.0,57.0,6.0,7.25,4.75,5.75,19.5,39.25,9.75,12.5,9.0,11.5,354.0,692.0,0.630051946151595,4.716666666666667,0.6790942292946973,7.866666666666667,0.5601165899612179,3.527360308285164,0.8362470862470862,0.8666666666666666,0.8784722222222222,0.7333333333333334,0.5537118517131623,2.783333333333333,0.5612121212121213,0.6499999999999999,0.3764619883040936,0.8333333333333334,0.26666666666666666,0.43308080808080807,1.0,0.5383419308213716,182.88,187.96,1.0,11541.25,Rinat Fakhretdinov
0.2,0.2,0.2,2.8,69.6,140.4,96.8,168.0,0.6,2.4,43.4,106.8,18.2,25.4,6.4,8.0,42.4,104.8,18.6,26.0,3.8,5.4,243.8,834.6,0.506882338064771,5.3232809773123915,0.5768974965465001,7.380314136125653,0.4170100732600733,3.3119720767888303,0.7669614465700683,1.444374636416521,0.8551282051282051,0.4647120418848168,0.39261348433936927,3.0302268760907505,0.8059527464405513,1.6400000000000001,0.6392857142857142,0.2761605584642234,0.04,0.27999999999999997,-0.85,0.2819220477021524,180.34,187.96,1.0,13578.4,Nicolas Dalby
0.2,0.6,0.2,1.6,30.0,64.6,34.8,70.4,0.4,0.4,11.0,38.4,3.2,6.4,9.8,12.4,25.4,59.0,2.4,2.8,2.2,2.6,33.2,384.6,0.5431199878698025,4.639098037645215,0.5811055530555933,5.448002985403707,0.39297349709114415,2.153888633429937,0.4947368421052632,0.5294006152829682,0.6761520737327189,1.4113725490196078,0.5093899062451952,3.4923259039377106,0.55,0.4699879663056558,0.5333333333333334,0.5511644368938912,0.056654632972322504,0.4,0.8,0.10685627993676412,193.04,200.66,1.0,11424.8,Johnny Walker
0.6,0.2,0.0,2.2,45.0,85.0,69.0,114.0,0.6,1.0,28.8,65.2,5.2,8.0,10.8,11.8,34.6,69.6,4.2,6.0,6.2,9.4,89.0,614.8,0.5329404971941709,5.233864306784661,0.5875862025578364,7.738171091445428,0.44748647060127145,3.630737804150255,0.6818181818181819,0.6664306784660767,0.8960662525879917,1.265250737463127,0.4978376250674243,3.7964601769911503,0.7511111111111111,0.4552595072949055,0.5269230769230769,0.9464689468229291,0.07976401179941003,0.5,0.8,0.16067054665284755,187.96,190.5,1.0,12181.2,Volkan Oezdemir
0.0,0.0,0.2,3.8,71.4,176.2,78.2,188.6,1.0,4.0,46.0,145.0,11.0,16.0,14.4,17.2,64.6,163.4,2.2,4.0,2.4,5.2,88.8,860.6,0.4266033865171547,4.1152546230440965,0.44523431731988455,4.443797060218112,0.3284801300066501,2.7061545756282603,0.7022222222222222,0.6048212422949264,0.8368264138607389,0.8042788051209104,0.424891987623255,3.8112394499762923,0.42666666666666664,0.1402788051209104,0.24666666666666667,0.16373636794689425,0.06133333333333333,0.24,0.039999999999999994,0.08411651651651651,175.26,180.34,2.0,11361.6,Kelvin Gastelum
0.4,0.2,0.0,2.6,53.0,102.2,88.2,142.0,0.8,2.8,37.4,86.6,5.0,6.8,8.2,8.8,48.0,97.8,1.4,2.2,1.8,2.2,80.2,749.0,0.5085293672066385,5.06176348067577,0.6408595552839855,7.88,0.4475728185365334,3.6252873563218393,0.5956140350877194,0.5416091954022988,0.906184012066365,0.8800000000000001,0.49285603576571707,4.500229885057471,0.25,0.09333333333333334,0.5166666666666667,0.4671264367816093,0.12275862068965519,0.2545454545454545,-0.2,0.13539463601532567,175.26,185.42000000000002,1.0,12979.6,Kyung Ho Kang
0.0,0.0,0.3333333333333333,2.3333333333333335,36.666666666666664,78.0,68.66666666666667,118.33333333333333,0.3333333333333333,3.3333333333333335,24.333333333333332,61.333333333333336,7.0,10.0,5.333333333333333,6.333333333333333,24.333333333333332,60.666666666666664,6.666666666666667,10.333333333333334,5.333333333333333,6.0,173.33333333333334,624.3333333333334,0.4612800653887941,2.673972602739726,0.5177015250544662,4.866666666666667,0.3286549707602339,1.6222222222222225,0.4672619047619048,0.4666666666666666,0.888888888888889,0.6073059360730594,0.4071029443369869,1.873972602739726,0.52,0.4444444444444445,0.2962962962962963,0.35555555555555557,0.022222222222222223,0.1111111111111111,0.5,0.2219634703196347,170.18,172.72,2.0,10053.0,Muin Gafurov
0.0,0.0,0.0,3.0,16.0,34.0,39.0,77.0,0.0,7.0,8.0,22.0,7.0,10.0,1.0,2.0,12.0,29.0,4.0,5.0,0.0,0.0,282.0,747.0,0.47058823529411764,1.285140562248996,0.5064935064935064,3.132530120481928,0.36363636363636365,0.642570281124498,0.7,0.5622489959839357,0.5,0.08032128514056225,0.41379310344827586,0.9638554216867471,0.8,0.321285140562249,0.0,0.0,0.0,0.0,1.0,0.37751004016064255,193.04,200.66,1.0,12252.0,Antonio Trocoli
0.0,0.0,0.0,3.0,68.0,103.0,135.0,187.0,2.0,5.0,27.0,49.0,27.0,37.0,8.0,8.0,26.0,44.0,20.0,28.0,0.0,0.0,379.0,900.0,0.6601941747572816,4.533333333333333,0.7219251336898396,9.0,0.5510204081632653,1.8,0.717391304347826,2.2,1.0,0.5333333333333333,0.5909090909090909,1.7333333333333334,0.711864406779661,1.9333333333333333,0.0,0.0,0.13333333333333333,0.4,1.0,0.4211111111111111,172.72,177.8,1.0,9567.0,Xiao Long
0.0,0.0,0.0,3.0,84.0,119.0,132.0,228.0,2.0,9.0,28.0,47.0,24.0,34.0,2.0,4.0,18.0,33.0,19.0,27.0,0.0,0.0,108.0,900.0,0.7058823529411765,5.6,0.7587719298245614,11.0,0.5957446808510638,1.8666666666666667,0.7941176470588235,2.0,0.5,0.13333333333333333,0.5454545454545454,1.2,0.7674418604651163,1.7333333333333334,0.0,0.0,0.13333333333333333,0.2222222222222222,0.7777777777777778,0.12,172.72,175.26,1.0,11002.0,ChangHo Lee
0.0,0.0,0.0,3.0,26.0,39.0,93.0,135.0,5.0,5.0,15.0,25.0,4.0,4.0,7.0,10.0,12.0,23.0,4.0,4.0,10.0,12.0,563.0,900.0,0.6666666666666666,1.7333333333333334,0.6888888888888889,6.2,0.6,1.0,1.0,0.26666666666666666,0.7,0.4666666666666667,0.5217391304347826,0.8,1.0,0.26666666666666666,0.8333333333333334,0.6666666666666666,0.3333333333333333,1.0,1.0,0.6655555555555556,187.96,190.5,1.0,11188.0,Magomed Gadzhiyasulov
0.0,0.5,0.5,2.0,15.5,33.0,21.5,41.0,1.5,3.0,10.0,25.0,2.0,2.0,3.5,6.0,13.5,30.0,1.5,2.5,0.5,0.5,58.0,500.5,0.4686635944700461,4.725082508250825,0.5101201771030993,5.125082508250825,0.38370118845500845,3.3213872832369944,0.5,0.13333333333333333,0.2916666666666667,0.23333333333333334,0.449944382647386,3.7666666666666666,0.3,0.1,0.5,0.03333333333333333,0.1,0.25,0.5833333333333333,0.06444444444444444,190.5,200.66,1.0,10086.0,Brendson Ribeiro
0.25,0.0,0.25,2.25,27.0,60.5,47.0,84.75,1.5,4.0,15.75,45.0,5.25,9.0,5.75,6.0,17.75,45.75,4.0,6.5,5.0,7.5,142.5,530.5,0.4613834422657952,2.6844024799139623,0.5848214285714285,4.8510733641213815,0.38839285714285715,1.701045950106493,0.4485576923076923,0.45657620041753655,0.71875,0.5267803293899327,0.4236111111111111,1.9449916703570147,0.4178571428571428,0.3217234980282997,0.5043859649122807,0.4176873115286477,0.18888888888888888,0.4111111111111111,0.19444444444444442,0.2324663651125029,175.26,177.8,1.0,10724.75,Muhammad Naimov
0.0,1.0,0.0,3.0,37.0,70.0,62.0,98.0,1.0,2.0,10.0,37.0,14.0,19.0,13.0,14.0,31.0,60.0,6.0,10.0,0.0,0.0,66.0,675.0,0.5285714285714286,3.2888888888888888,0.6326530612244898,5.511111111111111,0.2702702702702703,0.8888888888888888,0.7368421052631579,1.2444444444444445,0.9285714285714286,1.1555555555555554,0.5166666666666667,2.7555555555555555,0.6,0.5333333333333333,0.0,0.0,0.08888888888888889,0.5,0.5,0.09777777777777778,167.64000000000001,172.72,1.0,9543.0,Felipe Lima
0.6,0.0,0.0,2.6,73.2,171.4,91.2,184.6,0.4,1.6,48.6,137.2,18.4,25.0,2.4,3.8,64.0,161.2,5.6,7.8,2.2,3.2,12.8,740.8,0.4462109872389951,7.531669962024918,0.4599942655424717,8.423589743589744,0.38641873168132157,5.560498442367601,0.797569236690635,1.5152136752136751,0.46769230769230774,0.16,0.3901819305176908,5.115108481262327,0.595,0.6799999999999999,0.275,0.7589743589743589,0.026666666666666665,0.13333333333333333,1.0,0.022726495726495727,177.8,182.88,2.0,10131.6,Nasrat Haqparast
0.2,0.0,0.0,2.6,73.8,136.6,105.8,174.6,0.6,3.4,48.2,100.4,15.2,22.2,7.6,8.2,60.8,116.4,12.2,17.0,2.8,3.2,176.6,766.6,0.5826552427699598,6.657696327224542,0.6628953732564515,9.596423065063213,0.5162010567350432,4.394341847314849,0.7698188242810667,1.2555548332791626,0.9199999999999999,0.629687893258661,0.5393498756856369,4.9547992766124125,0.7804260249554368,1.1707481394437917,0.6933333333333334,0.3066169962747206,0.04,0.1,1.0,0.2063964464001467,175.26,172.72,1.0,12625.0,Jared Gordon
0.0,0.75,0.25,2.5,35.75,78.75,61.75,109.5,1.75,5.0,12.5,44.25,10.25,16.0,7.5,8.75,29.0,68.25,4.25,7.0,1.0,2.0,156.75,629.0,0.49292207792207793,2.887029837840908,0.6450605133841103,5.420144972096933,0.24962406015037594,0.9156112026040714,0.6782724505327244,0.9639656536898586,0.8436813186813187,0.7074529815469774,0.476983042020636,2.3800982289579813,0.588095238095238,0.42688466052611895,0.25,0.0800469483568075,0.17535601420155278,0.39375,0.0,0.26701701112841547,177.8,180.34,2.0,9877.0,Melquizael Costa
0.6,0.2,1.2,2.4,21.4,41.4,56.0,90.4,2.4,5.2,18.0,36.8,1.4,2.2,2.0,2.4,12.6,28.0,0.8,0.8,8.0,12.6,306.0,582.8,0.538893058444786,3.2947869674185464,0.6282607068635777,6.271837692823608,0.5025532530693356,2.5452081661452337,0.63,0.16404426559356136,0.5333333333333333,0.13690140845070423,0.4752784322658258,1.6964044966315306,0.4,0.06046948356807511,0.5831477732793522,1.0498114788437372,0.19665325285043594,0.38,0.96,0.53395414276705,172.72,175.26,1.0,10463.8,Shayilan Nuerdanbieke
0.0,0.0,0.0,3.0,46.0,105.0,54.0,116.0,1.5,5.5,27.5,77.0,11.0,15.5,7.5,12.5,37.0,93.0,2.5,3.0,6.5,9.0,126.5,900.0,0.4298422597212032,3.0666666666666664,0.45067401960784315,3.5999999999999996,0.3504031566306399,1.8333333333333335,0.6974789915966386,0.7333333333333334,0.608974358974359,0.5,0.3911627906976744,2.466666666666667,0.4166666666666667,0.16666666666666666,0.84375,0.4333333333333333,0.1,0.2833333333333333,0.9166666666666667,0.14055555555555554,175.26,180.34,1.0,9196.0,Timmy Cuamba
0.75,0.0,0.0,2.25,39.25,94.75,49.5,105.75,0.0,0.0,19.25,65.75,7.5,13.0,11.25,13.75,32.5,84.75,0.75,1.0,5.5,7.5,45.0,543.75,0.437640977443609,3.7233500357548057,0.49083599149388624,4.643552258869845,0.19035713168840104,1.5369124777953815,0.5478896103896105,0.6198435862894776,0.8492673992673992,1.2034313725490196,0.38042989705669134,3.0676286763903575,0.41666666666666663,0.07009803921568628,0.4193548387096774,0.5309160305343512,0.0,0.0,0.0,0.06381891433418152,180.34,180.34,1.0,11867.0,Lucas Almeida
0.2,0.0,0.0,1.8,23.0,52.6,27.2,58.8,0.2,0.8,13.4,38.8,4.6,6.6,5.0,7.2,18.6,47.0,2.4,3.4,2.0,2.2,57.4,404.6,0.48215181204368596,4.131848010639836,0.5010119194700365,4.458723445573726,0.3907365576367533,2.641739346886538,0.5193006993006993,0.7158336120347958,0.8111111111111111,0.7742750517185023,0.430553279955946,3.6320953207410094,0.28717948717948716,0.2771885873347251,0.38,0.22256410256410258,0.025052192066805846,0.2,0.8,0.1239639490450239,167.64000000000001,165.1,1.0,11345.6,Alex Perez
0.0,2.0,0.3333333333333333,2.6666666666666665,30.0,48.666666666666664,71.33333333333333,106.33333333333333,3.6666666666666665,9.0,17.0,34.333333333333336,5.666666666666667,6.333333333333333,7.333333333333333,8.0,12.0,25.0,4.333333333333333,5.0,13.666666666666666,18.666666666666668,447.6666666666667,763.6666666666666,0.6370279146141216,2.481285358678434,0.6723426929848948,5.718126272912424,0.5316867945884187,1.4480199140076941,0.9393939393939394,0.4703326544467074,0.9047619047619048,0.5629327902240325,0.4945444844604509,0.9665987780040733,0.6,0.2888888888888889,0.7506868131868131,1.2257976917854718,0.34813306177868303,0.5294372294372294,1.0,0.6664991471734893,162.56,165.1,1.0,10961.333333333334,Asu Almabayev
0.0,0.6666666666666666,0.6666666666666666,2.3333333333333335,25.333333333333332,47.0,68.66666666666667,99.33333333333333,0.6666666666666666,1.0,16.333333333333332,33.666666666666664,6.0,8.333333333333334,3.0,5.0,12.0,26.666666666666668,3.6666666666666665,7.0,6.666666666666667,9.666666666666666,107.66666666666667,672.0,0.49603174603174605,2.2976072461148713,0.7360677297386159,5.870684005908953,0.43246336996337,1.363971463919433,0.5833333333333334,0.5358914937394941,0.8333333333333334,0.33341680307582694,0.4421911322180864,1.2680586732825798,0.36274509803921573,0.2471941007374078,0.5789473684210527,0.7180269867147664,0.044719410073740785,0.5,-1.6666666666666667,0.12082114735658044,182.88,180.34,1.0,10446.333333333334,Jose Johnson
0.0,1.0,0.25,3.0,38.0,74.75,69.0,113.25,3.75,9.25,28.0,61.0,7.0,9.75,3.0,4.0,31.75,67.25,3.5,4.5,2.75,3.0,398.75,843.25,0.511729099600039,2.6641219381696226,0.6115901909387147,4.857305328269977,0.4423908548207286,1.950170301060956,0.725,0.5057762074410471,0.8645833333333334,0.20817542966761932,0.4755329795652376,2.226832530765115,0.6166666666666667,0.250936329588015,0.7142857142857143,0.18635307781649246,0.3180949241924852,0.45264110889110887,0.9545454545454546,0.47194384632449854,172.72,180.34,1.0,8906.0,Brady Hiestand
0.5,0.25,0.25,2.25,53.25,100.0,65.75,111.75,0.0,0.75,39.75,83.0,10.5,14.0,3.0,3.0,41.75,85.25,3.0,4.0,6.0,9.0,78.75,590.25,0.5228609242163459,5.537915270718904,0.5587619696946985,6.928715885933025,0.47743610099493194,4.114180472228307,0.7305555555555556,1.1402431797980717,0.5,0.22751859364435428,0.5012729898160815,4.388669082510958,0.5208333333333334,0.23576304214052918,0.30065359477124187,0.7564518960674157,0.0,0.0,-1.25,0.14433463325033616,167.64000000000001,177.8,1.0,9824.0,Garrett Armfield
0.0,0.0,0.0,3.0,105.0,231.0,145.0,259.0,2.0,4.0,70.0,185.0,27.0,37.0,17.0,17.0,90.0,216.0,20.0,26.0,0.0,0.0,64.0,900.0,0.5232198142414861,9.547123623011016,0.5391304347826087,12.066666666666666,0.43824701195219123,7.289719626168224,0.7636363636363637,2.2222222222222223,1.0,1.1333333333333333,0.5016835016835017,7.100591715976331,0.7692307692307693,1.3333333333333333,0.0,0.0,0.13333333333333333,0.5,1.0,0.07111111111111111,170.18,172.72,2.0,9237.0,Carli Judice
0.0,0.0,0.0,3.0,49.0,108.0,75.66666666666667,134.33333333333334,0.6666666666666666,3.0,29.333333333333332,83.66666666666667,11.333333333333334,13.666666666666666,8.0,9.0,44.0,100.0,7.0,10.0,0.0,0.0,58.0,900.0,0.48739814165346074,3.733333333333333,0.5983234896025593,5.044444444444444,0.3477648771766419,2.4444444444444446,0.8244444444444445,0.7555555555555555,0.9023569023569024,0.5333333333333333,0.4728114478114478,3.1555555555555554,0.7352941176470589,0.5777777777777778,0.0,0.0,0.044444444444444446,0.08333333333333333,-1.4166666666666667,0.06444444444444444,167.64000000000001,167.64000000000001,2.0,10984.0,Gabriella Fernandes
0.8,0.4,0.0,2.4,34.4,90.0,44.2,101.2,0.2,0.8,12.8,54.2,10.8,18.4,10.8,15.4,31.4,85.2,2.0,3.0,1.0,1.8,66.6,665.6,0.45367753653237786,3.5153609831029184,0.5030608669416359,4.545099846390168,0.3208442265795207,1.52433897526451,0.5513376464416856,1.0125960061443933,0.7593650793650794,0.9811674347158219,0.4221208452564385,2.9187403993855603,0.5714285714285714,0.27963133640552995,0.27999999999999997,0.3169892473118279,0.013333333333333332,0.2,0.8,0.11002611367127497,170.18,172.72,1.0,13506.8,Douglas Silva de Andrade
0.2,0.0,0.2,3.0,45.4,96.2,55.0,109.6,0.6,4.6,32.8,81.2,6.4,8.2,6.2,6.8,43.8,93.8,1.4,2.2,0.2,0.2,104.4,814.8,0.45683743401314636,3.5113122304923055,0.4969645080710633,4.151312230492306,0.3967115537808176,2.5294299294122964,0.7758730158730158,0.49841813465353246,0.8875,0.4834641664264764,0.4470834317662808,3.391950628168393,0.4333333333333333,0.10602826899057889,0.2,0.013333333333333332,0.04,0.06666666666666667,1.0,0.11599999999999999,170.18,167.64000000000001,1.0,10522.6,Miles Johns
0.3333333333333333,0.0,0.0,1.3333333333333333,7.333333333333333,14.0,9.333333333333334,19.333333333333332,0.3333333333333333,0.6666666666666666,2.3333333333333335,7.333333333333333,1.6666666666666667,2.3333333333333335,3.3333333333333335,4.333333333333333,5.0,10.333333333333334,0.6666666666666666,1.0,1.6666666666666667,2.6666666666666665,22.333333333333332,241.33333333333334,0.5014814814814815,2.1474169782874877,0.46296296296296297,2.376424611875274,0.3444444444444444,1.1197710803301133,0.75,0.5177702751062231,0.6060606060606061,0.5269976889137895,0.4777777777777778,1.371698544469747,0.2222222222222222,0.07633587786259542,0.6666666666666666,0.6993825559551451,0.15444015444015444,0.3333333333333333,1.0,0.18611971985807688,172.72,175.26,1.0,10522.333333333334,Jeka Saragih
0.0,2.5,0.0,1.0,3.0,7.0,8.5,12.5,0.5,1.5,1.0,4.0,1.5,2.0,0.5,0.5,2.0,5.0,0.5,0.5,0.0,0.0,17.5,141.5,0.3456521739130435,0.9528130671506352,0.7222222222222222,2.9642518190446063,0.05263157894736842,0.06666666666666667,0.375,0.5172413793103449,0.5,0.1724137931034483,0.27310924369747897,0.5974552830536604,0.5,0.1724137931034483,0.0,0.0,0.2,0.16666666666666666,0.5,0.16055045871559634,185.42,185.42000000000002,2.0,12751.0,Westin Wilson
0.0,1.4,0.0,1.8,13.4,29.2,15.2,31.2,0.6,4.0,4.6,14.2,5.8,9.6,3.0,5.4,11.6,27.0,1.8,2.2,0.0,0.0,53.2,422.2,0.45346322146322143,1.7327350799121135,0.506474043974044,1.964222987044304,0.40026862026862026,0.7429666258506383,0.4128571428571428,0.5771573880664789,0.6476190476190476,0.4028386242806305,0.4422965547965547,1.602962638197748,0.16363636363636364,0.12,0.0,0.0,0.08911961601616773,0.14166666666666666,0.95,0.09661746056103424,170.18,172.72,1.0,11874.4,Jimmy Flick
0.2,0.4,0.0,2.0,31.2,59.2,73.6,108.8,0.2,0.2,23.6,50.0,5.2,6.8,2.2,2.4,18.2,43.2,4.6,6.2,8.2,10.2,73.8,528.2,0.4793076081007115,3.8221261278373904,0.7005431146817701,8.77291674063554,0.39414626309363154,2.919147982859921,0.8478260869565217,0.5568522228703305,0.58,0.25446019629225736,0.37371724967144815,1.7970461481237265,0.47948717948717945,0.39486157253599113,0.6602020202020202,1.1007412203297795,0.027906976744186046,0.2,0.6,0.13042118863049096,177.8,182.88,1.0,11529.6,Nate Maness
0.0,0.0,0.5,3.0,93.0,179.5,145.0,232.5,1.5,2.0,60.5,135.0,23.5,30.0,15.5,18.0,64.0,142.5,10.0,15.0,14.5,21.5,303.0,900.0,0.5705046106557377,6.833333333333334,0.6243237917816071,9.733333333333334,0.46972766819617423,4.033333333333333,0.7952477249747218,1.7000000000000002,0.9464285714285714,1.1,0.5230895915678524,4.816962524654832,0.6794258373205742,0.6666666666666667,0.6645833333333333,1.2666666666666668,0.1,0.375,1.0,0.3844444444444445,162.56,165.1,1.0,10241.5,Josefine Knutsson
0.25,0.0,0.0,2.5,36.25,89.0,36.25,89.0,0.25,2.25,18.75,67.75,7.5,9.75,10.0,11.5,35.25,88.0,0.5,0.5,0.5,0.5,13.5,651.75,0.3736483134920635,2.928335734376072,0.3736483134920635,2.928335734376072,0.2743121442125237,1.5692838032516978,0.5694444444444444,0.5764011799410029,0.7236842105263158,0.782650751183371,0.3687339989759345,2.861669067709405,0.25,0.03333333333333333,0.25,0.03333333333333333,0.016666666666666666,0.03125,0.75,0.015,182.88,182.88,1.0,11151.0,Josh Quinlan
0.0,0.0,0.0,2.25,43.5,94.75,49.75,103.5,1.25,4.25,19.75,61.25,13.5,19.0,6.25,8.25,39.5,88.0,2.5,3.75,1.5,2.75,72.75,552.75,0.47860194791179034,4.27846771865115,0.5104578010065816,5.352056025578331,0.35536338426437214,2.15235455307706,0.6713230272552306,1.411723436965631,0.6224358974358974,0.5477230619417925,0.44986100500806386,3.600460309799522,0.4,0.3519204523298889,0.21428571428571427,0.32608695652173914,0.12242152466367713,0.17410714285714285,0.5,0.20296413994355467,185.42,195.58,2.0,12549.5,Adam Fugitt
0.0,0.0,0.0,2.5,37.5,62.0,64.5,102.5,4.0,7.0,33.5,57.5,3.0,3.5,1.0,1.0,8.5,25.5,3.0,3.5,13.5,20.0,376.5,667.0,0.5581560283687943,4.540092165898617,0.5714519293655984,6.933333333333334,0.4912698412698413,4.044859813084112,0.9,0.27158218125960065,0.5,0.06666666666666667,0.3621794871794872,0.7456221198156683,0.9166666666666667,0.2357910906298003,0.6484375,1.7980392156862748,0.37403993855606754,0.5961538461538461,1.0,0.59109375,167.64000000000001,167.64000000000001,1.0,10949.5,Eduarda Moura
0.4,0.8,1.0,2.4,40.4,73.6,80.6,122.0,0.8,2.6,21.2,48.0,11.2,14.8,7.8,10.6,20.6,47.0,10.4,14.0,7.0,9.6,155.4,646.0,0.5768684476414428,4.842597402597403,0.6959896692118739,8.306666666666667,0.4768966835263687,2.7891609739008585,0.6315151515151515,0.8611255411255412,0.5944444444444443,0.6533333333333333,0.493328740489396,2.918787878787879,0.6088311688311688,0.913073593073593,0.5876750700280112,1.0253372434017596,0.09125541125541126,0.26666666666666666,-0.1333333333333334,0.3195324675324675,162.56,165.1,1.0,8825.0,Denise Gomes
0.2,1.0,0.2,1.8,40.0,84.0,44.6,90.6,0.0,0.4,31.0,71.0,5.6,9.0,3.2,3.8,27.2,65.6,7.0,10.2,5.4,7.2,26.0,420.4,0.5084778613199666,5.437916499478065,0.5382623104503141,5.788757729807456,0.35292588409160175,3.677129729614348,0.3974747474747475,0.6593983055146874,0.6636363636363637,0.9126848106656336,0.45425059101654847,4.161710836627231,0.5141666666666667,0.6248047169974595,0.29166666666666663,0.6046872914791761,0.0,0.0,0.2,0.03409857927140862,187.96,182.88,1.0,11740.2,Julian Marquez
0.6,0.2,0.0,2.8,64.0,128.6,78.4,143.8,2.0,5.2,37.6,90.6,10.8,17.0,13.6,18.4,54.8,119.4,3.8,5.4,2.8,3.8,151.0,793.2,0.4989511473247331,5.014693355933115,0.5435616571538698,6.01121406567389,0.41470730576019044,3.0117166417800023,0.598513986013986,0.845499280304559,0.8158101812993117,1.1041441005152213,0.47686266496255225,4.374338448929961,0.7206060606060606,0.34269125738192285,0.42539682539682533,0.2644486594831645,0.1567136150234742,0.315,1.0,0.19063682060526163,167.64000000000001,180.34,3.0,11450.8,John Castaneda
0.6666666666666666,0.0,0.0,2.6666666666666665,66.33333333333333,129.66666666666666,69.66666666666667,134.0,0.3333333333333333,0.6666666666666666,39.666666666666664,91.0,15.666666666666666,26.0,9.666666666666666,12.666666666666666,54.666666666666664,115.66666666666667,11.333333333333334,13.333333333333334,0.3333333333333333,0.6666666666666666,43.333333333333336,746.0,0.5318145791830002,5.664535768645358,0.5401733839346533,6.027397260273972,0.45715730410386896,3.4599695585996955,0.5989948574100047,1.2666666666666666,0.7136752136752137,0.691324200913242,0.49960638385843054,4.488280060882801,0.8973684210526316,0.9777777777777779,0.3333333333333333,0.045662100456621,0.022222222222222223,0.3333333333333333,0.6666666666666666,0.07158802638254692,170.18,175.26,1.0,11140.666666666666,Daniel Marcos
0.4,0.2,0.0,2.2,41.4,85.0,46.6,91.0,0.2,0.2,21.0,63.8,10.8,14.2,7.2,8.6,36.8,78.0,2.0,2.2,1.4,2.6,6.4,449.0,0.49314035196388134,5.353571473284101,0.49669093791390695,5.573594903339192,0.33663019316865467,2.9459395315605343,0.7795454545454545,1.6129933606717437,0.6694372294372294,0.6876022261277095,0.4995275443510737,4.681727306288413,0.5333333333333333,0.27708963093145866,0.20952380952380953,0.3054481546572935,0.0210896309314587,0.2,0.6,0.015193321616871706,193.04,195.58,2.0,11654.8,Dominick Reyes
0.2,0.0,0.0,2.2,55.6,112.2,69.4,128.8,0.2,1.8,35.6,87.4,10.0,13.0,12.4,14.8,48.8,103.8,4.6,5.0,0.0,1.4,64.6,580.4,0.45143363132900627,5.756747967479674,0.47768149741760374,6.476747967479675,0.3243239626868422,3.1517073170731704,0.4588235294117647,0.6666666666666666,0.8494444444444443,1.48,0.4555167277167277,5.280236686390532,0.52,0.30666666666666664,0.0,0.0,0.013333333333333332,0.03333333333333333,0.8,0.0806449864498645,190.5,193.04,1.0,12915.8,Dustin Jacoby
0.25,0.5,1.0,2.75,50.5,130.5,95.25,199.0,1.0,2.75,38.0,113.0,5.25,10.25,4.0,4.75,32.0,102.75,6.5,9.75,9.25,12.75,145.25,785.5,0.4585176709890669,3.487556561085973,0.6275008550638379,8.471945701357466,0.37557948179271705,2.801809954751131,0.753968253968254,0.36726998491704377,0.8875,0.31847662141779787,0.37552832837969796,2.236953242835596,0.5673400673400674,0.48393665158371035,0.424953095684803,0.7666666666666667,0.06666666666666667,0.225,0.0,0.1763562091503268,175.26,180.34,1.0,10755.5,Ricky Turcios
0.6666666666666666,0.0,0.0,1.6666666666666667,26.333333333333332,50.0,43.0,70.33333333333333,0.3333333333333333,2.6666666666666665,20.333333333333332,43.666666666666664,2.3333333333333335,2.6666666666666665,3.6666666666666665,3.6666666666666665,22.333333333333332,42.666666666666664,3.0,6.0,1.0,1.3333333333333333,162.33333333333334,491.3333333333333,0.5391142355494726,3.8439798683701123,0.6323529411764706,5.9993031358885025,0.45799220272904484,2.7794812233836623,0.5833333333333334,0.29794812233836626,0.6666666666666666,0.7665505226480835,0.5285113651294179,3.387456445993031,0.4901960784313726,0.24746418892760355,0.25,0.20905923344947738,0.022222222222222223,0.05555555555555555,1.0,0.2455563026808213,175.26,182.88,1.0,12255.0,Charles Radtke
0.75,0.0,0.0,1.0,17.0,32.75,19.5,36.0,0.25,1.5,12.5,26.75,2.0,3.75,2.75,3.0,15.0,28.5,0.75,1.75,1.25,2.0,27.0,229.0,0.5493540051679586,4.09197850747965,0.5661989795918367,4.5601435084223825,0.3967667059772323,2.6994180265144045,0.38095238095238093,0.42785542561427814,0.9375,0.9503829288793089,0.5465821000704721,3.6669188183672077,0.41666666666666663,0.16238132105456177,0.39285714285714285,0.2626783680578817,0.05084745762711864,0.0625,1.0,0.0917825974150948,177.8,182.88,1.0,11290.5,Brunno Ferreira
0.2,0.8,0.0,2.0,29.0,62.6,50.8,87.2,2.2,3.6,13.6,45.2,7.2,8.4,8.0,8.8,23.2,53.0,2.0,3.0,3.6,6.0,185.4,517.4,0.3948259102156239,3.0823181431218787,0.5090778756935531,4.886526173938254,0.25580702535412464,1.4618750406564787,0.7453703703703705,0.6891301159904241,0.7652173913043478,0.7375649800953912,0.34132706374085686,2.4518947631526578,0.46428571428571425,0.2509840674789129,0.38619047619047625,0.3062617160928983,0.20960043816641488,0.49428571428571433,1.0,0.28256409214451245,182.88,190.5,1.0,11408.2,Dustin Stoltzfus
0.0,0.0,0.0,3.0,58.0,123.0,89.8,160.2,2.0,5.0,43.4,103.2,8.4,12.8,8.0,9.2,39.4,97.6,10.8,15.8,6.0,8.6,251.2,900.0,0.4901142324231307,4.3760913912688695,0.5498307055565073,6.4,0.4522120182834669,3.4179439252336445,0.6300557700557701,0.56,0.805,0.5333333333333334,0.423798416737348,2.846785009861933,0.7394557823129252,0.8400000000000001,0.4928571428571429,0.5866666666666667,0.13333333333333336,0.3388888888888889,1.0,0.2984444444444444,167.64000000000001,165.1,1.0,11055.0,Brad Katona
0.0,0.0,0.0,2.0,16.0,44.5,17.5,48.5,0.0,0.0,8.5,34.0,4.5,8.0,2.5,2.5,15.5,44.5,0.0,0.0,0.0,0.0,0.0,484.0,0.27857900318133616,2.3043478260869565,0.2956639566395664,2.3710144927536234,0.22698412698412698,1.8376811594202898,0.32142857142857145,0.3,0.5,0.16666666666666666,0.25435540069686413,2.3043478260869565,0.0,0.0,0.0,0.0,0.0,0.0,-0.5,0.0,177.8,185.42000000000002,1.0,11517.5,Jesse Butler
0.2,0.2,0.4,3.0,48.0,112.8,67.6,136.0,1.6,2.4,21.4,75.4,15.0,22.6,11.2,14.8,40.6,102.2,5.4,7.0,2.0,3.6,107.6,900.0,0.4284347475017027,3.2,0.49235049900750527,4.506666666666666,0.2789143334918323,1.4266666666666667,0.6691637029423994,1.0266666666666666,0.8038619275461383,0.7466666666666667,0.40799224007032686,2.7066666666666666,0.6497727272727272,0.36,0.49523809523809526,0.13333333333333333,0.10666666666666666,0.4333333333333333,0.7,0.11955555555555557,167.64000000000001,175.26,1.0,12580.4,Andrea Lee
0.0,0.2,0.2,2.6,37.0,95.6,60.2,126.2,1.2,2.4,26.6,82.0,6.6,8.8,3.8,4.8,25.4,77.4,5.4,10.8,6.0,7.4,186.6,747.6,0.439827688651218,2.7544784821217947,0.5696180866821751,4.96735618238803,0.3749677244381755,2.041170087284737,0.6592320261437908,0.45214437367303606,0.5053571428571428,0.26116402116402115,0.24444577161968467,1.7277469371587018,0.4853571428571429,0.4085774946921443,0.5636363636363637,0.6247619047619047,0.09566137566137567,0.3333333333333333,0.5,0.2685930868690954,170.18,172.72,1.0,10189.0,Montana De La Rosa
0.0,1.8,0.0,2.4,40.0,84.0,45.0,95.0,0.2,1.2,16.2,58.8,11.0,15.6,9.6,11.4,35.4,78.2,1.0,1.2,1.0,1.0,23.2,661.8,0.5032627507126828,3.9870025139645646,0.516784841104047,4.21410252503554,0.283236131338541,1.7549137725195998,0.6840336134453782,1.0127051102378164,0.7729251700680273,0.9943845720589334,0.48657969252277516,3.6702479372875003,0.3333333333333333,0.09004694835680752,0.2,0.1056338028169014,0.02112676056338028,0.1,1.0,0.03474021909233177,187.96,187.96,1.0,10790.2,Miguel Baeza
0.2,0.0,0.0,2.4,46.0,90.6,59.4,111.6,0.8,2.0,31.2,77.2,10.4,11.8,1.2,1.6,19.0,48.2,3.6,4.4,9.2,10.8,112.6,635.4,0.539933966268892,4.529523940712171,0.5815817891737793,5.539664369389185,0.44933177541356617,3.148981812918139,0.8503030303030303,1.021824313816102,0.3333333333333333,0.11393939393939394,0.4108884849486353,2.0840675882437454,0.8933333333333333,0.40578155572045793,0.5668711656441718,0.9456767517821806,0.06666666666666667,0.16666666666666669,1.0,0.1521303837170847,180.34,182.88,2.0,11071.6,Punahele Soriano
0.0,0.0,0.0,3.0,70.5,140.0,83.0,154.0,0.0,2.0,44.0,98.0,19.0,27.0,6.5,10.5,62.0,130.5,8.0,9.0,0.5,0.5,31.5,900.0,0.49923076923076926,4.699999999999999,0.5393049932523617,5.533333333333333,0.45255016722408026,2.9333333333333336,0.6387468030690537,1.3333333333333333,0.6111111111111112,0.43333333333333335,0.46661324786324787,4.133333333333333,0.875,0.5333333333333333,0.5,0.03333333333333333,0.0,0.0,1.0,0.034999999999999996,162.56,165.1,1.0,10502.0,Rayanne dos Santos
0.0,0.0,0.0,3.0,95.0,199.0,99.0,203.0,0.0,0.0,29.0,112.0,24.0,34.0,16.0,26.0,85.0,194.0,1.0,5.0,0.0,0.0,11.0,900.0,0.47738693467336685,6.333333333333333,0.4876847290640394,6.6,0.25892857142857145,1.9333333333333333,0.847457627118644,2.0,0.5714285714285714,1.0666666666666667,0.4845360824742268,6.266666666666667,0.2,0.06666666666666667,0.0,0.0,0.0,0.0,1.0,0.012222222222222223,162.56,165.1,2.0,11143.0,Puja Tomar
0.2,1.0,0.0,2.2,19.6,40.2,31.4,53.6,1.6,4.4,9.0,27.2,4.6,6.4,6.0,6.4,15.0,33.8,1.4,2.6,3.2,3.4,192.8,565.8,0.5656244830438378,1.9799538272996524,0.6191923677865769,3.3671539374721418,0.4223016059537799,0.9730172374822736,0.5785714285714285,0.45814447778762063,0.975,0.5487921120297582,0.5093946731234866,1.4695749547246464,0.6466666666666667,0.17312221560476662,0.37142857142857144,0.3372566569702394,0.2125105948096596,0.4809523809523809,0.6666666666666666,0.41881373159441343,175.26,177.8,1.0,10353.6,Thiago Moises
0.4,0.0,0.0,2.2,48.2,103.2,54.8,109.8,0.4,3.0,29.8,79.0,12.6,17.4,5.2,5.6,38.2,92.8,5.2,7.4,2.2,2.4,68.0,567.2,0.461315296396705,4.828652482269503,0.4879802257754856,5.680000000000001,0.38371870479035,3.1705407288976346,0.6282109015855146,1.28,0.7444444444444445,0.536723163841808,0.4199863610639502,4.201985815602837,0.41666666666666663,0.5333333333333334,0.3666666666666667,0.5593352883675464,0.026666666666666665,0.07333333333333333,0.9,0.13805978282646153,167.64000000000001,165.1,1.0,12133.0,Cody Stamann
0.6,0.0,0.0,2.2,47.8,76.4,56.6,87.4,1.0,2.0,30.8,58.4,9.0,9.8,8.0,8.2,43.6,71.0,2.2,3.2,2.0,2.2,94.4,563.8,0.6297583086236719,5.234992527863794,0.6604892439431913,6.19948396141492,0.5351528093008636,3.3962057428601673,0.9133333333333333,1.1034507153090407,0.9888888888888889,0.9158081506580537,0.603710549793688,4.581931670497808,0.5833333333333333,0.28131339848425807,0.38,0.15603603603603605,0.09071476285905143,0.3111111111111111,0.4,0.12217054842747324,182.88,190.5,2.0,11846.8,Roman Kopylov
0.0,1.4,0.0,2.4,17.6,36.8,49.2,72.2,1.6,3.6,15.0,34.0,1.2,1.4,1.0,1.0,12.6,30.6,1.4,2.4,3.2,3.2,250.4,679.2,0.5090537850458595,1.3865523733581413,0.7026597003133439,4.564208891477383,0.45999273783587513,1.1482199808765923,0.4,0.07999999999999999,0.8,0.0735014005602241,0.4361626468769327,0.9721452145214522,0.4333333333333333,0.10016806722689076,0.6,0.21333333333333332,0.18700280112044818,0.3976190476190476,0.7,0.4018324394939494,175.26,177.8,1.0,10767.0,Joe Solecki
0.4,0.6,0.0,2.8,42.6,70.6,76.2,108.0,2.4,5.2,30.8,59.6,8.2,9.2,1.4,1.8,29.4,54.0,7.6,8.6,5.6,8.0,292.2,537.0,0.6090924426450742,4.333110151759419,0.7133202319967027,7.983822017004653,0.55004147004147,3.0363377796880804,0.9103030303030304,0.8893127961757227,0.5333333333333333,0.27125885904973784,0.5279712017844831,2.1225679816256227,0.9195360195360195,0.8187773091468437,0.65,1.2623024953955553,0.1835532607029277,0.38472222222222224,1.0,0.4111013608575642,177.8,177.8,2.0,11483.2,Islam Makhachev
0.4,1.2,0.0,3.0,45.0,87.8,58.6,103.4,0.0,0.2,37.6,79.6,5.8,6.2,1.6,2.0,36.0,75.4,6.6,9.6,1.6,2.8,28.6,618.8,0.5547913927718602,3.98003806066268,0.6128497314735847,4.91351502347158,0.5119927293227967,3.3859009008637635,0.9800000000000001,0.44115676917087104,0.6833333333333333,0.1529803906280457,0.5198119994958029,3.3148428654002835,0.7031135531135531,0.5161389698259341,0.41428571428571426,0.1490562254364623,0.0,0.0,0.2,0.04175167418534814,175.26,182.88,2.0,12544.6,Dustin Poirier
0.0,1.4,0.2,2.2,18.4,26.6,47.2,60.4,2.8,6.2,16.2,23.4,1.4,1.8,0.4,1.0,1.8,4.4,0.6,1.6,9.8,14.0,321.2,416.4,0.5587719298245613,1.9200374016819979,0.7575644994840042,4.541458466794789,0.47307692307692306,1.6184677271268928,0.4,0.1754443122540496,0.16666666666666666,0.033210084033613446,0.3635294117647059,0.2215180617701626,0.075,0.024,0.4755722326454034,0.9479152584721803,0.3390745643548899,0.5384615384615385,1.0,0.6740679824561404,190.5,200.66,1.0,11793.8,Jailton Almeida
0.0,0.2,0.2,1.8,27.4,53.6,43.2,74.2,1.4,3.4,17.2,41.6,3.6,4.6,6.4,6.8,19.6,42.4,2.6,3.2,5.0,7.6,126.2,442.8,0.49595054830752777,2.6100174099370568,0.5708717918061533,4.087633587786259,0.295134912933956,1.7728244274809164,0.3166666666666667,0.24,0.5636363636363637,0.4949659863945578,0.351276034276709,1.4203848812252173,0.35,0.17333333333333334,0.40379620379620373,0.9325490196078432,0.145997425997426,0.4,0.8,0.309875408496732,187.96,190.5,2.0,11786.4,Alexandr Romanov
0.4,0.4,0.2,2.6,37.0,83.4,43.2,91.0,0.4,1.0,26.6,70.0,4.8,6.8,5.6,6.6,31.8,76.2,4.8,6.2,0.4,1.0,98.0,720.4,0.4553244756406231,3.0492788016363233,0.48117343677176266,3.520566426092828,0.4016507426795305,2.2213768364288553,0.5041666666666667,0.43562656192637217,0.6950000000000001,0.3922754032810959,0.4175059746926344,2.5457819564892783,0.8114285714285714,0.44832443135394123,0.2,0.05517241379310345,0.02822167080231596,0.2,0.2,0.11304443444913248,190.5,200.66,1.0,11817.6,Phil Rowe
0.2,0.4,0.2,2.6,52.4,118.4,67.6,135.8,0.4,1.0,33.4,92.8,11.8,16.2,7.2,9.4,47.0,111.2,2.2,3.6,3.2,3.6,72.8,720.2,0.45333784306790204,4.91242927829361,0.5081868982344586,6.067936207542335,0.373788154353292,3.222940840183729,0.7730392156862744,1.0223896544246653,0.8474999999999999,0.667098783685217,0.43621053617266414,4.343324856585251,0.7133333333333333,0.1862101050722495,0.5833333333333333,0.38289431663611095,0.026666666666666665,0.3,1.0,0.0970449793338196,180.34,185.42000000000002,1.0,10527.6,Jake Matthews
0.0,0.4,0.4,2.2,45.4,88.6,49.2,92.8,0.6,2.4,33.2,73.4,9.2,12.4,2.2,2.4,42.8,84.4,2.2,3.2,0.4,1.0,28.4,619.6,0.5068019454340209,4.15831173147225,0.5208149640668774,4.452610374006186,0.46032682175333955,3.2360518444666004,0.6862745098039216,0.7211299435028249,0.5,0.20112994350282482,0.4927599872882766,3.8350865352659964,0.8333333333333333,0.2965585295395864,0.26666666666666666,0.026666666666666665,0.1354285860367615,0.4,0.9666666666666666,0.09581022743734607,187.96,187.96,3.0,10984.6,Mickey Gall
0.0,0.0,0.5,3.0,63.5,162.5,74.5,175.5,3.0,8.0,48.0,148.5,4.5,7.5,3.0,3.0,56.5,156.0,2.5,5.0,1.5,1.5,240.0,900.0,0.3653506660247151,4.233333333333333,0.4106889564336373,4.966666666666667,0.3458567576214635,3.7333333333333334,0.5555555555555556,0.3,1.0,0.19999999999999998,0.353180150270837,3.966666666666667,0.4583333333333333,0.16666666666666666,0.5,0.1,0.2,0.375,0.875,0.26666666666666666,180.34,182.88,1.0,11649.0,Bassil Hafez
0.0,0.0,0.0,3.0,32.0,76.0,32.0,76.0,1.0,2.0,20.0,58.0,12.0,18.0,0.0,0.0,32.0,76.0,0.0,0.0,0.0,0.0,9.0,900.0,0.42105263157894735,2.1333333333333333,0.42105263157894735,2.1333333333333333,0.3448275862068966,1.3333333333333333,0.6666666666666666,0.8,0.0,0.0,0.42105263157894735,2.1333333333333333,0.0,0.0,0.0,0.0,0.06666666666666667,0.5,1.0,0.01,165.1,165.1,3.0,9360.0,Mitch Raposo
0.4,0.6,0.4,2.2,43.0,100.2,51.2,111.0,0.4,0.6,22.6,74.4,7.0,11.0,12.8,14.8,38.6,94.8,2.6,3.2,1.8,2.2,50.0,606.0,0.38859622757202394,4.331026042263018,0.40799874904117955,4.877692708929684,0.26487831136054785,2.2535022836278515,0.571159420289855,0.6680315000699719,0.9012820512820513,1.4094922585651948,0.37142916001345494,3.9901123366792617,0.36923076923076925,0.1733333333333333,0.5333333333333333,0.167580372250423,0.026666666666666665,0.2,1.0,0.0579345741680767,190.5,198.12,1.0,12072.6,Randy Brown
0.0,0.2,0.0,3.0,56.2,142.8,71.4,158.4,1.2,4.2,28.4,100.6,14.0,25.0,15.4,18.8,46.4,128.0,8.6,13.0,3.2,3.6,134.2,900.0,0.4039690970291809,4.256091391268869,0.4390731706976889,5.053333333333333,0.27023702112423914,2.2399999999999998,0.549038961038961,1.0177777777777777,0.8320334685598377,1.0266666666666666,0.3676543486993742,3.3134516765285995,0.6615548281505728,0.6933333333333334,0.76,0.21333333333333332,0.08,0.21428571428571427,0.9,0.1491111111111111,180.34,185.42000000000002,1.0,12797.2,Elizeu Zaleski dos Santos
0.4,0.0,0.0,4.4,98.8,220.4,129.6,242.0,0.2,0.2,69.4,184.0,17.8,25.0,6.8,8.8,84.4,203.8,4.2,5.6,3.8,6.0,55.4,832.0,0.4571894470175593,7.127714285714286,0.4622407699422034,7.303714285714285,0.41640989017667485,5.297943925233644,0.6423397680128693,1.209873015873016,0.6566844919786096,0.27199999999999996,0.44610471053676193,6.592236686390533,0.4326984126984127,0.168,0.24,0.33999999999999997,0.008,0.2,1.0,0.03917142857142857,185.42,193.04,1.0,11900.2,Sean Strickland
0.0,0.0,0.0,3.6,71.0,146.4,92.4,163.6,0.6,0.6,35.2,93.0,18.6,25.6,12.2,14.0,61.4,135.2,1.8,2.0,4.2,5.0,75.2,827.8,0.5669785948433493,4.701828076685219,0.5824719730828385,5.213828076685219,0.36900024640895185,1.937860235003092,0.815026565026565,1.5469552669552669,0.8690909090909089,0.8534570191713049,0.5557347593161988,4.355161410018552,0.55,0.08800000000000001,0.31228070175438594,0.25866666666666666,0.034666666666666665,0.4,1.0,0.0795266130694702,185.42,182.88,1.0,11484.6,Paulo Costa
0.0,0.4,1.0,3.0,60.0,134.4,108.6,189.4,1.0,3.0,17.4,62.2,15.6,22.6,15.2,22.0,51.8,122.2,6.0,9.0,1.8,2.6,193.8,900.0,0.4770477457756523,4.386666666666667,0.6056984554715741,7.68,0.27861280134069405,1.1600000000000001,0.6477225218175532,1.2044444444444444,0.6818584752288868,1.146666666666667,0.4587019622488741,3.6666666666666665,0.6122875816993465,0.4,0.47619047619047616,0.12,0.07999999999999999,0.19166666666666665,0.13333333333333336,0.22999999999999998,172.72,177.8,1.0,10057.2,Joselyne Edwards
0.5,0.0,0.0,1.0,12.5,27.0,14.5,30.0,0.0,0.5,5.0,16.0,3.5,5.0,4.0,6.0,11.5,25.5,0.5,0.5,0.5,1.0,24.0,188.5,0.47115384615384615,3.77639751552795,0.4899888765294772,4.445430346051464,0.35,1.5989352262644188,0.3888888888888889,0.9130434782608695,0.7142857142857143,1.264418811002662,0.4583333333333333,3.5155279503105588,0.5,0.13043478260869565,0.25,0.13043478260869565,0.0,0.0,1.0,0.10434782608695652,172.72,177.8,1.0,11770.0,Victor Martinez
0.4,0.0,0.0,1.6,42.8,94.0,43.4,99.6,0.0,0.0,30.4,78.6,6.4,9.0,6.4,6.8,34.2,81.6,0.8,2.2,5.2,6.6,6.2,383.8,0.45962856120889484,7.3082691185683,0.4558387696652166,7.866161394928274,0.3951535779006198,5.286595230129801,0.6653679653679654,0.9097883405747785,0.7682539682539682,0.8969623267715537,0.43179526355996944,5.622028424378192,0.2,0.1331192355141285,0.35,0.9678910865656306,0.0,0.0,1.0,0.028337036151520563,170.18,177.8,1.0,10681.4,Adrian Yanez
0.0,0.0,0.0,2.3333333333333335,50.666666666666664,119.66666666666667,63.0,132.66666666666666,0.3333333333333333,2.6666666666666665,28.666666666666668,92.0,13.333333333333334,17.333333333333332,8.666666666666666,10.333333333333334,47.0,115.66666666666667,1.6666666666666667,2.6666666666666665,1.3333333333333333,1.3333333333333333,7.333333333333333,655.6666666666666,0.4376068376068376,5.0359281437125745,0.4827097505668934,5.858150365934797,0.3018504371445548,2.4963406520292746,0.8247619047619047,1.4222222222222223,0.8065476190476191,1.0654690618762477,0.4253949002281325,4.835928143712574,0.5238095238095238,0.1111111111111111,0.3333333333333333,0.08888888888888889,0.022222222222222223,0.05555555555555555,0.8333333333333334,0.00814814814814815,170.18,177.80000000000004,2.0,9922.0,Vinicius Salvador
0.0,0.0,0.0,3.0,94.0,206.6,112.2,214.8,0.2,1.4,58.8,148.0,21.8,29.8,17.0,20.8,81.4,197.2,3.2,4.6,0.6,0.6,12.0,900.0,0.5232880507674269,7.24,0.5306758750505629,7.68,0.4154272589947686,4.213333333333333,0.7463163307280956,1.52,0.8859856387595675,1.3199999999999998,0.5097274914184975,6.24,0.4,0.21333333333333332,0.2,0.04,0.013333333333333332,0.2,1.0,0.013333333333333332,162.56,165.1,1.0,10738.0,Emily Ducote
0.25,0.0,0.0,2.25,28.5,64.75,47.75,97.0,1.5,2.25,15.25,45.0,9.5,14.75,3.75,5.0,24.25,59.75,1.0,1.0,3.25,4.25,147.0,607.0,0.5134550137256716,4.645709477181326,0.5539313306330633,6.558928571428571,0.429217492177051,2.9515965732087226,0.7288372859025033,1.334126984126984,0.3888888888888889,0.35119047619047616,0.45512168039233825,3.8174098337559874,0.5,0.5166666666666667,0.43333333333333335,1.065686274509804,0.12678571428571428,0.3392857142857143,1.0,0.22213052161654134,187.96,198.12,1.0,12026.75,Abus Magomedov
0.2,0.2,0.2,2.0,25.2,47.2,28.6,51.0,0.4,1.0,13.0,33.2,5.2,6.4,7.0,8.2,21.4,42.4,2.0,3.0,1.8,1.8,56.8,482.4,0.6113157894736843,4.088775178762478,0.6577187028657617,4.764043995966779,0.4672771672771672,1.7296468601659942,0.8916666666666668,0.9401447546329436,0.8644444444444443,0.9586314760508309,0.5695388378618192,3.079430115223867,0.4666666666666666,0.43573802541544476,0.4,0.573607038123167,0.090752688172043,0.26666666666666666,0.2,0.1740931899641577,180.34,182.88,1.0,11595.2,Warlley Alves
0.4,0.0,0.0,3.4,49.4,123.4,57.6,132.2,0.6,0.8,27.2,95.4,12.0,17.4,9.0,11.6,45.8,116.2,4.4,6.2,1.4,1.8,41.0,712.2,0.44975672206932177,4.324928874734606,0.4646293276239638,4.53026220806794,0.2919707438530968,2.177387157785366,0.7351190476190476,1.152620150550087,0.7975,0.6989963327542945,0.43223660225211286,3.8706183431952668,0.5185185185185185,0.2924331210191083,0.5428571428571429,0.1297664543524416,0.024,0.15,0.95,0.029792215145081385,180.34,190.5,1.0,13432.2,Edson Barboza
0.4,0.4,0.0,3.2,60.4,122.4,80.2,142.2,1.8,3.4,39.2,95.0,14.8,20.0,9.2,10.2,44.8,101.6,8.6,10.2,7.4,11.0,207.0,782.8,0.5702474759510847,4.512866242038217,0.6244609102923715,5.832849256900213,0.49694451549524005,3.068087821999681,0.6168906874789227,0.8826666666666666,0.7142424242424241,0.5013333333333334,0.4811076753400507,3.211549893842888,0.6743697478991597,0.504,0.7286274509803923,0.5573163481953292,0.09866666666666665,0.4033333333333333,0.2,0.20537692852087758,175.26,185.42000000000002,1.0,11414.4,Lerone Murphy
0.2,0.0,0.0,2.6,32.0,102.2,52.2,130.6,1.4,2.0,20.8,83.2,6.0,11.4,5.2,7.6,30.0,98.4,0.0,0.4,2.0,3.4,126.2,733.6,0.35265248913256275,3.922758057935537,0.41591344954716397,5.657872340425532,0.3107626828509181,2.724610591900311,0.45166666666666666,0.4,0.6318181818181818,0.3466666666666667,0.3454518474907459,3.3134516765285995,0.0,0.0,0.35,0.37531914893617024,0.09333333333333334,0.45,1.0,0.14425531914893616,165.1,167.64000000000001,1.0,11260.2,Alatengheili
0.25,0.25,0.5,2.0,34.75,65.25,51.0,83.0,0.5,2.0,16.25,41.5,10.5,14.25,6.75,8.75,30.0,59.5,3.0,3.75,1.75,2.0,63.5,530.75,0.5834445160103054,4.495098039215686,0.6545940170940171,6.9372549019607845,0.46282467532467536,2.6371642298537914,0.8666666666666667,1.3176470588235294,0.875,0.9509803921568627,0.5550279532354232,3.685294117647059,0.6428571428571429,0.592156862745098,0.5,0.20098039215686275,0.03333333333333333,0.07142857142857142,-0.25,0.09163398692810457,165.1,170.18,1.0,10070.25,Kleydson Rodrigues
0.6,0.0,0.0,2.6,66.4,166.8,82.6,185.6,0.0,0.2,33.2,126.4,13.8,20.0,18.4,23.4,58.4,153.4,2.8,5.4,3.0,4.4,96.8,690.4,0.4236462375390639,6.434884189325277,0.4527812020245004,7.234279959718026,0.30422135238243964,2.9235850956696883,0.6925701350149567,1.2154279959718026,0.7617787114845938,1.9225377643504533,0.40501505576925095,5.559471328888015,0.4276190476190476,0.1962537764350453,0.4428571428571429,0.3727291037260826,0.0,0.0,1.0,0.11339039946290701,182.88,195.58,1.0,10386.8,Khaos Williams
0.2,0.2,0.0,1.8,23.2,46.4,42.4,68.6,1.0,2.6,16.4,37.6,5.2,6.6,1.6,2.2,15.2,36.6,2.6,3.4,5.4,6.4,128.2,421.6,0.4389322669871869,4.811929824561404,0.528933071510391,6.597244904023296,0.33197655197655196,3.3179795284965565,0.7414285714285714,1.0053708920187794,0.85,0.6034668092945862,0.3845595068752964,3.3317981814940274,0.3466666666666667,0.24266666666666667,0.3437229437229437,0.7193352883675465,0.06666666666666667,0.08333333333333334,0.2,0.19388869475644302,182.88,193.04,1.0,12957.6,Carlston Harris
0.25,0.25,0.0,2.75,44.0,114.25,49.0,124.75,1.0,5.25,25.75,85.5,10.75,17.5,7.5,11.25,39.25,105.0,3.5,7.25,1.25,2.0,71.75,796.25,0.373871373159693,3.1856860135358493,0.3872740005092946,3.6044178540981613,0.28857072217563307,1.8805056805330826,0.5963492063492064,0.7629343041564451,0.7518939393939393,0.5422460288463211,0.363099911838444,2.842642709257616,0.4903846153846154,0.2597099709448997,0.17857142857142858,0.08333333333333333,0.07851444925796405,0.24404761904761904,0.95,0.08200900650115119,162.56,165.1,1.0,11129.5,Luana Pinheiro
0.0,0.0,0.0,1.0,3.0,6.0,4.0,7.0,0.0,0.0,1.0,4.0,0.0,1.0,2.0,2.0,3.0,4.0,0.0,0.0,0.0,0.0,0.0,223.0,0.7105263157894737,0.8071748878923767,0.8,1.0762331838565022,0.65,0.26905829596412556,0.0,0.0,1.0,0.5381165919282511,0.6326530612244898,0.8071748878923767,0.0,0.0,0.0,0.0,0.0,0.0,-1.0,0.0,193.04,193.04,1.0,12376.0,Tuco Tokkos
0.3333333333333333,0.6666666666666666,0.0,2.3333333333333335,30.666666666666668,55.666666666666664,50.0,77.0,0.0,1.3333333333333333,10.0,32.333333333333336,4.0,4.333333333333333,11.0,13.0,29.0,53.666666666666664,1.6666666666666667,2.0,0.0,0.0,54.333333333333336,574.3333333333334,0.5513023304861332,3.6322479363954017,0.6666848094778045,5.6687834438986515,0.32480336767475354,1.2427192878805782,0.9583333333333334,0.8702017559160417,0.9503546099290779,1.2851572390742898,0.5251851851851852,3.1707432352593643,0.6666666666666666,0.46150470113603753,0.0,0.0,0.0,0.0,1.0,0.14809259353038154,167.64000000000001,172.72,1.0,9161.0,Tamires Vidal
0.2,0.4,0.6,2.8,46.4,93.2,85.8,139.6,1.2,4.2,26.0,63.6,11.4,16.4,7.0,10.0,39.0,82.6,4.8,7.8,2.6,2.8,216.6,736.4,0.5046767250077417,3.814761539678483,0.6202887164917825,7.297364341085272,0.41798684720667734,2.1428824553077046,0.7080300751879699,1.0186221751670257,0.6347368421052633,0.5999235758704197,0.4773099813729499,3.2096364986065984,0.5028571428571429,0.3760476068781717,0.7333333333333333,0.22907743419371326,0.09767660910518053,0.33999999999999997,0.7047619047619047,0.3016328029375765,165.1,175.26,1.0,9650.8,Melissa Gatto
0.0,1.0,0.0,2.2,17.0,40.8,20.6,45.0,1.0,2.8,12.8,35.2,3.2,4.6,0.6,0.6,14.6,37.2,2.0,2.6,0.0,0.0,98.4,559.6,0.42467240022789554,1.5451547747644754,0.5518858560794044,1.9854462614921489,0.2873847514714388,1.0917398871752524,0.4166666666666667,0.22312586445366528,0.4,0.0465283540802213,0.31961119468496096,1.2307382341846584,0.3055555555555555,0.13333333333333336,0.0,0.0,0.19933075933075933,0.4916666666666666,0.5416666666666666,0.3342090658440708,177.8,182.88,1.0,10714.0,Ramiz Brahimaj
0.2,1.4,1.2,2.0,48.0,94.0,87.4,142.8,1.2,3.8,38.6,81.4,7.2,9.6,1.8,1.8,23.2,49.0,6.0,9.2,12.6,17.8,215.6,486.0,0.4977597123489822,5.847923299269437,0.6024216826973297,9.1612651409818,0.47212496698703593,4.76532621075467,0.5623529411764706,0.8203567447045709,0.4,0.23710144927536234,0.32984213250517597,2.906911928651059,0.226179604261796,0.5405128205128206,0.6675078344054098,1.5066314166115886,0.09987179487179487,0.3342857142857143,1.0,0.37320039253817344,185.42,187.96,2.0,8864.6,Chase Hooper
0.4,0.0,0.2,2.2,17.0,32.2,20.6,37.8,0.2,1.2,13.8,28.0,2.6,3.8,0.2,0.2,4.6,13.0,2.8,3.4,9.2,15.4,57.8,374.0,0.49653693433003776,3.861315191091692,0.5203958779716356,4.68575654853621,0.42764568764568767,2.696551819477845,0.6599999999999999,0.7537380585516178,0.2,0.2181818181818182,0.40840882694541225,1.5857989667361552,0.3625,0.24836979969183362,0.36587301587301585,1.0822521526330102,0.018489984591679505,0.05,0.4,0.218595281201849,190.5,200.66,1.0,13755.0,Derrick Lewis
0.0,0.2,0.0,2.6,40.6,87.8,66.6,117.6,0.8,2.2,30.2,73.8,6.0,8.8,4.4,5.0,31.6,76.6,5.8,7.4,3.0,3.4,176.6,683.4,0.44581102242534615,3.0858962506420133,0.5247805012482573,5.037945557267591,0.3570846127849291,2.095839753466872,0.6188744588744589,0.43609655880842324,0.7373737373737373,0.5672932717000514,0.37570509521358725,2.4012532100667694,0.72,0.41760657421674374,0.37333333333333335,0.26703646635850026,0.05848998459167951,0.2857142857142857,0.4,0.22635781544256123,187.96,200.66,1.0,10997.6,Rodrigo Nascimento
0.5,0.0,0.0,2.0,72.5,158.0,86.0,174.0,0.5,6.0,38.5,111.5,15.5,26.5,18.5,23.5,63.0,147.0,5.0,7.5,1.0,2.5,125.5,564.5,0.46822584455468935,8.640228478172174,0.4849692601229595,9.933187772925763,0.32011605415860733,3.8363901018922855,0.5977272727272727,1.7111111111111112,0.8138888888888889,2.0,0.4595827900912647,7.100591715976331,0.8076923076923077,0.5286754002911208,0.2,0.26200873362445415,0.03333333333333333,0.041666666666666664,1.0,0.14758369723435225,177.8,182.88,3.0,9329.5,Billy Ray Goff
0.0,0.5,0.5,3.0,97.0,212.0,106.5,220.5,0.5,1.5,67.0,180.0,6.5,11.0,3.0,3.0,85.0,202.0,1.5,1.5,0.5,0.5,13.5,900.0,0.4694909688013137,6.666666666666667,0.48523150062009096,7.1,0.45456255171894977,6.033333333333333,0.6025641025641025,0.43333333333333335,1.0,0.19999999999999998,0.4644936751221471,6.466666666666667,1.0,0.1,0.5,0.03333333333333333,0.03333333333333333,0.25,0.25,0.015,193.04,195.58,1.0,10483.0,Trey Waters
0.2,0.0,0.6,2.4,51.2,116.8,64.6,129.8,0.6,1.6,35.8,92.8,11.8,19.2,2.2,3.2,41.8,103.8,1.8,2.4,9.8,12.6,51.4,659.6,0.4504583914435137,4.737811002130407,0.47447355140360026,5.527124872088725,0.41158349701827956,3.3932066696575687,0.4427231762270125,1.0877056175041329,0.5833333333333333,0.25689871496870437,0.38074741034563875,3.7478589647690312,0.4666666666666666,0.15129578727018583,0.6710424710424711,0.8386562500911889,0.0404040404040404,0.2,1.0,0.06534134877727796,175.26,187.96,1.0,13526.0,Diego Ferreira
0.75,0.5,0.0,2.25,51.25,104.75,70.5,130.5,2.5,3.0,29.5,75.75,12.5,19.0,9.25,10.0,41.5,92.75,1.0,2.5,8.75,9.5,226.0,608.75,0.5233627331711274,4.932942338653425,0.574948657446855,7.516073387853902,0.4465208363291248,2.8037082282323045,0.48985540162010754,1.0299220272904483,0.9125,1.0072068199727773,0.42871631809554217,3.838920405532517,0.1,0.06666666666666667,0.6766304347826086,1.02618740597464,0.26606492001228843,0.8875,0.85,0.424134767169015,170.18,167.64000000000001,2.0,11265.25,Mateusz Rebecki
0.0,0.0,0.2,2.6,44.0,86.6,53.2,96.8,0.4,3.8,38.2,78.8,5.0,6.6,0.8,1.2,31.6,70.4,4.2,5.8,4.6,6.8,152.0,749.4,0.5132465892287982,3.6759831258665043,0.5542294883532459,4.514365502430538,0.47385687405267296,3.243673658014596,0.7290909090909091,0.37897613451857565,0.3,0.05333333333333333,0.44329148702431515,2.568922037450296,0.6717171717171717,0.29990772112701813,0.2787301587301587,0.5460019550342131,0.05240174672489083,0.06666666666666667,0.3666666666666667,0.21438777226674705,165.1,170.18,2.0,11225.0,JJ Aldrich
0.0,0.2,0.2,2.6,47.4,98.8,63.6,119.6,1.0,3.0,31.6,77.6,8.2,12.4,7.4,8.4,36.6,82.4,5.4,9.4,3.8,5.6,113.4,733.8,0.5383211602395528,3.2939130434782613,0.6228526760931326,4.493333333333334,0.3567629149974384,2.1494080996884737,0.7647619047619048,0.7072463768115943,0.6933333333333334,0.49333333333333335,0.49534404547726946,2.6005797101449275,0.48,0.36,0.17857142857142858,0.33333333333333337,0.06666666666666667,0.3,1.0,0.13670531400966185,162.56,165.1,2.0,9682.4,Veronica Hardy
0.3333333333333333,0.0,0.3333333333333333,1.6666666666666667,16.333333333333332,37.666666666666664,20.333333333333332,42.666666666666664,0.3333333333333333,0.3333333333333333,11.0,28.0,4.666666666666667,8.666666666666666,0.6666666666666666,1.0,12.333333333333334,29.666666666666668,0.3333333333333333,0.3333333333333333,3.6666666666666665,7.666666666666667,13.0,391.6666666666667,0.49074074074074076,3.459451659451659,0.5119731800766284,3.726118326118326,0.453743961352657,2.787590187590187,0.34722222222222215,0.3898989898989899,0.5,0.2819624819624819,0.4766101694915254,2.4014430014430013,0.3333333333333333,0.022222222222222223,0.4920634920634921,1.035786435786436,0.13333333333333333,0.3333333333333333,-0.3333333333333333,0.023655603655603655,193.04,193.04,1.0,11012.0,Nursulton Ruziboev
0.2,0.0,0.0,1.4,13.8,29.8,18.0,35.0,0.4,1.8,10.6,25.2,3.2,4.4,0.0,0.2,7.2,21.4,3.2,4.2,3.6,4.8,82.0,205.0,0.4594056062141168,6.021095716197306,0.5134479394008351,7.684135874318878,0.4051227390180879,4.261553008826129,0.6606060606060605,1.0968213488742984,0.0,0.0,0.29273809523809524,2.8934009577048494,0.7571428571428571,1.2253950953678474,0.5368421052631579,1.1843316731727016,0.0653950953678474,0.08,0.9,0.3434698806105203,177.8,185.42000000000002,3.0,10579.0,Terrance McKinney
0.2,0.2,0.0,2.6,59.2,130.6,83.2,157.6,0.6,1.0,39.6,104.2,9.8,14.4,8.2,10.0,47.4,109.2,2.8,3.8,5.2,7.8,122.0,756.2,0.456784516242568,5.127808471454881,0.48850317019914924,6.620773480662985,0.3886450165709749,3.4719066628343924,0.5283112128146453,0.8122283609576428,0.8495959595959596,0.705561694290976,0.4653880908291164,3.995580110497238,0.6628571428571429,0.34556169429097605,0.09736842105263158,0.49333333333333335,0.04,0.15,0.2,0.14133333333333337,193.04,198.12,1.0,11650.0,Waldo Cortes-Acosta
0.5,0.0,0.0,2.0,16.5,30.5,17.5,34.0,0.0,0.0,9.0,22.5,1.0,1.5,6.5,6.5,15.5,29.0,0.0,0.5,1.0,1.0,10.5,484.0,0.6166666666666667,5.640228478172174,0.6261770244821092,6.966666666666667,0.49404761904761907,4.011526479750779,0.3333333333333333,0.06666666666666667,0.5,0.43333333333333335,0.588235294117647,4.416962524654832,0.0,0.0,0.5,1.7647058823529413,0.0,0.0,-0.5,0.0661111111111111,193.04,200.66,1.0,12996.5,Robelis Despaigne
1.0,0.2,0.0,1.4,26.0,45.6,28.0,47.8,0.2,0.4,17.0,35.2,5.2,5.8,3.8,4.6,18.6,36.0,1.6,1.8,5.8,7.8,24.0,277.0,0.6246828533785056,6.655423713100734,0.6410191486621694,7.787648782274308,0.5767031661149309,4.815297791365271,0.7739130434782608,0.9145768116194777,0.6166666666666666,0.8557904099196904,0.5628932178932179,4.657825548399267,0.17777777777777776,0.1079865016872891,0.7240350877192981,1.9746702097376694,0.013498312710911137,0.1,1.0,0.08358954621951326,193.04,195.58,1.0,11870.8,Carlos Ulberg
0.2,0.0,0.2,2.6,57.2,126.4,64.0,133.8,0.4,1.0,30.4,89.6,18.8,25.0,7.6,9.2,52.6,118.2,3.2,5.4,1.4,2.8,60.8,756.8,0.48058921656582215,4.643478260869566,0.49915188977688985,5.096811594202899,0.37345870266377545,2.493623188405797,0.6793506493506494,1.4356521739130437,0.8522077922077923,0.7142028985507246,0.4799624060150376,4.1811594202898545,0.3123809523809523,0.21333333333333332,0.2,0.24898550724637677,0.026666666666666665,0.16666666666666666,0.9333333333333333,0.0718792270531401,177.8,185.42000000000002,2.0,12728.2,Alex Caceres
0.2,0.4,0.0,2.6,67.8,145.8,102.2,191.8,1.0,1.6,40.4,108.0,14.0,22.2,14.0,16.4,59.4,134.8,5.6,7.0,0.8,1.2,95.2,774.0,0.46832337247786915,5.802758057935536,0.5496792495868575,8.680000000000001,0.37505156860204314,3.408888888888889,0.6328296703296703,1.1511111111111112,0.8582070707070708,1.2,0.44873135437139106,4.9134516765286,0.8287878787878787,0.43555555555555553,0.3333333333333333,0.05333333333333333,0.06666666666666667,0.22666666666666666,1.0,0.1171851851851852,187.96,198.12,1.0,11186.4,Sean Woodson
0.2,0.4,0.0,1.8,45.2,92.2,49.0,93.6,0.2,0.8,23.0,59.6,12.0,16.2,6.0,6.2,37.6,83.2,3.0,3.6,1.6,3.2,15.2,400.8,0.541125779244591,7.227000482177961,0.5423622186780082,7.548176850471931,0.4372754963883218,4.128253022023514,0.8166666666666667,1.9151515151515153,0.38823529411764707,0.4,0.46972890568038705,4.841532484609408,0.5571428571428572,0.56,0.26666666666666666,1.1985509746420564,0.013333333333333332,0.05,0.8,0.11447093889716838,185.42,185.42000000000002,1.0,10806.8,Michel Pereira
0.0,0.4,0.0,2.2,20.8,55.6,26.8,63.4,0.4,4.2,11.4,40.4,6.4,12.0,3.2,3.6,14.6,44.2,0.2,0.6,5.2,8.4,49.4,536.8,0.40232288037166086,2.2590982421983887,0.45403433452588954,2.8290423075988427,0.2544156978212706,1.1055083159651133,0.61627765064836,0.7407783671899903,0.8666666666666666,0.4688863253984251,0.3748076923076923,1.6250752536926414,0.06666666666666667,0.013333333333333332,0.12,0.6206896551724138,0.04137931034482759,0.2,0.8,0.08685700631009372,190.5,193.04,1.0,12993.0,Paul Craig
0.0,0.4,0.2,2.8,81.6,179.6,105.8,200.6,0.6,2.4,53.2,141.4,21.0,28.2,8.2,10.2,69.6,166.8,8.8,10.6,1.8,2.2,136.0,828.2,0.5051938913288438,6.973333333333334,0.5253946316515681,8.066666666666666,0.4193204386366836,4.664448552064079,0.7586760710553814,1.6177777777777778,0.8395658263305321,0.59090573012939,0.4818826570528281,5.584562009865579,0.7769841269841271,0.7066666666666667,0.2777777777777778,0.19078250154035734,0.04,0.23333333333333334,1.0,0.17912918463750258,162.56,165.1,1.0,13674.8,Karolina Kowalkiewicz
0.8,0.2,0.2,2.6,55.2,97.4,69.6,113.4,0.4,1.2,27.4,62.2,9.8,13.0,15.6,18.8,46.2,85.2,5.6,6.6,3.4,5.6,143.8,741.0,0.5863096841733346,4.672891320449982,0.624774281073169,5.66542560786799,0.45990290661719235,2.247017014688305,0.6253030303030304,0.7753369111508647,0.8756880135646276,1.2702683363148481,0.5587960312733378,3.8695520240874295,0.6780952380952381,0.47093619558735833,0.5083333333333333,0.3324031007751938,0.026666666666666665,0.2,0.1,0.19254323641851018,172.72,177.8,2.0,10591.2,Jonathan Martinez
0.4,0.6,0.0,2.4,35.2,64.4,72.0,104.2,0.4,0.8,19.2,44.8,10.2,13.8,5.4,5.4,22.2,46.4,9.0,11.6,3.2,5.8,44.2,632.2,0.5401757434802281,3.1737388442306473,0.646593912199374,5.766248771936583,0.44509971108816504,1.9009770752322428,0.5891919191919193,0.8292434578963446,0.8,0.4435183111020602,0.48026190476190483,2.2360590424453575,0.4809716599190283,0.6424016563146998,0.5083333333333333,0.2952781454705902,0.026666666666666665,0.13333333333333333,0.0666666666666667,0.051174863387978144,172.72,175.26,2.0,12450.6,Joaquim Silva
0.4,0.0,0.2,2.2,45.0,75.6,63.8,96.2,0.8,4.0,26.4,54.2,13.0,15.0,5.4,6.2,23.4,48.4,12.2,16.6,3.4,5.6,122.6,518.8,0.6273155021405287,4.393715153645108,0.7037398103536083,7.023828382838284,0.5335966028177971,2.830089139755097,0.5328735632183907,1.0977777777777777,0.9272727272727274,0.638992061368299,0.5538983105248165,2.5384515208277585,0.6530507246376811,1.1199999999999999,0.45285714285714285,0.5818749442511819,0.09873873873873876,0.17333333333333334,0.8,0.25005476763892603,175.26,177.8,1.0,12591.8,Drakkar Klose
0.4,0.4,0.0,2.4,46.6,78.4,58.8,91.8,1.2,4.2,31.8,61.8,8.2,9.2,6.6,7.4,36.6,66.6,6.2,7.6,3.8,4.2,149.2,678.0,0.577653565713101,3.7606347912012614,0.6361330712726989,4.859172991725549,0.5053043848446148,2.6139187294144866,0.9336134453781513,0.6889177364156341,0.6759999999999999,0.4577983253711409,0.5110632373651426,2.8868596441626027,0.862857142857143,0.5891190623825743,0.52,0.28465608465608466,0.08783068783068784,0.33571428571428574,0.8666666666666668,0.19360015677651946,172.72,180.34,1.0,10115.8,Jack Shore
0.3333333333333333,0.0,0.0,2.0,51.0,96.33333333333333,55.0,98.66666666666667,0.6666666666666666,2.0,31.666666666666668,75.0,10.333333333333334,13.0,7.666666666666667,8.333333333333334,40.666666666666664,88.66666666666667,5.666666666666667,6.333333333333333,1.0,1.3333333333333333,29.0,541.6666666666666,0.5970332577475435,4.994952962115433,0.6033444137522044,5.269685990338164,0.48718766613503456,3.135043224002034,0.8637254901960784,1.160043224002034,0.9666666666666667,0.6998665141113655,0.523930260772366,4.020817630217384,0.8333333333333334,0.8493325705568268,0.5555555555555555,0.11388888888888889,0.06798881261123824,0.25,1.0,0.05853568098991441,172.72,180.34,1.0,10096.0,Ismael Bonfim
0.0,0.2,0.2,3.0,60.2,120.8,82.6,144.8,1.6,3.8,28.4,79.6,15.6,22.8,15.4,18.4,42.6,97.6,8.6,10.2,8.8,12.0,196.2,900.0,0.5091746849651273,4.013333333333334,0.5802416051592825,5.506666666666666,0.379646657852303,1.8933333333333333,0.7188740245261984,1.0399999999999998,0.9042068965517241,1.08,0.4366788495153345,2.84,0.6871212121212121,0.5733333333333333,0.7801630434782608,0.6,0.10666666666666669,0.42000000000000004,0.7533333333333333,0.21799999999999997,177.8,182.88,1.0,13620.6,Vinc Pichel
0.5,0.5,0.0,2.5,36.5,69.5,49.5,84.5,4.0,10.5,29.0,59.5,5.0,5.5,2.5,4.5,17.5,42.0,2.0,2.0,11.5,19.0,439.0,726.0,0.473109243697479,2.601449275362319,0.5587891538101917,3.6362318840579713,0.4399271844660194,2.0594202898550726,0.45454545454545453,0.3333333333333333,0.55,0.20869565217391306,0.3980263157894737,1.2297101449275363,1.0,0.15434782608695652,0.5568181818181819,1.2173913043478262,0.3666666666666667,0.4970588235294118,0.9117647058823529,0.554327485380117,177.8,187.96,1.0,9496.0,Myktybek Orolbai
0.0,0.0,3.0,3.0,53.0,156.0,100.0,220.0,1.0,1.0,39.0,127.0,8.0,15.0,6.0,14.0,44.0,132.0,1.0,1.0,8.0,23.0,205.0,900.0,0.33974358974358976,3.533333333333333,0.45454545454545453,6.666666666666667,0.30708661417322836,2.6,0.5333333333333333,0.5333333333333333,0.42857142857142855,0.4,0.3333333333333333,2.933333333333333,1.0,0.06666666666666667,0.34782608695652173,0.5333333333333333,0.06666666666666667,1.0,-1.0,0.22777777777777777,175.26,180.34,1.0,9435.0,Ernesta Kareckaite
0.2,0.6,0.8,2.4,25.6,57.2,37.8,70.6,2.8,4.8,17.0,46.0,5.8,8.0,2.8,3.2,18.8,47.6,0.6,1.4,6.2,8.2,273.6,621.0,0.4282114789757066,2.786798576340713,0.4988641820779554,3.7539048078663213,0.33948988719893397,1.638833725442883,0.7005128205128204,0.784169230459874,0.7083333333333333,0.3637956204379562,0.3959326688637033,2.2884365888480023,0.26666666666666666,0.04126520681265207,0.5096969696969698,0.45709678068005877,0.3041161044877037,0.6088888888888888,1.0,0.3805326523362356,187.96,195.58,1.0,9552.8,Vitor Petrino
0.2,0.8,0.0,3.6,65.6,132.0,86.4,150.4,3.6,8.0,42.4,102.6,14.6,18.6,8.6,9.8,55.4,117.8,6.8,9.2,8.6,10.6,350.2,639.4,0.5625945741937779,4.497191360363774,0.5836099323356138,5.174748010610079,0.49435683159033184,3.324653277756726,0.8977156177156177,0.8205380826070481,0.4909473684210527,0.35200000000000004,0.5314281087996895,3.735766578249337,0.7654761904761905,0.41742478211443734,0.4893233082706767,0.344,0.3653340434030089,0.6181134654818865,0.9636363636363636,0.4895580649235821,165.1,170.18,1.0,12022.6,Alexandre Pantoja
0.5,0.0,0.0,2.5,45.5,86.25,62.0,108.0,0.25,2.0,26.5,62.25,8.5,11.75,10.5,12.25,32.5,69.25,5.25,6.25,7.75,10.75,41.75,597.75,0.5103869218414627,5.111387512160302,0.5743749329128925,7.158724286272455,0.4186818928198239,3.3835652431387446,0.6558823529411765,0.9279335522366275,0.8555555555555556,1.1746821052146834,0.4440740650327117,3.5267886438599825,0.5595238095238095,0.37510519741424464,0.3619047619047619,1.2140391254315306,0.016666666666666666,0.041666666666666664,0.7083333333333334,0.08220600713696226,162.56,170.18,1.0,10073.75,Alessandro Costa
0.0,0.0,0.5,2.5,46.5,126.5,48.0,128.0,0.0,2.5,33.0,107.5,7.0,11.0,6.5,8.0,45.5,124.0,0.5,1.5,0.5,1.0,10.5,647.5,0.3510696156635243,3.867088607594937,0.35571428571428576,3.9670886075949365,0.292156862745098,2.7113924050632914,0.625,0.679746835443038,0.9,0.47594936708860763,0.3527555346208196,3.8004219409282696,0.25,0.03333333333333333,0.25,0.03333333333333333,0.0,0.0,0.6666666666666667,0.011666666666666667,165.1,172.72,1.0,9558.5,Kevin Borjas
1.0,0.0,0.0,1.0,25.0,40.0,25.0,40.0,0.0,1.0,21.0,35.0,0.0,1.0,4.0,4.0,22.0,37.0,1.0,1.0,2.0,2.0,4.0,282.0,0.625,5.319148936170213,0.625,5.319148936170213,0.6,4.468085106382978,0.0,0.0,1.0,0.851063829787234,0.5945945945945946,4.680851063829787,1.0,0.2127659574468085,1.0,0.425531914893617,0.0,0.0,1.0,0.014184397163120567,180.34,190.5,1.0,10183.0,Mauricio Ruffy
0.0,0.0,0.0,2.0,41.6,83.0,45.6,87.8,1.2,2.8,18.2,55.4,9.2,12.4,11.4,13.2,37.2,77.6,2.4,2.8,2.0,2.6,87.0,533.0,0.46489414365510484,4.455857094533415,0.4749720151694031,4.734242619933553,0.3006007751937984,1.8998090675814656,0.7046031746031746,1.0983793523286258,0.9197435897435898,1.3643353412899897,0.44452376082299505,4.021897456398412,0.17142857142857143,0.30062630480167013,0.16666666666666669,0.13333333333333333,0.11515657620041755,0.225,1.0,0.12557318487589886,182.88,187.96,1.0,10619.2,Jamie Mullarkey
0.6666666666666666,0.0,0.0,1.3333333333333333,16.333333333333332,34.0,28.0,46.0,0.0,0.0,15.666666666666666,33.0,0.3333333333333333,0.3333333333333333,0.3333333333333333,0.6666666666666666,11.666666666666666,28.0,0.0,0.3333333333333333,4.666666666666667,5.666666666666667,8.0,313.3333333333333,0.43688697318007663,2.875395794430462,0.5566318240447594,5.154340185476669,0.42915776154475954,2.746577638564062,0.3333333333333333,0.08849557522123895,0.3333333333333333,0.04032258064516129,0.40884933877147445,2.310879665398204,0.0,0.0,0.2745098039215686,0.564516129032258,0.0,0.0,0.3333333333333333,0.0195570681661241,190.5,193.04,1.0,11445.0,Bogdan Guskov
0.8,0.0,0.0,1.8,28.6,52.8,31.4,56.0,0.2,0.4,17.4,38.2,7.0,10.4,4.2,4.2,22.2,44.2,4.8,7.0,1.6,1.6,6.0,432.6,0.5465761050426747,3.512390496682862,0.574735827264897,4.068723502298811,0.44035087719298244,2.0794580523020145,0.6027116402116401,0.7714705319304362,0.8,0.6614619124504113,0.4962181727241968,2.779619973472136,0.5111111111111111,0.522770041723895,0.6,0.21000048148683134,0.015873015873015872,0.2,1.0,0.013571036156903377,185.42,180.34,2.0,10907.8,Uros Medic
0.6,0.4,1.4,2.2,49.4,109.6,57.2,121.6,0.6,3.2,41.0,97.6,6.4,10.0,2.0,2.0,41.6,96.4,2.0,3.6,5.6,8.6,109.2,622.0,0.45222203410024386,5.2123364052180134,0.4731666951988009,5.969661757008664,0.4117606198449681,4.151232080189492,0.6096078431372549,0.659105235364254,0.8,0.2869176393227026,0.4366129120786467,4.288593216422318,0.5133333333333333,0.20156144041680796,0.31474358974358974,0.46460599080313053,0.06201487491548343,0.1,0.1,0.17924611627649087,180.34,187.96,1.0,10439.6,David Onama
0.0,0.5,0.5,3.0,19.5,53.0,75.0,111.5,1.0,3.5,7.0,29.5,2.5,8.0,10.0,15.5,18.0,51.0,1.0,1.0,0.5,1.0,103.5,900.0,0.33922973578145993,1.3,0.6537441037735849,5.0,0.25256410256410255,0.4666666666666667,0.25,0.16666666666666666,0.6547619047619048,0.6666666666666666,0.3297118564005668,1.2,0.5,0.06666666666666667,0.25,0.03333333333333333,0.06666666666666667,0.2,0.25,0.11499999999999999,162.56,165.1,2.0,11264.0,Marnic Mann
0.0,1.5,1.0,3.0,29.0,67.5,89.0,136.0,2.5,5.0,21.5,57.0,6.5,9.0,1.0,1.5,12.0,41.5,3.0,7.0,14.0,19.0,294.0,794.5,0.4239946973044631,2.3008224479922594,0.65224043715847,6.964344460570876,0.369281045751634,1.7191582002902759,0.7125,0.5149975810353169,0.3333333333333333,0.06666666666666667,0.28121212121212125,0.8816642477019836,0.45,0.2204160619254959,0.8611111111111112,1.19874213836478,0.1972907595549105,0.5416666666666666,1.0,0.3840017739074343,172.72,177.8,2.0,10762.5,Ivana Petrovic
0.0,0.25,0.75,2.0,14.5,34.25,29.0,53.5,1.75,3.0,8.0,25.5,4.75,6.25,1.75,2.5,11.5,29.5,2.5,4.0,0.5,0.75,111.5,437.0,0.4187285396284556,2.2688755945299146,0.5100334827295454,3.877829431701079,0.3307422969187675,1.5867183451184694,0.5710227272727273,0.526066263484152,0.2976190476190476,0.15609098592729306,0.38817401960784315,1.8482329819738783,0.4125,0.34332302492717004,0.16666666666666666,0.07731958762886598,0.2140014770953042,0.5,0.625,0.23932881648968585,165.1,170.18,1.0,9628.5,Liang Na
0.0,0.4,0.2,2.4,28.6,75.4,60.4,122.2,1.0,6.8,13.2,55.0,3.8,5.6,11.8,15.2,27.8,74.4,0.6,0.8,0.2,0.2,207.8,653.4,0.45186379295953144,2.4185069205928102,0.48941592215987545,5.017942113893033,0.21231604410154561,1.0365939771547248,0.6761904761904762,0.3204986932594294,0.7485819735819736,1.1195097288348823,0.4480623791673894,2.357554539640429,0.15,0.04761904761904762,0.2,0.013333333333333332,0.089079754601227,0.175,1.0,0.3096764532389532,167.64000000000001,170.18,1.0,13440.4,Rani Yahya
0.5,0.5,0.25,3.0,89.0,195.75,117.5,220.75,0.0,1.0,56.75,154.25,23.5,30.25,9.0,11.25,77.75,169.75,11.0,16.5,6.0,8.25,92.25,864.0,0.5283918350048149,7.536780905752755,0.5668743739524837,9.533333333333333,0.41883753501400556,5.038053949903661,0.8522262125424775,1.838888888888889,0.8060049019607843,0.6126984126984127,0.4995915944427031,5.883333333333334,0.6424242424242423,0.8896825396825396,0.41666666666666663,0.4571428571428572,0.0,0.0,0.25,0.11250000000000002,170.18,172.72,3.0,13058.25,Victor Henry
0.2,0.2,0.2,2.2,65.0,135.8,73.0,147.8,0.2,0.4,40.8,106.6,12.4,16.6,12.0,13.0,54.4,121.4,2.2,3.8,5.6,8.4,27.0,600.4,0.492749016520203,7.458875707852087,0.5038148848185472,8.350237475497284,0.39025096174963214,4.717926297050587,0.7598412698412699,1.3398386691066633,0.9666666666666668,1.3680043356640375,0.4710725987756346,5.450511271333915,0.6833333333333333,0.2741756454728241,0.25666666666666665,0.8083213773314204,0.056338028169014086,0.1,0.6,0.09131680859280818,172.72,180.34,2.0,12591.8,Gabriel Benitez
0.5,0.0,0.0,2.25,40.25,120.25,41.75,128.25,0.0,0.5,28.75,99.5,8.5,17.0,2.5,3.0,36.0,112.5,2.0,5.0,0.25,0.25,0.75,582.75,0.37394494134372475,4.502580479823369,0.3866674484052533,4.6187365702682985,0.336174802209285,3.4529412344510813,0.41559672291513816,0.8021921264809668,0.5833333333333334,0.2474471188913202,0.35804591972355126,4.304112208488576,0.325,0.18180160466812545,0.25,0.016666666666666666,0.0,0.0,0.0,0.0008333333333333334,182.88,180.34,1.0,8840.0,Maheshate
0.0,0.0,0.0,3.0,76.0,145.5,90.0,162.0,0.0,0.5,37.0,99.0,24.0,29.5,14.5,17.0,71.5,139.5,3.5,5.0,1.0,1.0,10.0,900.0,0.5268724985706118,5.066666666666666,0.5546493902439025,6.0,0.3759836484414921,2.466666666666667,0.8403263403263403,1.6333333333333333,0.8913043478260869,0.9666666666666666,0.5183335076890888,4.766666666666667,0.8333333333333333,0.23333333333333334,0.5,0.06666666666666667,0.0,0.0,-0.5,0.011111111111111112,193.04,198.12,2.0,10793.5,Caio Machado
0.0,0.0,0.0,3.0,60.0,153.0,77.5,172.0,0.5,4.0,36.5,123.5,12.5,17.5,11.0,12.0,55.0,145.5,2.0,3.5,1.5,3.5,96.0,900.0,0.3648809523809524,4.0,0.4476117664191059,5.166666666666667,0.2612482424621153,2.4333333333333336,0.7023026315789473,0.8333333333333333,0.9444444444444444,0.7333333333333334,0.3577317290552585,3.7666666666666666,0.3333333333333333,0.13333333333333333,0.21428571428571427,0.1,0.03333333333333333,0.1,0.2,0.10666666666666666,177.8,177.8,1.0,9816.0,Michal Figlak
0.0,0.0,0.0,1.5,12.0,25.5,25.0,44.0,0.5,2.0,9.0,21.5,1.5,2.5,1.5,1.5,9.0,19.5,0.0,0.0,3.0,6.0,134.5,257.0,0.4797297297297297,3.7415311653116534,0.5278538812785388,5.547086720867209,0.38725490196078427,2.139227642276423,0.5833333333333333,0.5047425474254743,0.5,0.9333333333333333,0.47,3.3248644986449865,0.0,0.0,0.25,0.41666666666666663,0.06944444444444445,0.125,1.0,0.3113425925925926,193.04,200.66,1.0,13203.5,Austen Lane
0.0,0.2,0.0,2.4,55.4,115.2,74.6,140.4,0.8,0.8,27.0,78.0,18.4,24.4,7.0,9.0,40.4,96.6,9.8,13.0,4.4,5.6,50.0,629.2,0.44543465048182307,5.218461538461538,0.485051088426634,6.711794871794872,0.3253653235280221,2.9624010671409513,0.6295019157088122,1.4977777777777779,0.8614285714285714,0.6931868131868132,0.3935834946491837,4.05973137973138,0.6405194805194806,0.8723809523809525,0.3880952380952381,0.5460019550342132,0.07174603174603174,0.6,1.0,0.07335449735449737,167.64000000000001,170.18,1.0,10755.0,Ariane da Silva
0.25,0.75,0.0,1.5,19.25,51.5,33.0,70.75,1.75,2.25,8.25,28.75,5.25,12.75,5.75,10.0,13.25,43.75,3.25,4.0,2.75,3.75,157.75,399.75,0.36900943396226416,3.247994930640472,0.44146929824561404,5.232949082359546,0.2775182931904686,1.486325956038557,0.4210069444444444,0.7554078566974661,0.6505994005994007,1.0062611179044487,0.3123168498168498,2.148893810684525,0.35416666666666663,0.5166666666666667,0.75,0.5139283217396703,0.30017813087083534,0.9583333333333334,1.0,0.39357507949835924,165.1,170.18,1.0,10785.5,Karine Silva
0.6,0.0,0.0,2.2,31.2,58.6,47.8,76.4,0.4,0.8,17.2,40.8,8.8,11.8,3.8,5.0,27.8,53.8,0.2,0.4,3.2,4.2,44.6,553.8,0.512986748216106,3.0753794816221545,0.5633268858800774,4.326956732370485,0.4022296699716055,1.7873230711165848,0.6484326200115673,0.8216428982347775,0.8083333333333333,0.45308017893745844,0.49867378727191813,2.6195378974637378,0.2,0.013333333333333332,0.2980392156862745,0.4425082508250825,0.04303630363036304,0.4,0.8,0.062378437843784384,167.64000000000001,167.64000000000001,1.0,10917.4,Matheus Nicolau
0.2,0.6,0.0,2.4,46.2,102.4,52.2,109.0,0.6,0.8,26.0,76.2,8.4,12.2,11.8,13.6,41.0,95.8,2.0,2.6,3.2,3.6,67.8,613.0,0.5192181467181467,5.145791186039633,0.541244606533799,5.747701863354037,0.42990431495711057,3.506414791841157,0.6057777777777777,0.6794084590357882,0.7217391304347827,0.8526944690919847,0.48146978065275936,4.149310854776694,0.47619047619047616,0.14120082815734988,0.5555555555555556,0.8552795031055901,0.060425909494232474,0.4,0.8,0.09963906142167012,172.72,180.34,2.0,13789.6,Jim Miller
0.6,0.0,0.0,2.8,74.6,130.4,80.8,135.4,0.2,0.6,44.0,95.2,11.4,14.8,14.0,18.0,63.4,119.8,6.4,7.6,2.0,3.0,23.0,652.4,0.6022765319963129,6.358741118941781,0.6066279174755957,6.625407785608448,0.5169108473685938,4.0778453842715825,0.8271428571428571,0.8996899142882935,0.8083333333333333,1.3812058203819046,0.5782130821473878,5.462305475377425,0.7297619047619047,0.7333333333333333,0.32857142857142857,0.15333333333333332,0.013333333333333332,0.06666666666666667,1.0,0.03553795379537954,180.34,177.8,1.0,12484.6,Justin Gaethje
0.6,0.4,0.0,4.6,96.2,206.4,125.8,227.2,0.6,1.6,60.0,154.2,25.8,35.4,19.6,25.2,84.2,192.4,8.0,9.0,4.8,7.2,97.0,844.6,0.5448001122163004,6.9255887702556125,0.55900599718871,7.381588770255613,0.40998837248660946,3.311226553389794,0.7898156193408388,1.960888888888889,0.7625415575386041,1.2379497057249869,0.5287387731479716,6.161027920509339,0.7833333333333333,0.3472616372391653,0.32727272727272727,0.22578491171749598,0.024,0.12,1.0,0.07536522204387372,180.34,175.26,1.0,11393.4,Max Holloway
0.2,0.2,0.0,2.8,48.0,97.4,77.6,131.6,0.4,3.0,24.2,65.6,7.8,10.6,15.6,20.4,36.8,83.8,5.8,6.4,5.4,7.2,207.8,773.6,0.49499638600224943,3.949930482047776,0.568516804396808,6.19797817206268,0.3677893810762483,2.0446314648946835,0.6597222222222222,0.539912380392639,0.7600641025641025,1.1833879781420764,0.4409828358058519,3.117357178340785,0.7714285714285715,0.4082897384305835,0.29523809523809524,0.4055042225534029,0.031217088922006954,0.07222222222222222,0.8,0.2759909709694006,193.04,198.12,1.0,10808.6,Aleksandar Rakic
0.6,0.2,0.0,2.0,38.4,76.0,45.4,83.4,0.2,0.8,24.6,56.8,9.4,14.0,3.8,5.4,29.4,65.4,4.6,5.2,4.4,5.2,15.4,517.6,0.5054685770866096,4.924548741541103,0.5325262880021119,5.824985949877755,0.43315972222222215,3.089063102487123,0.6094348894348894,1.0606809208289034,0.8416666666666668,0.8203653389748602,0.46069286725255915,3.884785274755957,0.5714285714285714,0.3151119177253478,0.5578947368421053,0.7992156862745099,0.013333333333333332,0.06666666666666667,0.2,0.0838160251339087,190.5,195.58,2.0,10264.0,Jalin Turner
0.2,0.0,0.0,2.4,26.8,52.8,31.8,58.2,1.0,2.8,15.8,40.0,4.8,6.0,6.2,6.8,22.6,47.4,2.8,3.8,1.4,1.6,72.2,553.0,0.5420681960354093,2.823304723018993,0.5755864695792553,3.134972553210808,0.4189300955090428,1.7031788300940693,0.5321212121212121,0.3587747747747748,0.9303030303030303,0.7613511181501488,0.5148224451070751,2.4444218401361097,0.4787878787878787,0.30688288288288285,0.36,0.072,0.05066666666666666,0.1933333333333333,0.76,0.0818697181953667,172.72,165.1,1.0,11481.8,Cody Garbrandt
0.4,0.6,0.2,3.8,79.8,145.4,111.6,196.6,3.4,6.6,49.6,103.8,14.8,19.2,12.8,17.6,40.2,83.0,6.2,7.0,21.0,31.2,320.4,702.6,0.6078181835447118,5.880652641878669,0.6761412885549422,9.506155251141553,0.5362671045429667,3.858391389432486,0.8258103592314118,1.0964422700587086,0.7078970152654364,0.9258189823874756,0.4842988011742618,2.7498268101761254,0.7138888888888889,0.3419285714285714,0.7999579458664877,2.4951619661563256,0.21635714285714286,0.49567099567099565,0.7636363636363637,0.3844948303979126,162.56,165.1,3.0,12198.6,Zhang Weili
0.4,0.0,0.2,3.2,45.6,91.8,65.6,115.2,1.0,1.4,25.4,64.6,6.2,8.4,12.0,14.4,36.4,80.6,3.4,4.8,5.8,6.4,97.2,663.6,0.5349367454011417,3.849073825503356,0.6396670512461092,5.650242677824268,0.41369408369408367,2.214323171946603,0.8222222222222222,0.6624379358437936,0.7144736842105263,1.0453333333333332,0.45037186292475945,3.0155425383542545,0.4287878787878787,0.17866666666666667,0.7132352941176471,0.5164566646742379,0.05066666666666666,0.3,0.2,0.07565714285714285,165.1,165.1,1.0,12174.0,Yan Xiaonan
0.4,1.8,0.4,2.0,33.4,58.0,45.2,71.0,0.0,1.8,21.4,41.6,10.6,13.8,1.4,2.6,16.4,36.6,8.2,9.2,8.8,12.2,121.0,502.0,0.583693000730519,5.0664518103891085,0.6424346038256309,6.5576697945986,0.5068471986950247,3.3594190705105005,0.7920660182729149,1.344225232541771,0.4,0.15378660524662738,0.4489678697955031,2.54820938135135,0.9139473684210525,1.0881786050742295,0.6832234432234431,1.2793653188188967,0.0,0.0,1.0,0.21714827107113788,177.8,187.96,1.0,12115.4,Charles Oliveira
0.4,0.0,0.2,3.0,53.2,105.0,75.4,134.2,2.4,5.6,33.2,83.6,12.4,16.0,5.2,6.4,35.6,83.2,3.4,4.8,10.4,15.0,332.4,714.6,0.5247430848129294,4.559213250517598,0.5665860805860806,6.044182194616977,0.4450254398538151,3.226592180375543,0.65725935828877,0.7991221532091097,0.6640522875816993,0.2820538302277433,0.42847256438969766,2.6510186335403727,0.725,0.5416811594202898,0.8159850307404437,1.3381801242236024,0.18695808852330592,0.3516666666666667,1.0,0.3983182712215321,170.18,182.88,1.0,9731.0,Arman Tsarukyan
0.2,0.2,0.2,4.0,66.0,154.0,88.2,172.2,0.4,1.8,43.8,124.6,10.2,17.0,5.2,6.4,57.2,143.8,1.4,1.6,1.4,2.2,46.4,781.6,0.33841633310236924,3.9625283709579007,0.3903650125792468,4.228121212121212,0.2942593340246937,3.0081385281385282,0.5790890269151139,0.5990995670995671,0.7165217391304347,0.30088311688311686,0.3331592367587918,3.790787878787879,0.5,0.06133333333333333,0.13999999999999999,0.05600000000000001,0.016,0.05714285714285714,1.0,0.031377777777777775,180.34,182.88,1.0,12527.2,Calvin Kattar
0.0,0.4,0.0,3.4,59.0,103.8,98.8,151.4,3.0,8.6,30.2,61.0,16.8,22.8,11.2,13.6,37.6,73.4,6.6,9.2,12.0,17.0,333.4,715.0,0.5949673800378026,4.326051543028642,0.6757117889918678,6.63651282051282,0.425458152958153,2.185006850655706,0.7250420168067226,1.2082740262282248,0.8751622646359488,0.9327706661447122,0.5286938349007315,2.40298819077445,0.7142857142857143,0.3786562275722581,0.6475557537912578,1.036549019607843,0.22066409266409268,0.31959207459207456,1.0,0.3936750468585995,170.18,180.34,1.0,12304.0,Aljamain Sterling
0.3333333333333333,1.3333333333333333,0.0,1.3333333333333333,6.0,10.0,18.666666666666668,26.0,1.3333333333333333,3.6666666666666665,4.666666666666667,8.666666666666666,1.0,1.3333333333333333,0.0,0.0,3.3333333333333335,6.0,0.3333333333333333,1.0,2.0,3.0,199.0,253.33333333333334,0.5217948717948718,3.759711225722907,0.6542372881355932,5.932773374878639,0.4477929477929478,2.75502471764154,0.5,0.19216260595570941,0.0,0.0,0.4698412698412698,2.5493606878222264,0.1111111111111111,0.1149425287356322,0.5416666666666666,0.7193659825238773,0.230772644565748,0.25,1.0,0.5123355263157895,185.42,193.04,2.0,10088.333333333334,Bo Nickal
0.2,0.4,0.2,1.8,7.8,14.0,24.2,32.0,1.2,1.6,5.6,11.2,1.0,1.2,0.8,1.2,4.0,9.2,0.4,0.4,3.0,3.8,75.6,422.2,0.45497882637628545,2.0367931980057703,0.6808527131782947,4.07362091902336,0.37196581196581197,1.4317309535874545,0.6,0.21051764766888192,0.4666666666666666,0.18528074655569218,0.36621315192743764,0.8759773693245746,0.2,0.04633204633204634,0.3068181818181818,0.8019469722163437,0.19933075933075933,0.5,0.2,0.30029621959208813,182.88,182.88,1.0,10673.0,Cody Brundage
0.2,0.4,0.0,2.6,45.6,96.6,62.2,114.8,0.4,1.2,22.8,70.0,9.2,12.2,11.6,14.6,36.4,85.6,9.0,11.6,3.0,4.4,110.6,571.4,0.5153420494495392,5.083087645950518,0.553897996434842,6.4079999999999995,0.46964742704593576,2.102831460674157,0.6311764705882353,0.8764444444444445,0.5954859114433583,0.9854981273408241,0.47680674352774854,3.426996254681648,0.6666666666666667,0.8133333333333332,0.13636363636363635,0.12,0.021333333333333333,0.16666666666666666,0.6,0.11479999999999999,175.26,180.34,1.0,10766.2,Sodiq Yusuff
0.0,0.0,0.0,3.6,53.2,105.0,96.6,165.4,1.8,5.4,26.4,71.0,14.4,21.4,10.0,12.2,40.2,88.4,7.0,8.4,5.6,11.0,378.4,801.4,0.4712559322305763,2.9877404921700226,0.5890911969674081,5.786666666666667,0.3312054662141698,1.3787414330218069,0.6347058823529412,0.9725951405951406,0.6320574162679427,0.5573333333333333,0.41064680417621596,2.2213333333333334,0.6933333333333334,0.3546666666666667,0.3048571428571429,0.32015069615069613,0.09333333333333334,0.20476190476190476,1.0,0.3574598962598963,172.72,175.26,2.0,13860.0,Holly Holm
0.4,0.0,0.2,2.4,41.8,84.8,57.0,98.2,0.0,0.0,28.4,68.6,8.4,11.2,5.4,5.6,31.0,71.4,7.8,8.8,7.8,10.6,59.2,447.4,0.4847769525577852,4.863205017359627,0.5114886159530994,5.690568707269463,0.3461680200978974,2.929671151564263,0.7714285714285715,1.127150808052924,0.5777777777777777,0.556092610212496,0.39877150360330627,3.26217878384053,0.5523809523809524,0.7076029178560101,0.7029411764705882,0.732089982329754,0.0,0.0,-0.2,0.05142727107969734,193.04,200.66,2.0,11476.2,Jamahal Hill
0.0,0.0,0.0,2.5,31.5,59.5,50.0,88.0,0.5,2.5,28.0,55.0,3.5,4.5,0.0,0.0,25.5,48.5,1.5,2.0,4.5,9.0,388.0,693.0,0.5028508771929825,2.4123456790123456,0.5260617760617761,3.702469135802469,0.478330658105939,2.1222222222222222,0.75,0.29012345679012347,0.0,0.0,0.4906015037593985,1.9555555555555555,0.8333333333333333,0.15679012345679014,0.25,0.3,0.0617283950617284,0.125,0.5,0.6042181069958847,170.18,172.72,1.0,11858.5,Melissa Mullins
0.0,1.0,0.0,2.0,19.0,35.0,29.0,47.0,2.0,4.0,10.0,24.0,1.0,3.0,8.0,8.0,13.0,26.0,5.0,8.0,1.0,1.0,94.0,599.0,0.5428571428571428,1.9031719532554259,0.6170212765957447,2.904841402337229,0.4166666666666667,1.001669449081803,0.3333333333333333,0.1001669449081803,1.0,0.8013355592654424,0.5,1.302170283806344,0.625,0.5008347245409015,1.0,0.1001669449081803,0.2003338898163606,0.5,-1.25,0.15692821368948248,167.64000000000001,172.72,1.0,8976.0,Jean Matsumoto
0.2,0.0,0.0,1.2,13.6,31.0,16.4,34.2,0.0,1.4,7.6,22.8,2.2,3.8,3.8,4.2,12.6,29.6,0.6,1.0,0.2,0.2,14.0,225.8,0.3989993519500412,3.2262917916759952,0.5161710691217585,4.262709936905726,0.25777995820440636,1.5688700960729876,0.7714285714285715,0.77620603322458,0.5666666666666667,0.8631190624783303,0.39053317990026853,2.984230503726863,0.3333333333333333,0.10350559639466587,0.2,0.12631578947368421,0.0,0.0,0.8,0.0896626127275419,177.8,180.34,1.0,12065.0,Christos Giagos
0.5,0.0,0.5,2.0,48.5,86.0,71.5,112.5,2.0,5.0,23.5,51.5,14.0,21.0,11.0,13.5,37.5,70.0,10.0,14.0,1.0,2.0,171.5,559.0,0.5686111111111112,6.033333333333333,0.6254084967320261,8.833333333333334,0.4547169811320755,3.7880539499036607,0.6949602122015915,1.6,0.8809523809523809,1.3590214067278288,0.5416666666666667,4.666666666666667,0.711111111111111,1.3,0.5,0.1709480122324159,0.13333333333333333,0.2,0.9,0.1940316004077472,182.88,182.88,1.0,10403.5,Charlie Campbell
0.0,0.0,0.0,3.0,42.0,106.0,58.0,128.0,1.0,11.0,27.0,83.0,6.0,12.0,9.0,11.0,36.0,96.0,6.0,10.0,0.0,0.0,430.0,900.0,0.39622641509433965,2.8,0.453125,3.8666666666666667,0.3253012048192771,1.8,0.5,0.4,0.8181818181818182,0.6,0.375,2.4,0.6,0.4,0.0,0.0,0.06666666666666667,0.07692307692307693,1.0,0.4777777777777778,167.64000000000001,167.64000000000001,1.0,11573.0,Pedro Falcao
1.0,0.0,0.0,3.0,68.0,124.0,84.0,148.0,0.0,0.0,31.0,77.0,21.0,30.0,16.0,17.0,57.0,112.0,11.0,12.0,0.0,0.0,49.0,900.0,0.5483870967741935,4.533333333333333,0.5675675675675675,5.6,0.4025974025974026,2.066666666666667,0.7,1.4,0.9411764705882353,1.0666666666666667,0.5089285714285714,3.8,0.9166666666666666,0.7333333333333333,0.0,0.0,0.0,0.0,0.0,0.05444444444444444,170.18,180.34,1.0,11458.0,Victor Hugo
0.2,0.6,0.0,3.0,27.8,62.2,73.8,117.6,0.0,0.0,15.6,46.6,8.2,10.6,4.0,4.8,17.4,47.6,8.2,10.2,2.2,4.0,71.0,714.6,0.5130487589481316,3.554310852966592,0.6587081725772069,6.697689440993789,0.403335216958186,2.4069625587740173,0.8633333333333333,0.9269786059351276,0.45999999999999996,0.21333333333333332,0.4261904761904761,2.489136976735639,0.6435525826830174,0.4889606625258799,0.5,0.7927891852393132,0.0,0.0,-0.6,0.08362546583850931,175.26,180.34,1.0,13063.4,Germaine de Randamie
0.2,0.0,0.4,3.2,70.4,173.0,87.0,186.4,0.0,0.0,44.8,138.0,19.8,27.8,4.0,5.0,61.6,162.6,6.4,8.6,1.2,1.6,17.0,813.8,0.4326420580814859,5.2864420753375985,0.44360233589736087,5.609108742004264,0.35340143200789953,3.580992181947406,0.7134632034632035,1.3345368396114665,0.7028571428571428,0.3486908315565032,0.4101337668341869,4.524789274254257,0.8464285714285715,0.48158635394456295,0.15,0.1535181236673774,0.0,0.0,0.2,0.013180857616678513,177.8,190.5,1.0,13105.6,Chris Curtis
0.0,0.4,0.0,2.8,48.6,88.4,87.8,146.2,3.2,9.4,40.6,82.6,4.4,5.0,0.8,0.8,31.8,63.6,2.4,5.2,8.8,12.2,365.8,787.8,0.54440133037694,3.6812979351032444,0.638843998633316,6.756696165191741,0.5163847809595123,3.24637168141593,0.8433333333333334,0.3815929203539823,0.8,0.05333333333333333,0.5106448950149958,2.4951032448377584,0.4809523809523809,0.16,0.7035416666666666,0.8921966452996999,0.32,0.3801282051282051,0.9047619047619048,0.46527671686591116,175.26,185.42000000000002,1.0,9835.0,Jacob Malkoun
0.0,0.0,0.0,3.0,88.0,231.0,95.0,241.0,0.0,0.0,44.0,180.0,27.0,37.0,12.0,16.0,80.0,216.0,8.0,8.0,0.0,0.0,9.0,900.0,0.37606837606837606,5.866666666666666,0.3941908713692946,6.333333333333333,0.24444444444444444,2.933333333333333,0.8421052631578947,2.1333333333333333,0.75,0.8,0.35398230088495575,5.333333333333333,1.0,0.5333333333333333,0.0,0.0,0.0,0.0,1.0,0.01,172.72,177.8,1.0,11765.0,Angel Pacheco
0.4,0.0,0.0,2.4,43.0,125.4,51.4,137.4,0.2,0.8,27.2,101.8,10.4,17.2,3.8,4.6,38.0,119.8,2.4,3.2,0.0,0.0,11.2,628.0,0.33013979294278456,4.223508137432189,0.34935324520816763,4.509222423146474,0.253324524221684,2.879324894514768,0.5812605042016806,0.9558047016274864,0.822857142857143,0.38837854128993365,0.30223557390434436,3.6798169568179304,0.396969696969697,0.29714285714285715,0.0,0.0,0.013333333333333332,0.1,1.0,0.018285714285714287,170.18,177.8,2.0,11958.4,Julio Arce
1.0,0.0,0.0,3.0,74.0,180.0,76.0,183.0,0.0,0.0,57.0,153.0,4.0,8.0,13.0,19.0,65.0,163.0,8.0,15.0,1.0,2.0,1.0,692.0,0.4111111111111111,6.416184971098266,0.41530054644808745,6.589595375722544,0.37254901960784315,4.942196531791907,0.5,0.3468208092485549,0.6842105263157895,1.1271676300578035,0.3987730061349693,5.635838150289017,0.5333333333333333,0.6936416184971098,0.5,0.08670520231213873,0.0,0.0,1.0,0.001445086705202312,190.5,195.58,1.0,10203.0,Ibo Aslan
0.0,0.0,0.25,2.0,24.5,60.75,38.75,76.0,1.0,4.75,14.75,44.75,4.75,7.5,5.0,8.25,19.5,53.75,3.25,4.75,1.5,1.5,74.5,497.75,0.4958659586865252,2.7828663882512377,0.5610851202079272,4.497368436590363,0.2742232183021656,1.4545892450516726,0.5618686868686869,0.46874233666141185,0.6982905982905983,0.8008023011172976,0.4357181685459572,2.1668033520894467,0.553030303030303,0.44066386407426866,0.25,0.1,0.08333333333333333,0.08333333333333333,0.1333333333333333,0.08428066795118819,193.04,198.12,1.0,9866.25,Anton Turkalj
0.0,1.0,0.0,2.6,58.0,123.4,93.6,165.8,0.4,4.4,39.2,99.8,11.4,15.4,10.0,12.0,47.2,110.0,5.2,9.2,3.8,4.2,164.6,574.4,0.47524896032178887,6.035025446839734,0.5414809477324598,8.463674501996415,0.40317044671679875,4.258363132167192,0.6815217391304348,0.8439625466611849,0.9016483516483517,0.932699768011358,0.4061477160059145,4.491003615532704,0.3883333333333333,0.3572951136434467,0.28947368421052627,0.7192156862745099,0.0855262394223961,0.26666666666666666,1.0,0.3194741281805438,162.56,167.64000000000001,1.0,8884.6,Erin Blanchfield
0.0,0.0,0.0,3.4,85.6,207.2,101.2,227.6,1.2,3.4,50.2,164.2,20.0,28.0,12.4,14.2,75.6,193.4,3.4,7.6,2.8,4.2,98.6,900.0,0.4060828277123562,5.776,0.4306539792508818,6.434666666666668,0.31127739136085364,3.5973333333333337,0.7422683982683982,1.3217777777777777,0.8871794871794872,0.808,0.39691450278707097,5.386666666666667,0.536923076923077,0.2,0.5142857142857142,0.18666666666666668,0.07466666666666666,0.31666666666666665,0.95,0.10484444444444443,170.18,165.1,1.0,11986.8,Manon Fiorot
0.0,0.0,0.0,3.0,60.0,138.0,62.0,140.0,1.0,3.0,37.0,101.0,14.0,27.0,9.0,10.0,57.0,134.0,1.0,1.0,2.0,3.0,40.0,622.0,0.43478260869565216,5.787781350482315,0.44285714285714284,5.980707395498392,0.36633663366336633,3.5691318327974275,0.5185185185185185,1.35048231511254,0.9,0.8681672025723473,0.4253731343283582,5.498392282958199,1.0,0.09646302250803858,0.6666666666666666,0.19292604501607716,0.09646302250803858,0.3333333333333333,1.0,0.06430868167202572,172.72,180.34,3.0,11626.0,Connor Matthews
0.0,0.2,0.0,3.2,56.2,120.6,73.4,141.0,1.0,2.8,33.4,92.8,10.8,14.6,11.8,13.2,51.6,115.2,3.2,3.8,1.2,1.6,123.0,644.6,0.47233184319694255,3.779222761623018,0.5117152218977777,4.533904216204164,0.3201228455992563,2.034126090190206,0.7772775391990413,0.7718483784544826,0.9259615384615385,0.9732482929783293,0.46054033050337984,3.456916694277369,0.4833333333333333,0.17986130374479886,0.3333333333333333,0.048,0.064,0.14545454545454545,0.8,0.11391116127660272,180.34,190.5,1.0,11309.4,Vicente Luque
0.2,1.0,0.2,2.4,67.4,147.8,83.0,169.4,1.0,2.4,47.0,114.8,10.6,20.4,9.2,12.6,47.4,118.2,13.4,18.2,5.0,8.2,117.2,675.2,0.46453513527816936,6.310981973165163,0.48978456496917555,7.475616526366645,0.42473015475573017,4.582131260800384,0.5314444444444445,0.9209875280539688,0.5814102564102563,0.7940700808625337,0.4087688379623863,4.500590962337022,0.5962548262548262,1.301625441696113,0.5299999999999999,0.47494706059653824,0.07795109113055901,0.35,1.0,0.14671700026547252,175.26,182.88,1.0,12649.8,Nate Landwehr
0.2,0.2,0.4,1.8,36.4,82.2,44.0,94.0,0.4,1.8,17.6,51.6,11.4,18.0,7.4,11.0,29.8,73.0,2.8,3.8,3.8,5.4,119.0,452.8,0.5425166410650282,5.995657150004691,0.5562798092209857,7.194713197202331,0.4159851009440569,3.2914734952808926,0.6861395570373898,1.7244444444444447,0.8312865497076023,0.9643336773090674,0.5009738364060915,4.782890855457227,0.3833333333333333,0.27387514723203765,0.6230769230769231,0.8783913355651866,0.026666666666666665,0.1,1.0,0.22012171990136098,177.8,187.96,1.0,12313.8,Jamall Emmers
0.0,0.0,0.0,2.5,51.75,125.75,66.25,138.0,0.0,2.5,34.25,102.0,12.0,16.75,5.25,6.75,46.0,117.0,3.25,5.0,0.75,1.0,104.5,722.25,0.3684451137730976,3.9815789473684218,0.4052142425202292,4.6499999999999995,0.274670007046609,2.5166666666666666,0.5605357142857142,0.8999999999999999,0.5867521367521368,0.35,0.3418882739847172,3.3401069518716575,0.48958333333333326,0.21666666666666667,0.41666666666666663,0.05,0.0,0.0,-0.5,0.1161111111111111,187.96,198.12,1.0,9732.5,Rhys McKee
0.0,0.0,0.25,2.5,48.0,107.75,62.5,127.0,1.25,1.5,26.25,81.5,7.25,10.0,11.25,13.25,41.75,97.25,4.5,7.25,1.75,3.25,106.0,743.25,0.4410282953761215,3.7741758241758245,0.4815806878306878,4.9322344322344325,0.311544221063953,2.017948717948718,0.8273809523809523,0.5598901098901099,0.9070121951219512,1.0963369963369962,0.42283696083997224,3.2426739926739927,0.6555555555555554,0.4148351648351648,0.35,0.11666666666666667,0.08333333333333334,0.41666666666666663,0.75,0.16562576312576313,185.42,193.04,1.0,11375.0,AJ Dobson
0.6666666666666666,0.3333333333333333,0.0,1.6666666666666667,42.0,99.33333333333333,42.666666666666664,100.66666666666667,0.0,0.3333333333333333,27.666666666666668,80.66666666666667,8.333333333333334,11.0,6.0,7.666666666666667,33.666666666666664,86.0,2.3333333333333335,3.3333333333333335,6.0,10.0,18.666666666666668,388.6666666666667,0.5310620225826557,7.604596763225895,0.5286041563548369,9.311111111111112,0.463265306122449,5.444164730880737,0.7297979797979798,1.501090109010901,0.9074074074074074,0.9717571757175718,0.49739529650243935,5.7272727272727275,0.2333333333333333,0.15555555555555556,0.5287356321839081,1.3744903902154924,0.0,0.0,1.0,0.10414274760809415,185.42,193.04,1.0,9787.333333333334,Fernando Padilla
0.0,0.0,0.0,1.0,5.0,13.0,7.0,15.0,0.0,0.0,1.0,9.0,2.0,2.0,2.0,2.0,5.0,13.0,0.0,0.0,0.0,0.0,0.0,165.0,0.38461538461538464,1.8181818181818181,0.4666666666666667,2.5454545454545454,0.1111111111111111,0.36363636363636365,1.0,0.7272727272727273,1.0,0.7272727272727273,0.38461538461538464,1.8181818181818181,0.0,0.0,0.0,0.0,0.0,0.0,1.0,0.0,177.8,175.26,1.0,10688.0,Luis Pajuelo
0.0,0.0,0.0,3.0,63.0,221.0,63.0,227.0,1.0,1.0,47.0,180.0,8.0,16.0,8.0,23.0,59.0,203.0,1.0,1.0,3.0,6.0,23.0,900.0,0.27876106194690264,4.2,0.2775330396475771,4.2,0.25133689839572193,3.1333333333333333,0.5,0.5333333333333333,0.34782608695652173,0.5333333333333333,0.2694063926940639,3.933333333333333,1.0,0.06666666666666667,0.5,0.2,0.06666666666666667,1.0,1.0,0.025555555555555557,180.34,185.42000000000002,3.0,11266.0,Steven Nguyen
0.6,0.0,0.0,1.8,23.8,46.0,25.0,47.4,0.0,0.0,13.8,34.2,7.2,9.6,1.8,2.0,20.6,42.2,1.8,2.2,1.4,1.6,15.6,412.6,0.5450213573801614,4.8619416701005305,0.5658231292517006,4.9419416701005305,0.4696653020182432,3.499427689369411,0.6731829573934837,0.976497720568517,0.3333333333333333,0.38601626016260165,0.5068764568764569,3.3852517839739944,0.4833333333333333,0.4666666666666667,0.5,0.8254103765399966,0.0,0.0,0.2,0.12437407967000025,182.88,187.96,2.0,10565.2,Justin Tafa
0.0,0.0,0.0,3.0,47.0,164.5,70.0,198.0,3.0,5.5,32.0,141.0,7.5,14.5,7.5,9.0,40.0,144.0,0.5,5.0,6.5,14.5,307.5,900.0,0.31025009473285337,3.1333333333333333,0.3738292011019284,4.666666666666667,0.2229225494150867,2.1333333333333333,0.4873737373737374,0.5,0.90625,0.5,0.273360081210422,2.6666666666666665,0.25,0.03333333333333333,0.22413793103448276,0.43333333333333335,0.2,0.55,1.0,0.3416666666666667,172.72,172.72,1.0,12700.0,Montserrat Rendon
0.2,0.4,1.4,2.4,54.6,116.2,76.0,138.0,0.6,2.2,34.0,86.8,12.0,17.0,11.0,13.0,40.8,93.6,4.6,7.2,10.8,15.8,163.8,632.8,0.5094046950240771,5.574657694734805,0.5599701700708541,7.2700826130472835,0.41683169218224414,3.3546002179359062,0.7446498599439775,1.2094189753398736,0.6872727272727273,0.9994235481879971,0.38606475941161805,3.4850592192481726,0.6703030303030303,0.5366267143134761,0.40144927536231884,1.4146435877985426,0.10599742599742601,0.4,0.8800000000000001,0.2673127660887271,172.72,170.18,2.0,8805.2,Cameron Saaiman
0.2,0.0,0.0,3.2,71.6,175.6,98.4,205.4,2.2,4.0,42.4,133.6,10.6,23.8,17.2,20.6,64.2,163.8,3.0,5.0,2.8,4.8,203.6,811.0,0.4059472300377093,4.761899021677637,0.47382265288031544,6.787458928398946,0.3333844332488074,2.9358870720702073,0.45271382166059826,0.6814989720025941,0.7959391209391209,1.144512977604835,0.39183997814685945,4.357855252445806,0.48571428571428565,0.23015981565039811,0.4628571428571429,0.17388395358143258,0.14464367816091955,0.5333333333333333,0.8,0.2511584367080165,162.56,167.64000000000001,1.0,10874.4,Amanda Ribas
0.0,0.2,0.0,2.2,62.8,130.4,90.0,163.0,0.4,3.4,39.4,100.2,13.8,19.8,5.2,6.8,44.6,108.6,12.0,15.6,2.8,4.0,76.0,587.4,0.4543496273709531,6.603157840227413,0.5217564157726524,9.156304696804929,0.38613689350572866,4.589841717379734,0.604408457040036,1.2521056356389912,0.7736507936507937,0.5742098449479298,0.39613697674386283,4.827419768934531,0.7066498316498316,1.103099787685775,0.13999999999999999,0.29473684210526313,0.042105263157894736,0.1,1.0,0.14132893987337458,177.8,177.8,1.0,12506.8,Billy Quarantillo
0.0,1.0,0.0,3.0,45.0,107.0,56.0,119.0,4.0,9.0,28.0,82.0,11.0,18.0,6.0,7.0,44.0,106.0,1.0,1.0,0.0,0.0,328.0,900.0,0.4205607476635514,3.0,0.47058823529411764,3.7333333333333334,0.34146341463414637,1.8666666666666667,0.6111111111111112,0.7333333333333333,0.8571428571428571,0.4,0.41509433962264153,2.933333333333333,1.0,0.06666666666666667,0.0,0.0,0.26666666666666666,0.4444444444444444,1.0,0.36444444444444446,180.34,177.8,3.0,9907.0,Danny Silva
0.0,0.0,0.0,2.0,31.8,76.0,63.4,107.0,0.0,0.2,19.6,58.0,4.8,6.0,7.4,11.0,27.6,70.4,2.4,3.2,1.0,1.2,8.0,568.2,0.4402570328221427,2.947099107017512,0.6217188175468629,6.019127721521306,0.34373563218390807,1.8814290717366255,0.4133333333333333,0.4906394094264622,0.6813095238095238,0.7639830405688695,0.4070583425666311,2.393899885859381,0.45,0.2453197047132311,0.5333333333333333,0.1318658878247972,0.0,0.0,-0.6,0.015510163805012831,182.88,182.88,2.0,12397.2,Bryan Barberena
0.0,1.6666666666666667,0.3333333333333333,1.6666666666666667,17.0,42.0,40.0,71.66666666666667,0.6666666666666666,1.6666666666666667,10.0,31.333333333333332,4.0,4.333333333333333,3.0,6.333333333333333,11.0,32.333333333333336,0.0,0.0,6.0,9.666666666666666,102.0,448.3333333333333,0.4107107107107107,3.818290677670103,0.5477241828743497,6.692515601601143,0.30275891341256367,2.4392115516066304,0.9629629629629629,0.9364250344561653,0.4666666666666666,0.40669580322183446,0.3558201058201058,2.46997607092853,0.0,0.0,0.2142857142857143,1.1764705882352942,0.1719937456819752,0.4166666666666667,-0.3333333333333333,0.3555057469344735,170.18,172.72,1.0,11072.333333333334,Jafel Filho
0.0,0.0,0.0,3.0,16.0,48.0,28.0,65.0,0.0,0.0,4.0,32.0,5.0,7.0,7.0,9.0,13.0,45.0,3.0,3.0,0.0,0.0,21.0,615.0,0.3333333333333333,1.5609756097560976,0.4307692307692308,2.731707317073171,0.125,0.3902439024390244,0.7142857142857143,0.4878048780487805,0.7777777777777778,0.6829268292682927,0.28888888888888886,1.2682926829268293,1.0,0.2926829268292683,0.0,0.0,0.0,0.0,-1.0,0.03414634146341464,180.34,180.34,1.0,11456.0,Mitch Ramirez
0.2,0.4,0.0,2.2,41.6,81.0,55.4,103.4,1.0,2.0,30.8,66.8,8.2,12.6,0.6,0.6,23.2,58.4,6.6,8.6,5.2,6.2,173.4,506.2,0.4832200812107789,4.779756776708129,0.5197453773807341,5.9495929452756915,0.4664745832351467,3.772497794258728,0.5752380952380952,0.7965524396696878,0.4,0.1730081300813008,0.35179716212726225,2.612389330316449,0.33895833333333336,0.5599999999999999,0.34190476190476193,0.5743912559154898,0.08119079837618404,0.14285714285714285,1.0,0.29020639853547314,193.04,200.66,2.0,11271.4,Kennedy Nzechukwu
0.5,0.5,0.25,3.0,54.25,124.75,81.75,160.5,1.0,2.75,37.25,99.75,7.75,13.25,9.25,11.75,40.5,105.0,7.25,10.0,6.5,9.75,138.0,875.5,0.42567404199616826,3.7415241913948947,0.5110395015273209,5.823776179269104,0.36165249726655674,2.5807469177053974,0.5851648351648352,0.5303886368447487,0.7780303030303031,0.6303886368447487,0.3861113056027198,2.7752589736246067,0.5643939393939393,0.5073439620785409,0.7209595959595959,0.458921255691747,0.06749156355455568,0.125,0.5,0.15701056971199634,167.64000000000001,165.1,1.0,13235.0,Chad Anheliger
0.0,0.0,0.0,2.0,23.4,52.8,41.4,79.2,0.8,1.6,13.8,40.4,6.6,9.0,3.0,3.2,17.0,42.4,2.8,5.2,3.6,5.0,59.0,501.8,0.47926203906776693,4.259900243852295,0.5163906166825875,6.074823419308704,0.38508989187441695,2.4107713239897697,0.7598343685300207,1.1611348665043564,0.76,0.42132738669150205,0.45065416852650897,3.3909598690732223,0.47904761904761906,0.42265938304353556,0.144,0.4462809917355372,0.08771349862258954,0.25,0.4,0.10966865740491472,193.04,200.66,1.0,12267.0,Josh Parisian
0.4,0.6,0.0,4.0,56.2,116.0,80.8,142.8,2.6,7.0,34.0,88.4,15.2,17.4,6.0,7.2,40.2,96.8,8.0,10.0,9.0,11.8,315.4,820.0,0.5338494013726212,3.212019704433497,0.5893999139769422,4.454699507389162,0.402299635701275,1.9854187192118224,0.839423740510697,0.9208932676518883,0.7125,0.29770771756978653,0.40418100016945413,1.8872775041050904,0.9425925925925925,0.4687422003284073,0.645,0.8559999999999999,0.15570443349753696,0.28214285714285714,-0.02857142857142856,0.32755671938466857,172.72,177.8,2.0,13587.6,Rafael Dos Anjos
0.8,0.2,0.0,2.2,59.0,108.2,78.8,130.2,0.2,0.6,37.4,77.4,14.0,19.8,6.2,8.0,46.4,92.4,6.6,8.4,5.6,7.4,28.8,592.0,0.540959869077208,6.6561630162608765,0.5909760878409668,8.661859688174047,0.48007137613182155,4.299001223306999,0.648188775510204,1.425897225851181,0.7769230769230769,0.79804899282729,0.4792698412698413,4.716543854117164,0.8447058823529412,0.6897547277528393,0.6155080213903743,1.113499229454524,0.013333333333333332,0.1,0.2,0.07733349371809435,180.34,185.42000000000002,3.0,9785.8,Jack Della Maddalena
0.2,0.2,0.2,4.2,80.0,151.2,118.0,191.2,1.6,4.6,47.0,112.0,19.0,23.0,16.8,17.6,67.0,135.8,6.6,8.2,6.2,7.8,196.4,900.0,0.5666256269976626,4.389333333333333,0.6330399275050006,6.085333333333333,0.44038715598628553,2.6106666666666665,0.8298967663876041,0.9466666666666667,0.9528070175438597,0.8320000000000001,0.5393687104471419,3.7493333333333334,0.8313131313131313,0.312,0.6388888888888888,0.32799999999999996,0.11466666666666667,0.21230769230769236,0.6,0.17102222222222224,170.18,170.18,3.0,10863.2,Petr Yan
0.6,0.0,0.0,3.6,67.2,149.0,100.6,188.8,1.0,2.6,40.6,112.8,12.8,18.4,11.6,14.2,54.2,132.2,4.0,5.2,9.0,11.6,157.8,745.2,0.43992135511191777,4.628125984251969,0.5114960608688524,6.339370078740157,0.36064881927384873,3.0587326584176977,0.6717948717948719,0.8868323959505062,0.8302564102564102,0.6825609298837645,0.4039173267765415,4.021816272965879,0.6538461538461539,0.20811548556430445,0.5083333333333333,0.39819422572178476,0.04933333333333333,0.3583333333333333,0.85,0.13110752405949255,172.72,170.18,1.0,9259.4,Song Yadong
0.4,0.0,0.0,3.0,71.8,176.8,78.6,185.4,0.2,2.2,35.2,127.8,11.2,18.6,19.2,24.8,65.8,168.0,2.2,2.8,1.6,2.8,43.6,900.0,0.40597885643725656,4.986666666666666,0.418963634207499,5.24,0.26856080507971924,2.3466666666666667,0.5726817042606516,0.7466666666666667,0.7919760774854032,1.56,0.3956730166497722,4.586666666666667,0.82,0.14666666666666667,0.30769230769230765,0.10666666666666666,0.013333333333333332,0.025,1.0,0.04844444444444444,167.64000000000001,165.1,1.0,13238.8,Pedro Munhoz
0.4,0.4,0.2,3.0,76.6,169.2,89.8,184.8,2.2,5.2,51.8,137.6,14.4,19.8,11.8,13.6,61.4,151.0,5.2,6.6,8.0,9.2,96.0,861.6,0.45269521778293775,5.609265536723163,0.48060883251278597,6.312090395480226,0.3735862159700754,3.7346892655367228,0.7331980338502078,1.0106214689265536,0.8665608465608466,0.863954802259887,0.4094520512977927,4.521129943502825,0.7855555555555556,0.375593220338983,0.9242857142857142,0.5658757062146893,0.15751412429378528,0.33388888888888885,0.8,0.11588700564971752,172.72,182.88,1.0,9891.8,Kyler Phillips
0.0,0.0,0.0,3.0,76.4,202.6,92.4,224.4,0.4,2.4,47.0,160.6,22.0,34.0,7.6,9.6,65.8,187.4,8.2,12.0,0.0,0.0,78.6,900.0,0.36508794874002065,5.386666666666668,0.40055930321140387,6.159999999999999,0.28995597798239475,3.3600000000000003,0.6174972551602986,1.52,0.6428019323671498,0.5066666666666666,0.3386342815521646,4.606785009861932,0.7142857142857142,0.5866666666666667,0.0,0.0,0.026666666666666665,0.08333333333333333,1.0,0.08733333333333335,175.26,172.72,1.0,12258.6,Katlyn Cerminara
0.0,0.0,0.4,2.8,65.2,112.2,88.8,140.8,1.4,2.2,46.6,89.2,12.8,17.4,5.2,5.6,28.2,67.8,13.4,19.6,8.2,10.2,188.8,824.4,0.5947992863545866,4.959999999999999,0.6467539660027855,6.817931034482759,0.5429603684524021,3.4618882466281313,0.7196494355317885,0.9016091954022988,0.96,0.40459770114942534,0.4463623729203864,2.1889655172413796,0.7446074769375236,1.2579310344827586,0.9063636363636363,0.7860019550342131,0.09333333333333334,0.45,-0.15,0.22297318007662836,165.1,165.1,3.0,9062.2,Maycee Barber
0.0,0.0,0.0,2.2,73.8,159.4,102.6,182.2,0.6,1.0,44.6,104.6,17.0,24.2,18.2,23.8,63.4,141.0,12.0,17.0,1.0,1.4,25.6,645.2,0.5502312402449883,8.042626253777758,0.6086548415935142,10.365674740484431,0.4387756482120624,4.0727706480954255,0.7123073214559639,1.615988008506952,0.7160752351097179,1.8,0.5080716942593998,6.359821461477037,0.7163870967741935,1.0415224913494812,0.6,0.1412658227848101,0.04,0.3,0.8,0.02844444444444444,167.64000000000001,165.1,1.0,13354.4,Joanne Wood
0.0,0.6,0.2,2.4,64.0,146.8,84.8,175.0,1.0,3.0,43.6,114.8,15.0,22.0,5.4,6.6,50.8,126.0,8.8,11.6,8.2,11.4,228.8,701.2,0.4675046728297502,5.4248623617185485,0.514938725358403,7.610445073321328,0.40521061962633437,3.604778320898722,0.6908279055094732,1.3399502615556127,0.4708333333333333,0.3868004459308807,0.35339648671680884,3.875341737415316,0.7671717171717172,0.8198164822913988,0.47920227920227915,0.7430374753451676,0.08733727810650889,0.22999999999999998,0.7,0.3582182506503159,170.18,170.18,1.0,11297.0,Maryna Moroz
0.2,0.0,0.0,2.2,40.0,78.4,48.6,87.4,1.4,4.2,23.0,57.4,9.6,12.2,7.0,8.8,32.8,68.6,5.4,7.4,1.8,2.4,233.6,585.8,0.4701974529837291,4.487204968944099,0.49677441696396557,5.567204968944099,0.3865790365133401,2.7388240644335142,0.7742784992784993,1.0551671103223899,0.47853535353535354,0.49333333333333335,0.4396034908242473,3.7138716356107664,0.5935714285714286,0.6533333333333334,0.4928571428571429,0.3515646258503401,0.09333333333333334,0.19653679653679654,1.0,0.26727437641723356,187.96,198.12,1.0,13390.2,Philipe Lins
0.0,0.0,0.0,3.0,38.0,68.0,50.0,84.0,3.0,7.0,15.0,34.0,8.0,11.0,15.0,23.0,34.0,61.0,4.0,7.0,0.0,0.0,164.0,649.0,0.5588235294117647,3.5130970724191064,0.5952380952380952,4.622496147919877,0.4411764705882353,1.386748844375963,0.7272727272727273,0.7395993836671803,0.6521739130434783,1.386748844375963,0.5573770491803278,3.1432973805855164,0.5714285714285714,0.3697996918335901,0.0,0.0,0.27734976887519264,0.42857142857142855,1.0,0.2526964560862866,172.72,175.26,1.0,10554.0,Abdul-Kareem Al-Selwady
0.0,0.0,0.0,1.0,36.0,75.0,36.0,77.0,0.0,0.0,15.0,49.0,10.0,14.0,11.0,12.0,34.0,72.0,2.0,3.0,0.0,0.0,26.0,276.0,0.48,7.82608695652174,0.4675324675324675,7.82608695652174,0.30612244897959184,3.2608695652173916,0.7142857142857143,2.0,0.9166666666666666,1.8666666666666667,0.4722222222222222,6.666666666666667,0.6666666666666666,0.4347826086956522,0.0,0.0,0.0,0.0,-1.0,0.09420289855072464,177.8,180.34,1.0,10769.0,AJ Cunningham
1.0,0.0,0.0,3.0,3.0,16.0,5.0,25.0,0.0,0.0,1.0,13.0,2.0,3.0,0.0,0.0,3.0,16.0,0.0,0.0,0.0,0.0,34.0,900.0,0.19130434782608696,0.5263157894736842,0.23577235772357724,1.0666666666666667,0.07692307692307693,0.06666666666666667,0.6666666666666666,0.13333333333333333,0.0,0.0,0.1875,0.2,0.0,0.0,0.0,0.0,0.0,0.0,-3.0,0.03777777777777778,170.18,172.72,1.0,9642.0,Bekzat Almakhan
0.6,0.0,0.0,1.8,23.8,42.0,26.2,44.6,0.4,1.0,9.6,25.0,7.6,10.0,6.6,7.0,21.2,38.6,1.4,1.6,1.2,1.8,39.6,459.0,0.5772135144548938,4.457153016475051,0.5942848746081504,4.61715301647505,0.4183367139959432,2.7007656750029634,0.7948148148148148,0.8922476393662834,0.7555555555555555,0.8641397021058038,0.5584723949130728,3.7816459246967717,0.5666666666666667,0.1206779661016949,0.6333333333333333,0.5548291256765833,0.026666666666666665,0.13333333333333333,0.7,0.05929759129759129,190.5,200.66,1.0,11495.2,Tyson Pedro
0.2,0.0,0.0,2.4,44.6,95.4,69.0,129.4,2.0,7.0,25.8,72.0,13.0,17.4,3.0,3.8,27.0,70.2,8.2,11.2,4.8,9.0,238.4,671.6,0.41814941484335144,3.7310446264415846,0.4794444484595629,5.893333333333333,0.29521210813920046,2.056774193548387,0.784888888888889,1.2678188199899716,0.6799999999999999,0.2997849462365591,0.35359478940539957,2.2334102178394337,0.6307303807303808,0.7148387096774195,0.1956989247311828,0.5694623655913978,0.14580645161290323,0.3201048951048951,0.6,0.30524014336917565,185.42,190.5,2.0,13028.2,Eryk Anders
0.2,0.0,0.0,2.0,20.2,46.6,24.6,52.2,0.4,1.8,12.4,35.0,6.2,9.6,1.6,1.8,16.2,40.4,4.0,5.6,0.0,0.2,49.4,573.0,0.4457926457926458,1.9754816037653566,0.4804993671990923,2.397027027027027,0.2629994340690436,1.1854927837536533,0.7472222222222222,0.6395470352142016,0.5599999999999999,0.12747747747747748,0.27333007777474294,1.5140211425633419,0.7857142857142858,0.4572483820459833,0.0,0.0,0.026666666666666665,0.13333333333333333,-0.6,0.06563554691815562,187.96,200.66,1.0,12599.4,Jamie Pickett
0.0,0.0,0.0,3.0,45.0,86.0,92.0,146.0,3.0,4.0,42.0,81.0,1.0,3.0,2.0,2.0,21.0,55.0,0.0,2.0,19.0,27.0,268.0,881.0,0.5232558139534884,3.064699205448354,0.6301369863013698,6.265607264472191,0.5185185185185185,2.8603859250851307,0.3333333333333333,0.0681044267877412,1.0,0.1362088535754824,0.38181818181818183,1.4301929625425653,0.0,0.0,0.8275862068965517,1.6345062429057888,0.2043132803632236,0.75,0.5,0.30419977298524403,167.64000000000001,167.64000000000001,1.0,8790.0,Benardo Sopaj
0.25,0.0,0.0,2.0,23.0,44.75,37.0,61.0,0.25,0.5,14.75,34.75,2.75,3.5,5.5,6.5,15.0,33.25,1.5,2.25,4.75,6.75,70.5,394.75,0.48347051057251456,3.5620132036898875,0.5801129426129426,5.671251278712878,0.34561403508771926,2.13913634959112,0.5833333333333333,0.48848166028811757,0.775,0.9343951938106496,0.4218493431855501,2.5270314203876714,0.625,0.25653866952976057,0.17567567567567569,0.6158357771260997,0.029940119760479042,0.25,0.5,0.1552902913893864,185.42,195.58,1.0,11318.25,Claudio Ribeiro
0.4,0.0,0.0,2.2,34.2,76.0,34.8,76.8,0.2,1.0,19.2,53.8,7.0,11.0,7.2,10.6,32.6,73.8,0.8,1.2,0.8,1.0,12.8,590.6,0.5290233890023629,3.614617117117117,0.547736660929432,3.654617117117117,0.4461477144445979,2.5630855855855854,0.5802197802197802,0.5181981981981981,0.42430555555555555,0.5333333333333334,0.5079695885509838,3.0050225225225224,0.6,0.10486486486486486,0.3333333333333333,0.5047297297297297,0.013333333333333332,0.04,1.0,0.03151914414414415,172.72,172.72,1.0,12505.4,Aiemann Zahabi
0.0,0.0,0.0,3.0,82.75,162.0,96.75,177.5,1.25,3.25,49.25,118.0,23.5,30.0,9.25,11.5,68.75,145.25,6.5,9.0,7.5,7.75,128.0,900.0,0.5342985443922585,5.516666666666667,0.5576443433925865,6.45,0.4426522821517988,3.2833333333333337,0.7641233766233766,1.6166666666666667,0.832516339869281,0.6166666666666667,0.506157078467938,4.583333333333333,0.5785714285714285,0.43333333333333335,0.4903846153846154,0.5,0.08333333333333334,0.275,0.875,0.14222222222222222,175.26,175.26,1.0,9987.5,Javid Basharat
0.6,0.4,0.0,1.4,19.6,42.2,24.2,47.8,0.6,1.2,11.2,31.0,4.8,7.4,3.6,4.0,15.6,34.6,1.2,2.8,2.8,4.6,33.4,264.8,0.5023264798496996,3.9236941788519344,0.5573758594346829,5.0619660188271975,0.3842467225445948,2.0448088426843762,0.7115546218487395,0.9788338225393322,0.7666666666666667,0.9000515136282254,0.4694122589001295,3.0792991470868345,0.18095238095238092,0.19782433521353746,0.46333333333333326,0.6465706965515621,0.1947229161935044,0.5,1.0,0.18088640228820124,167.64000000000001,177.8,3.0,9643.4,Daniel Lacerda
0.0,0.0,0.0,1.6666666666666667,20.333333333333332,52.666666666666664,25.0,58.333333333333336,0.6666666666666666,2.3333333333333335,15.0,45.333333333333336,1.0,3.0,4.333333333333333,4.333333333333333,18.0,48.666666666666664,1.0,2.3333333333333335,1.3333333333333333,1.6666666666666667,65.0,354.6666666666667,0.40206323926775583,4.542926369369501,0.428958205187112,4.9296667008612145,0.3553002184842981,3.730444382568597,0.16666666666666666,0.08287292817679558,1.0,0.7296090586241091,0.38402846195949647,4.049797030936296,0.14285714285714285,0.08287292817679558,0.26666666666666666,0.4102564102564103,0.055248618784530384,0.09523809523809523,0.6666666666666666,0.0922769986305898,172.72,177.80000000000004,1.0,9901.333333333334,Cristian Quinonez
0.2,0.4,0.0,2.6,56.0,112.8,73.4,132.0,1.6,7.0,34.6,87.6,10.8,12.8,9.0,9.8,43.2,97.0,4.8,5.8,5.6,8.4,121.2,740.8,0.5232998725344636,4.643183372796633,0.5503216753372374,5.462246777163904,0.4079348821700853,3.0614154169955277,0.8431372549019608,0.8838253091291766,0.9468960863697706,0.6979426466719285,0.47892147420766057,3.5185240259103407,0.8333333333333333,0.4215364377795317,0.4560975609756097,0.45657458563535913,0.11314917127071822,0.19645021645021643,0.9484848484848485,0.13801596071209332,170.18,170.18,1.0,13071.4,Raoni Barcelos
0.2,0.0,0.6,4.2,84.2,179.6,102.8,200.2,1.8,4.0,53.6,138.2,15.4,20.2,9.4,11.0,70.2,161.4,5.4,9.4,6.2,9.2,183.6,894.8,0.5137931403045493,4.348338672768878,0.5465293326339652,5.079401983218917,0.4430703360647078,3.09972234935164,0.793986928104575,0.802093058733791,0.9414141414141415,0.4465232646834478,0.5013248523270961,3.746642257818459,0.4966386554621849,0.23199999999999998,0.5356060606060605,0.3696964149504195,0.088,0.42000000000000004,0.9666666666666668,0.16331970505975082,170.18,177.8,1.0,10642.6,Brandon Moreno
0.3333333333333333,0.3333333333333333,0.3333333333333333,2.3333333333333335,52.0,117.66666666666667,54.666666666666664,128.0,0.0,1.6666666666666667,26.333333333333332,86.33333333333333,10.0,16.666666666666668,10.666666666666666,12.666666666666666,43.333333333333336,102.66666666666667,1.0,1.0,6.333333333333333,8.666666666666666,28.0,681.6666666666666,0.46861788617886174,5.444444444444444,0.48380744499646333,6.13968253968254,0.3846310715609937,3.1475915221579958,0.4288416075650119,0.8299319727891157,0.8766233766233765,1.163718820861678,0.433551912568306,3.965532879818594,0.6666666666666666,0.12607709750566895,0.25641025641025644,0.8211143695014663,0.0,0.0,0.5,0.07962962962962963,177.80000000000004,175.26,1.0,8790.0,Francisco Prado
0.0,0.0,0.5,2.0,12.0,18.0,18.0,25.5,1.5,2.0,6.5,12.0,3.0,3.5,1.5,2.0,7.0,12.0,3.5,3.5,0.5,1.0,84.0,444.5,0.47595281306715065,1.1700414456097898,0.521448248720976,1.9359723913926108,0.3734817813765182,0.5786765626600794,0.42857142857142855,0.21924482338611448,0.5,0.10962241169305724,0.3877551020408163,0.5750304506699148,0.5,0.2557856272838002,0.25,0.03654080389768575,0.10962241169305724,0.375,0.75,0.2421243494629609,175.26,180.34,1.0,13273.5,Erik Silva
0.0,0.3333333333333333,0.0,2.3333333333333335,16.666666666666668,45.0,40.666666666666664,79.66666666666667,2.0,7.333333333333333,12.333333333333334,37.0,2.6666666666666665,4.333333333333333,2.0,4.0,11.0,36.333333333333336,2.0,2.0,3.6666666666666665,6.666666666666667,223.0,693.3333333333334,0.40270562770562773,1.2587301587301587,0.5221978557504873,3.153968253968254,0.2576232247284879,0.8222222222222223,0.6388888888888888,0.27619047619047615,0.5,0.18253968253968253,0.2781793842034806,0.7825396825396825,1.0,0.23174603174603173,0.3986928104575163,0.24444444444444444,0.13333333333333333,0.2272727272727273,0.8674242424242425,0.3336507936507936,167.64000000000001,180.34,1.0,8996.0,Mateus Mendonca
0.0,0.0,0.3333333333333333,2.0,40.333333333333336,79.66666666666667,44.0,86.66666666666667,2.3333333333333335,4.0,20.333333333333332,54.666666666666664,10.666666666666666,15.666666666666666,7.666666666666667,8.0,34.666666666666664,71.0,3.3333333333333335,5.333333333333333,2.3333333333333335,3.0,79.33333333333333,526.6666666666666,0.6027929300375121,4.035325522642098,0.621103896103896,4.3357520770960365,0.5066292293565021,2.045499292729533,0.45951417004048584,0.9122731434110615,0.9696969696969697,1.077553086501504,0.5644083535749757,3.556849159552707,0.4444444444444445,0.2558955322274239,0.5833333333333334,0.22258083086196687,0.31116054875787913,0.6888888888888888,0.5333333333333333,0.25687427292712267,167.64000000000001,175.26,1.0,11230.333333333334,Denys Bondar
0.2,0.2,0.2,2.8,55.6,113.8,79.8,140.4,0.2,1.2,34.0,87.4,12.8,17.0,11.6,13.2,45.0,99.4,4.4,5.4,5.0,7.2,34.4,645.4,0.5018809334712423,5.264378518821049,0.5660010903387361,7.755204698755027,0.3778817185015607,3.095507829302055,0.5845190581775948,0.9326792508313846,0.9219158496732026,1.153524772020944,0.4699013262185283,4.379839223225187,0.7055555555555555,0.4022108398569107,0.7199643493761141,0.48232845573895117,0.008,0.04,-0.12,0.038630192502532926,180.34,180.34,1.0,11057.0,Yair Rodriguez
0.0,0.8,0.0,2.4,14.8,26.8,35.2,52.2,2.0,6.2,8.0,16.6,5.8,8.4,0.8,1.6,7.0,15.2,1.2,2.4,6.6,8.8,279.8,666.4,0.45879382055852647,1.283887548774745,0.6232873067242,3.2692403600883067,0.37154761904761907,0.6864629321168346,0.5636507936507937,0.429909221213569,0.38,0.06355152094282529,0.3661683006535948,0.5585388183853658,0.2909090909090909,0.08786749482401657,0.4964444444444444,0.5228614895393661,0.16090425829556265,0.3326923076923077,1.0,0.3428099540782702,177.8,182.88,2.0,9580.6,Claudio Puelles
0.4,0.2,0.0,2.0,33.6,54.4,49.6,72.0,1.0,3.0,17.8,36.2,6.4,7.6,8.2,10.0,28.4,46.2,2.6,4.2,2.6,3.6,144.2,470.4,0.64359673888278,3.7703386809269164,0.7432576946862662,7.041996434937611,0.5425942116370214,2.180534759358289,0.7266666666666667,0.5599286987522282,0.7046153846153846,1.0298752228163992,0.5021767547598749,2.8034224598930484,0.5111111111111111,0.1920855614973262,0.5538461538461539,0.8069162210338682,0.08541889483065954,0.19238095238095237,1.0,0.33033586640397783,185.42,190.5,1.0,13632.6,Marcos Rogerio de Lima
0.2,0.0,0.0,3.2,58.4,116.8,96.0,165.4,1.0,3.0,35.4,84.4,11.2,17.0,13.4,17.4,44.0,98.6,6.8,10.0,6.4,9.2,154.8,671.4,0.5621576200637829,4.43362934441774,0.5974280026684721,6.83673002412783,0.3820848231586661,2.6880679811796666,0.7456060606060605,0.6982075580194526,0.7946382900986482,1.0606871385519547,0.513126797385621,3.4380416932667393,0.7233333333333334,0.4307075580194525,0.3108695652173913,0.5648800931315483,0.09266409266409267,0.11666666666666667,0.8,0.192436406424074,167.64000000000001,180.34,1.0,12662.2,Alexander Volkanovski
0.8,0.2,0.0,2.4,42.2,89.6,54.0,100.6,0.8,1.4,29.2,71.4,6.2,10.2,6.2,8.2,31.8,76.0,2.2,2.4,9.8,13.4,107.4,511.2,0.49323826343820676,4.422468530831287,0.5252120897956073,5.275946402293222,0.4377652151893061,3.238879185440043,0.6894230769230769,0.6574153160233988,0.6628205128205129,0.5261740293678446,0.4045177335640139,2.8616552892772713,0.75,0.24861448312294945,0.8386268343815513,1.1776896797835135,0.056697547683923696,0.25,0.8,0.20516282489893345,170.18,175.26,1.0,9423.2,Ilia Topuria
0.0,2.6,0.2,2.6,43.2,69.2,63.0,93.6,3.4,8.8,36.2,61.2,5.6,6.2,1.4,1.8,18.8,40.8,6.6,8.6,12.0,15.8,369.8,638.0,0.6236282190752169,4.181018403683749,0.663644350899667,5.970574411718346,0.5818346064645874,3.5217776408783137,0.8933333333333333,0.5255764651821984,0.49333333333333335,0.1336642976232369,0.46135151804717023,2.0813839106379683,0.8044444444444444,0.6536211471659389,0.7539965497412305,1.2125095016200558,0.3368987618689408,0.3825974025974026,0.1866666666666667,0.5549071391853861,182.88,190.5,1.0,10565.2,Anthony Hernandez
0.4,0.0,0.0,3.0,66.6,135.8,74.8,140.0,0.4,1.0,51.0,118.4,5.8,8.0,4.6,5.0,59.0,123.4,8.2,11.4,0.4,1.0,115.4,855.6,0.5147156165086249,4.872827693504473,0.5267574500017027,5.446604854854451,0.47289514092072527,3.8373686044655484,0.7316239316239316,0.4058937546764806,0.7166666666666666,0.3179353193169735,0.49769156850105684,4.171466355503695,0.5534343434343434,0.610968365277708,0.16666666666666666,0.029976883957466484,0.029976883957466484,0.16666666666666666,0.8,0.13161802623342655,180.34,190.5,2.0,11681.4,Geoff Neal
0.4,0.2,0.0,2.8,57.6,105.8,71.8,123.2,1.2,4.8,31.8,75.0,9.8,14.0,11.8,13.8,39.6,82.8,8.0,11.2,10.2,11.8,121.0,671.4,0.5677927457421477,5.363757753891754,0.6280259058199447,6.73441248606466,0.44869648869648876,3.3760475929025295,0.7655712530712531,0.977152179543484,0.6921781376518219,0.8725387205387205,0.4804684442911866,3.590003749873315,0.41759834368530024,0.4505589225589226,0.7134402852049911,1.2446527097984899,0.07086823643345382,0.19357142857142856,0.7571428571428571,0.10917475460663865,162.56,165.1,1.0,12472.0,Henry Cejudo
0.5,0.0,0.5,2.0,12.5,35.0,16.5,39.5,1.0,1.0,10.5,32.0,1.0,2.0,1.0,1.0,8.5,27.5,2.5,5.0,1.5,2.5,58.0,484.0,0.2996357012750455,2.3456140350877193,0.3321718931475029,2.5789473684210527,0.28383838383838383,2.212280701754386,0.25,0.06666666666666667,0.5,0.06666666666666667,0.2741545893719807,2.0789473684210527,0.25,0.16666666666666666,0.3,0.1,0.06666666666666667,0.5,0.25,0.06444444444444444,172.72,187.96,1.0,11036.0,Val Woodburn
0.6666666666666666,1.0,0.0,2.3333333333333335,28.333333333333332,50.666666666666664,46.666666666666664,74.33333333333333,2.3333333333333335,2.3333333333333335,19.0,39.0,5.333333333333333,6.666666666666667,4.0,5.0,14.0,25.666666666666668,0.3333333333333333,0.3333333333333333,12.666666666666666,17.333333333333332,376.3333333333333,622.6666666666666,0.5381453634085213,4.466666666666667,0.5823391812865496,6.533333333333334,0.48264410364886307,3.1031470777135515,0.5421245421245421,0.35555555555555557,0.5897435897435898,0.26666666666666666,0.5505050505050505,2.9333333333333336,0.3333333333333333,0.022222222222222223,0.782051282051282,1.5171717171717172,0.15555555555555556,0.6666666666666666,1.0,0.4873284932659933,170.18,172.72,2.0,10373.666666666666,Rinya Nakamura
0.0,0.0,0.0,3.0,12.0,25.0,55.0,79.0,0.0,0.0,7.0,19.0,1.0,2.0,4.0,4.0,6.0,15.0,1.0,2.0,5.0,8.0,0.0,900.0,0.48,0.8,0.6962025316455697,3.6666666666666665,0.3684210526315789,0.4666666666666667,0.5,0.06666666666666667,1.0,0.26666666666666666,0.4,0.4,0.5,0.06666666666666667,0.625,0.3333333333333333,0.0,0.0,-2.0,0.0,167.64000000000001,175.26,1.0,13253.0,Carlos Vera
1.0,0.0,0.0,1.0,17.0,28.0,17.0,28.0,0.0,0.0,13.0,19.0,2.0,5.0,2.0,4.0,14.0,25.0,0.0,0.0,3.0,3.0,2.0,101.0,0.6071428571428571,9.547123623011016,0.6071428571428571,10.099009900990099,0.6825396825396826,7.289719626168224,0.4,1.188118811881188,0.5,1.188118811881188,0.56,7.100591715976331,0.0,0.0,1.0,1.7821782178217822,0.0,0.0,1.0,0.019801980198019802,187.96,190.5,1.0,9316.0,Zhang Mingyang
0.0,0.2,0.2,2.8,44.4,73.8,72.4,110.8,2.4,4.0,16.4,37.0,15.0,21.4,7.4,10.2,23.6,49.4,9.0,11.8,5.8,7.6,155.0,788.8,0.5840095655460681,3.3263565891472866,0.6523329371643787,5.300775193798449,0.4655805901586986,1.2010852713178295,0.7069326542161857,1.2404134366925066,0.775050505050505,0.6226356589147287,0.49680782457910705,1.831937984496124,0.8193650793650793,0.8062015503875969,0.6485714285714286,0.5015503875968993,0.20310077519379846,0.5933333333333334,1.0,0.18515245478036174,162.56,165.1,1.0,9709.6,Loma Lookboonmee
0.2,0.0,0.0,2.8,35.2,70.8,74.8,115.2,1.2,4.4,21.2,52.4,6.6,8.6,7.4,9.8,25.2,57.4,7.8,11.0,1.4,1.8,150.4,745.4,0.5175580743021717,2.9481032874519997,0.6166724966873826,6.183519900850865,0.4171475638429397,1.7984168454097358,0.756547619047619,0.5555037121739419,0.8139335664335665,0.594182729868322,0.45985714285714285,1.9528346164954997,0.6847619047619048,0.6242908753438733,0.3,0.10157303370786516,0.0967482611021937,0.18454545454545454,0.9818181818181818,0.1928552773003404,182.88,190.5,1.0,11984.6,Devin Clark
0.0,0.5,0.5,2.75,24.75,73.0,51.25,105.5,0.25,0.5,17.0,62.0,3.5,5.75,4.25,5.25,23.75,71.25,0.25,1.0,0.75,0.75,35.0,783.0,0.34822066989174033,2.1194444444444445,0.4703511419181556,3.976388888888889,0.27749251272836173,1.5305555555555554,0.7678571428571428,0.2875,0.8333333333333333,0.30138888888888893,0.3395787348987902,2.0347222222222223,0.25,0.034722222222222224,0.5,0.05,0.016666666666666666,0.125,-0.875,0.05574074074074074,170.18,170.18,1.0,11311.0,Fernie Garcia
0.0,0.0,0.0,3.6,82.4,174.4,114.2,208.2,1.2,5.0,40.0,131.6,16.2,23.8,19.4,24.2,66.6,155.6,2.4,3.6,6.4,9.8,152.4,829.2,0.4892677366773722,5.1636336996337,0.5391613809810873,6.868278388278388,0.348045702545282,2.3463150183150185,0.6009506556245687,1.1795360195360196,0.852461456671983,1.5226666666666666,0.44607388410796356,4.491721611721611,0.5566666666666666,0.14326739926739926,0.4590909090909091,0.5286446886446887,0.09195604395604395,0.3333333333333333,1.0,0.1660034188034188,185.42,195.58,1.0,12482.0,Jack Hermansson
0.0,0.2,0.4,2.0,31.6,55.4,39.4,64.4,0.6,2.4,18.0,39.4,1.8,2.6,8.0,9.2,27.0,49.6,1.6,2.4,2.8,3.2,111.4,532.4,0.49054750402576486,3.124056561688753,0.5335956272881968,3.6972052284058754,0.36700473292765384,1.676544546237107,0.6333333333333333,0.17297938283250236,0.5673469387755101,0.7684552845528455,0.4730388219544846,2.7614124739447927,0.25555555555555554,0.1154327808471455,0.175,0.18666666666666668,0.07544715447154472,0.13,0.8,0.21441638388078427,182.88,187.96,1.0,11154.4,Trevin Giles
0.6,0.0,0.0,3.0,52.8,105.4,60.2,114.2,1.0,3.8,33.4,81.8,6.8,9.4,11.0,13.2,47.6,96.4,1.6,2.8,3.6,6.2,130.6,900.0,0.49410876978905083,3.5199999999999996,0.5251845649533511,4.013333333333334,0.41350268767457116,2.2266666666666666,0.7983216783216783,0.4533333333333333,0.8774040545709549,0.8399999999999999,0.48827210154643785,3.173333333333334,0.7333333333333333,0.10666666666666666,0.3340909090909091,0.24,0.06666666666666667,0.4,0.8,0.1451111111111111,180.34,193.04,1.0,13468.8,Max Griffin
0.2,0.6,0.0,2.2,21.6,49.0,40.0,75.2,2.0,4.4,18.6,44.4,3.0,4.0,0.0,0.6,10.6,31.2,1.0,1.6,10.2,15.2,298.6,576.4,0.4783221134230926,2.7519910544444275,0.552648758436309,4.299380523151152,0.45119294965729273,2.5150227699171195,0.5984126984126984,0.23696828452730773,0.0,0.0,0.28672268907563025,1.3228049145939467,0.4666666666666666,0.1036349511939744,0.5916666666666667,1.3655511886565066,0.18720302631134528,0.38,0.9,0.47179004137115843,175.26,187.96,3.0,13232.6,Jeremiah Wells
0.0,0.0,0.0,3.0,32.0,133.0,41.0,143.0,0.0,0.0,19.0,103.0,10.0,24.0,3.0,6.0,30.0,127.0,2.0,6.0,0.0,0.0,30.0,900.0,0.2413793103448276,2.1333333333333333,0.2867132867132867,2.7333333333333334,0.18446601941747573,1.2666666666666666,0.4166666666666667,0.6666666666666666,0.5,0.2,0.23622047244094488,2.0,0.3333333333333333,0.13333333333333333,0.0,0.0,0.0,0.0,1.0,0.03333333333333333,182.88,190.5,1.0,12274.0,Robert Bryczek
0.0,0.8,0.0,2.2,32.0,57.0,40.0,66.4,2.2,7.0,25.4,49.2,2.0,2.8,4.6,5.0,29.2,53.0,1.4,1.8,1.4,2.2,184.0,540.6,0.5416393376738203,2.7909756396005894,0.6156288216122596,3.991897625728606,0.5453862635680817,2.234806244007301,0.55,0.17546911548124405,0.5333333333333333,0.3807002801120448,0.44569264069264064,2.4235859089398475,0.52,0.1599670502483712,0.175,0.21649484536082472,0.2666761884469586,0.4585714285714285,1.0,0.42919803631161824,182.88,185.42000000000002,1.0,11973.6,Rodolfo Vieira
0.0,0.0,0.2,2.6,67.8,139.8,88.6,162.8,0.2,0.6,24.2,81.8,14.6,21.6,19.4,24.0,56.4,126.2,4.4,5.4,3.4,4.8,56.0,777.6,0.5116335776711627,5.241666666666667,0.5513930423954246,6.303333333333333,0.23627690249334163,1.6416666666666668,0.6108862768437237,1.1705555555555556,0.8848051948051949,1.8383333333333334,0.4817352013267041,4.4484516765286,0.3274725274725275,0.29333333333333333,0.2761904761904762,0.22666666666666666,0.013333333333333332,0.1,-0.4,0.06222222222222222,190.5,180.34,1.0,11751.2,Armen Petrosyan
0.0,0.0,0.0,2.25,43.75,69.5,52.25,79.0,0.25,3.25,21.75,44.0,14.25,17.25,7.75,8.25,31.0,54.5,7.5,10.5,0.5,0.5,164.25,588.5,0.6401533433886375,4.6982961992136305,0.664152535211774,5.397220401922237,0.5081985583063169,2.206651376146789,0.7520833333333333,1.3060670598514634,0.9545454545454546,1.1351190476190478,0.5803494124922697,3.6638979903888163,0.8334302325581395,0.801064875491481,0.25,0.03333333333333333,0.016666666666666666,0.05,1.0,0.25589449541284404,187.96,193.04,1.0,12847.0,Zac Pauga
0.4,0.0,0.0,2.6,54.4,117.8,60.6,126.4,1.0,2.8,25.2,75.8,20.4,28.0,5.0,6.6,50.4,112.0,1.8,2.8,2.2,3.0,110.0,722.4,0.505459790407625,4.453716839957244,0.5192501975211463,4.9727606646584395,0.3683487980665487,2.0774333560068667,0.7503240661777247,1.7973616644532981,0.7684615384615385,0.3969163994428789,0.49024804579472914,4.1341949276066465,0.44571428571428573,0.14114209827357238,0.6,0.17837981407702524,0.07723771580345286,0.3,1.0,0.14354050464807436,177.8,185.42000000000002,2.0,13381.4,Michael Johnson
0.6,0.0,0.0,2.0,33.8,88.6,36.4,91.4,0.2,0.6,20.4,69.4,9.6,14.0,3.8,5.2,30.2,83.2,0.8,1.2,2.8,4.2,20.8,491.8,0.39728781143966935,5.139513551156668,0.41795184673105545,5.711114467580105,0.3110192196809533,3.3390285442144765,0.7,1.4649587034439768,0.6619047619047619,0.6361822562664077,0.3798564199765976,4.487897679333649,0.5333333333333333,0.21556658395368072,0.6333333333333333,0.7159736756931707,0.013333333333333332,0.1,0.7,0.057691540499394636,172.72,177.8,2.0,12618.4,Drew Dober
0.0,1.0,0.0,3.4,46.6,105.6,88.2,155.4,1.6,6.0,32.8,88.4,7.2,9.4,5.0,5.4,41.8,98.4,0.4,0.8,2.2,3.4,311.2,900.0,0.45614848905519934,2.8080000000000003,0.5714960718294052,5.303999999999999,0.3897996948840676,2.1173333333333333,0.7115151515151515,0.38933333333333336,0.9380952380952381,0.30133333333333334,0.4490193796317968,2.6453333333333333,0.3,0.026666666666666665,0.7076923076923076,0.13599999999999998,0.096,0.24888888888888888,0.9333333333333333,0.3443111111111111,162.56,172.72,1.0,13277.2,Viviane Araujo
0.0,0.0,0.0,3.0,44.666666666666664,106.33333333333333,50.666666666666664,113.33333333333333,1.3333333333333333,4.0,31.333333333333332,89.66666666666667,7.333333333333333,10.666666666666666,6.0,6.0,36.666666666666664,96.66666666666667,6.666666666666667,8.333333333333334,1.3333333333333333,1.3333333333333333,143.33333333333334,900.0,0.44695340501792113,2.977777777777778,0.47343732936212457,3.3777777777777778,0.38672596698253764,2.088888888888889,0.7729468599033816,0.4888888888888889,1.0,0.39999999999999997,0.39587072565795967,2.444444444444444,0.7863247863247863,0.4444444444444444,0.3333333333333333,0.08888888888888889,0.1111111111111111,0.15151515151515152,0.6363636363636364,0.15925925925925924,190.5,195.58,1.0,10109.0,Jamal Pogues
0.3333333333333333,0.0,0.0,1.0,16.333333333333332,36.0,18.0,38.333333333333336,0.0,0.0,8.333333333333334,24.666666666666668,4.666666666666667,7.666666666666667,3.0,3.6666666666666665,13.0,31.666666666666668,2.0,2.6666666666666665,1.0,1.3333333333333333,5.0,113.33333333333333,0.40676328502415454,5.7909569080989245,0.4215859549899847,6.815518311607697,0.2765632861061071,3.4439292006185798,0.4761904761904762,1.3333333333333333,0.625,1.0523297491039427,0.3663378394836196,4.497920380273322,0.25,0.5777777777777778,0.25,0.6451612903225806,0.0,0.0,1.0,0.053763440860215055,175.26,180.34,3.0,9537.0,Pete Rodriguez
0.5,0.5,0.5,3.0,42.0,176.0,43.0,178.0,2.0,9.0,29.0,154.5,9.0,16.0,4.0,5.5,41.0,171.5,1.0,4.5,0.0,0.0,85.5,900.0,0.2423827768655355,2.8,0.26154849934754243,2.8666666666666667,0.18683056422366534,1.9333333333333336,0.5584415584415584,0.6000000000000001,0.85,0.26666666666666666,0.23818306010928963,2.7333333333333334,0.3333333333333333,0.06666666666666667,0.0,0.0,0.13333333333333333,0.23376623376623376,1.0,0.095,170.18,177.8,2.0,10491.5,Azat Maksum
0.3333333333333333,0.3333333333333333,0.0,1.6666666666666667,37.333333333333336,65.33333333333333,59.666666666666664,90.66666666666667,1.3333333333333333,3.0,22.666666666666668,45.0,9.0,12.333333333333334,5.666666666666667,8.0,19.333333333333332,44.0,7.333333333333333,9.0,10.333333333333334,12.333333333333334,117.0,399.0,0.5450363714163458,5.331316516691223,0.601211662249148,7.678200969201811,0.4403745369115388,3.101250181804385,0.7227272727272728,1.3371747282419675,0.7818181818181819,0.8928916066448712,0.4321923690344743,2.9414798560741637,0.5942028985507246,0.7461988304093566,0.5755693581780538,1.372838507432501,0.17616454930429523,0.4444444444444444,0.9444444444444445,0.2589388807033002,190.5,190.5,1.0,9782.333333333334,Gilbert Urbina
0.0,0.0,0.0,3.0,54.0,121.33333333333333,82.0,147.33333333333334,0.3333333333333333,4.333333333333333,30.333333333333332,85.66666666666667,5.0,8.666666666666666,17.333333333333332,22.666666666666668,46.0,113.66666666666667,4.333333333333333,6.333333333333333,0.6666666666666666,1.3333333333333333,195.33333333333334,900.0,0.4370207927225471,3.8888888888888893,0.5358282799206046,5.466666666666666,0.2815436705362078,2.0222222222222226,0.515686274509804,0.3333333333333333,0.8202408702408702,1.3111111111111111,0.3886877828054298,3.4,0.4564102564102564,0.2888888888888889,0.4444444444444444,0.044444444444444446,0.022222222222222223,0.047619047619047616,0.7777777777777778,0.21703703703703703,172.72,172.72,3.0,12060.666666666666,Blake Bilder
0.0,0.0,0.0,3.0,76.5,185.0,105.0,210.5,0.5,1.5,54.0,147.5,17.5,30.0,12.0,17.0,69.5,174.0,6.0,9.0,0.0,0.0,82.5,900.0,0.3936033064118606,6.066666666666666,0.433290073436313,7.666666666666666,0.3229495142538621,4.0,0.6137123745819398,1.3666666666666667,0.6446428571428571,1.0333333333333334,0.38767748478701824,5.133333333333334,0.5178571428571428,0.39999999999999997,0.0,0.0,0.03333333333333333,0.16666666666666666,1.0,0.09166666666666667,175.26,177.8,2.0,10227.5,Landon Quinones
0.0,0.0,0.0,3.0,60.0,146.0,74.0,165.0,0.0,5.0,28.0,103.0,18.0,26.0,14.0,17.0,55.0,141.0,5.0,5.0,0.0,0.0,253.0,900.0,0.410958904109589,4.0,0.4484848484848485,4.933333333333334,0.27184466019417475,1.8666666666666667,0.6923076923076923,1.2,0.8235294117647058,0.9333333333333333,0.3900709219858156,3.6666666666666665,1.0,0.3333333333333333,0.0,0.0,0.0,0.0,0.8,0.2811111111111111,177.8,175.26,1.0,9926.0,MarQuel Mederos
0.0,1.6,0.0,1.8,19.8,47.4,29.8,59.2,0.8,2.0,12.4,36.2,5.0,6.8,2.4,4.4,17.8,44.8,1.2,1.8,0.8,0.8,56.4,446.0,0.43764352012284435,4.159082953906851,0.4890573366232595,5.11710383041889,0.34566193853427896,2.5287440722104595,0.5680392156862745,0.6172562782180527,0.5266666666666666,0.5683041834398022,0.41507016599743346,3.665151713249152,0.325,0.08059790732436471,0.2,0.05333333333333333,0.220511738327618,0.5066666666666666,0.72,0.17979468098411133,170.18,167.64000000000001,1.0,10859.0,Julija Stoliarenko
0.2,0.0,0.2,2.6,84.8,189.6,106.4,212.2,0.6,1.0,49.4,145.6,21.2,29.2,14.0,16.8,70.8,170.4,12.0,15.4,2.2,2.8,45.4,779.8,0.4330579141945378,6.617212931995541,0.4722858304095986,7.990546265328874,0.3149511572145451,3.5478706800445936,0.716767616191904,1.7333333333333332,0.8599019607843138,1.1742697881828317,0.39751300966728487,5.509877369007804,0.8550505050505051,0.9606688963210702,0.4,0.14666666666666667,0.04,0.3,0.5,0.050444444444444445,170.18,172.72,1.0,9684.0,Diana Belbita
0.25,0.25,0.0,1.75,17.25,40.25,18.25,41.0,0.5,1.5,6.75,24.5,4.0,5.75,5.75,9.75,14.75,38.0,1.0,1.0,0.75,0.75,29.75,455.0,0.33809103970741905,1.8509409094444178,0.35192980231989723,2.2123616236162365,0.26268115942028986,0.7625705668821394,0.3504464285714286,0.3877613776137761,0.31009615384615385,0.5484624846248463,0.3010729135729136,1.51607610193749,0.5,0.09969249692496925,0.25,0.08302583025830258,0.055350553505535055,0.125,0.625,0.059626521265212645,185.42,193.04,1.0,11117.0,Yohan Lainesse
0.0,0.0,0.0,3.0,79.0,226.0,81.0,229.0,0.0,4.0,51.0,181.0,20.0,36.0,8.0,9.0,73.0,216.0,6.0,8.0,0.0,0.0,24.0,900.0,0.3495575221238938,5.266666666666667,0.3537117903930131,5.4,0.281767955801105,3.4,0.5555555555555556,1.3333333333333333,0.8888888888888888,0.5333333333333333,0.3348623853211009,4.866666666666666,0.75,0.4,0.0,0.0,0.0,0.0,1.0,0.02666666666666667,180.34,182.88,3.0,10061.0,Serhiy Sidey
1.0,0.0,0.0,3.0,62.0,147.0,62.0,148.0,0.0,0.0,48.0,131.0,8.0,10.0,6.0,6.0,60.0,144.0,1.0,1.0,1.0,2.0,6.0,900.0,0.4217687074829932,4.133333333333334,0.4189189189189189,4.133333333333334,0.366412213740458,3.2,0.8,0.5333333333333333,1.0,0.4,0.4166666666666667,4.0,1.0,0.06666666666666667,0.5,0.06666666666666667,0.0,0.0,1.0,0.006666666666666667,172.72,177.8,2.0,10968.0,Ramon Taveras
0.0,0.4,0.0,3.0,66.2,127.2,125.2,215.2,3.8,8.4,51.8,112.4,7.4,8.8,5.2,6.0,48.0,105.8,4.6,5.8,12.4,15.6,387.8,900.0,0.5181050646510083,4.413333333333332,0.6595737696053139,9.533333333333333,0.4727444271976253,3.5733333333333333,0.8460439560439561,0.49333333333333335,0.8561904761904762,0.3466666666666666,0.4468686868686869,3.2,0.653968253968254,0.30666666666666664,0.8872213389860448,0.9066666666666666,0.31933075933075933,0.6240707821590175,0.9,0.43088888888888893,170.18,182.88,1.0,10355.4,Movsar Evloev
0.5,0.5,0.25,1.75,25.25,42.25,42.0,60.5,1.75,2.25,13.0,28.5,5.75,6.5,6.25,7.25,19.75,36.0,0.25,0.25,5.25,6.0,137.25,431.75,0.5752079565651591,3.971264642390609,0.650848698219125,5.61840015891795,0.4319780987884436,2.2926963120726094,0.8928571428571428,1.052293309227425,0.7391304347826086,0.6262750210905745,0.5431597160947438,3.2419142320830696,0.25,0.06787330316742082,0.45833333333333337,0.6614771071401181,0.20858735269601036,0.6666666666666666,0.7083333333333334,0.2607768120606654,185.42,185.42000000000002,1.0,11461.0,Mike Malott
0.0,0.6,0.4,2.0,21.2,43.6,44.2,70.6,1.0,2.8,18.8,40.8,1.2,1.4,1.2,1.4,10.2,29.4,3.0,3.4,8.0,10.8,159.6,458.6,0.39925723399407614,3.055806310756144,0.5152523580853161,5.683542605484827,0.3626860701487567,2.490989584485692,0.5333333333333333,0.11804076998629838,0.4,0.42666666666666664,0.302293352537255,1.9647500197508205,0.5428571428571429,0.29510192496574594,0.4818840579710145,0.7959543660395775,0.16501781099057516,0.6363636363636364,0.16363636363636364,0.2900551178018687,170.18,180.34,3.0,11820.2,Malcolm Gordon
0.2,0.0,0.0,2.2,34.6,72.4,36.6,74.0,0.2,0.2,25.0,60.0,6.4,9.0,1.8,2.4,27.8,64.2,2.4,2.8,4.0,5.0,9.8,571.8,0.5106269809612451,4.587169638809205,0.5206842087576031,5.232052107874795,0.4692542689316883,3.559937615805976,0.7061904761904763,0.9061560329397501,0.6266666666666667,0.2986550197547495,0.445049055838152,3.4863379991113037,0.36923076923076925,0.1868004459308807,0.7155555555555556,0.8181811297983017,0.013333333333333332,0.2,-0.2,0.04502097195840569,170.18,165.1,1.0,12504.4,Priscila Cachoeira
0.2,1.0,0.0,1.8,14.6,39.4,56.4,90.6,0.2,0.6,8.2,31.0,4.2,5.4,2.4,3.0,12.2,36.0,0.6,1.4,1.8,2.0,34.4,436.0,0.38498561171178725,3.1544169513269784,0.6212289438423946,8.25407345107934,0.27009335126982187,2.0539958969683156,0.8238095238095238,0.7245385082144026,0.5555555555555556,0.24589341692789968,0.35859050911376494,2.4986065048793913,0.08571428571428572,0.04,0.55,0.6371423629129909,0.02298850574712644,0.06666666666666667,0.6,0.0763681559072644,165.1,170.18,1.0,11085.6,Polyana Viana
0.0,0.4,0.0,2.6,66.4,144.8,93.0,180.6,0.2,1.4,40.8,111.4,17.8,24.4,7.0,8.4,47.2,118.4,12.8,17.0,3.0,3.0,135.6,758.4,0.5192082653159226,5.0200000000000005,0.613469694051985,7.42,0.4173439532552833,2.934166666666667,0.8557057057057056,1.49,0.8282051282051281,0.5158333333333334,0.4440604804685515,3.4908333333333332,0.8652287581699347,1.1158333333333332,0.6,0.2,0.013333333333333332,0.1,0.2,0.15066666666666667,175.26,175.26,3.0,9994.0,Charles Jourdain
0.0,0.6666666666666666,0.0,2.3333333333333335,34.666666666666664,67.66666666666667,52.0,89.0,3.3333333333333335,7.333333333333333,17.333333333333332,42.666666666666664,7.666666666666667,12.666666666666666,9.666666666666666,12.666666666666666,27.333333333333332,58.333333333333336,2.3333333333333335,3.6666666666666665,5.333333333333333,6.333333333333333,313.6666666666667,685.0,0.5636111111111112,2.5359477124183005,0.6098173135654396,4.871895424836601,0.4817011081162024,1.2679738562091503,0.7306501547987616,0.6235294117647059,0.5462962962962963,0.6444444444444444,0.3661385853185523,1.8666666666666665,0.7333333333333334,0.21176470588235294,0.6944444444444443,0.5241830065359477,0.3322179322179322,0.4041666666666666,0.9444444444444445,0.5236921296296296,172.72,180.34,1.0,9510.666666666666,Farid Basharat
0.0,0.0,0.0,2.0,50.0,91.0,57.0,101.0,2.0,6.0,29.0,64.0,11.0,16.0,10.0,11.0,49.0,90.0,1.0,1.0,0.0,0.0,122.0,571.0,0.5494505494505495,5.253940455341506,0.5643564356435643,5.9894921190893164,0.453125,3.0472854640980733,0.6875,1.1558669001751312,0.9090909090909091,1.0507880910683012,0.5444444444444444,5.148861646234676,1.0,0.10507880910683011,0.0,0.0,0.21015761821366022,0.3333333333333333,0.8333333333333334,0.2136602451838879,170.18,175.26,1.0,12494.0,Felipe Bunes
0.4,0.0,0.0,3.0,54.4,98.4,76.4,122.4,1.0,3.0,30.4,68.2,12.0,16.0,9.4,10.8,42.6,83.8,4.2,4.6,7.6,10.0,166.0,730.2,0.5672840992053313,4.219154702148567,0.6326337662453706,5.695539160226277,0.4403080473045648,2.299195070777893,0.7302155644866642,0.9030834196478368,0.9524137931034483,0.7675255623721882,0.519077694235589,3.236763498260431,0.756043956043956,0.22720654396728018,0.9089285714285713,0.7551846599208563,0.06133333333333333,0.21666666666666665,0.9777777777777779,0.19365598137377277,190.5,190.5,1.0,10935.2,Magomed Ankalaev
1.0,0.3333333333333333,0.0,1.6666666666666667,32.333333333333336,63.0,35.333333333333336,67.0,0.3333333333333333,1.0,25.666666666666668,54.666666666666664,5.333333333333333,6.333333333333333,1.3333333333333333,2.0,26.666666666666668,56.0,2.0,2.6666666666666665,3.6666666666666665,4.333333333333333,47.666666666666664,357.0,0.5128716454073103,4.743254846442622,0.5178877691315502,5.096889424045766,0.46814296814296813,3.7649335449501873,0.5643939393939394,0.700581030807173,0.7222222222222222,0.2777402706852618,0.4889171768604393,4.043324049952029,0.5,0.25972216416558686,0.4696969696969697,0.4402086323250057,0.03929273084479372,0.1111111111111111,1.0,0.10649112835022845,172.72,175.26,1.0,12166.333333333334,Marcus McGhee
0.0,0.0,0.5,2.5,45.5,104.0,48.5,108.5,0.0,0.0,23.0,69.5,7.0,14.0,14.0,18.0,35.5,87.0,0.0,0.0,9.5,13.5,50.0,704.5,0.4208710022358316,3.750294695481336,0.42628726287262875,3.950294695481336,0.31792896876337184,1.8918140144073345,0.5,0.6459070072036673,0.7370967741935484,1.212573673870334,0.40402230187176424,3.0836280288146694,0.0,0.0,0.29411764705882354,0.6666666666666666,0.0,0.0,-1.0,0.05726260641781271,170.18,175.26,1.0,11306.5,Gaston Bolanos
1.4,0.4,0.0,3.0,43.8,112.6,53.0,125.4,1.0,2.2,26.4,87.6,8.6,15.4,8.8,11.2,32.6,94.2,5.0,7.2,6.2,11.2,152.8,871.2,0.4181492229218803,3.0520634920634917,0.4606112061682854,3.6679365079365076,0.3506682698222685,1.838730158730159,0.5693362193362194,0.5936507936507935,0.6237606837606837,0.6196825396825397,0.3874191267190274,2.2800000000000002,0.687142857142857,0.340952380952381,0.6502107279693486,0.4311111111111111,0.06666666666666667,0.42000000000000004,0.16,0.17286772486772486,185.42,190.5,3.0,11101.4,Matthew Semelsberger
0.5,0.0,0.0,1.25,18.25,39.0,18.25,39.0,0.0,0.0,15.25,34.75,1.5,2.75,1.5,1.5,12.75,31.25,0.0,0.25,5.5,7.5,3.5,206.25,0.481688596491228,5.666967278791345,0.481688596491228,6.296853039705257,0.42504930642298333,4.282616697457415,0.6833333333333333,0.7498266308884558,0.75,0.5463634274252523,0.42951127819548873,4.465814651377651,0.0,0.0,0.3875,1.4718725918314925,0.0,0.0,1.0,0.041172800998128506,175.26,177.8,1.0,10949.5,Nikolas Motta
0.2,0.0,0.0,1.2,38.8,69.2,44.0,73.8,0.4,1.6,22.2,52.4,10.2,13.2,3.2,3.6,35.0,60.2,3.4,5.2,3.0,3.8,18.6,301.2,0.5438640618640618,6.44701425968492,0.5506893883012782,7.436516419162433,0.4191520467836257,3.4722139640929184,0.7357864357864357,1.65362655562001,0.8,0.8082716902153038,0.5432647574079799,5.278611104733849,0.3022222222222222,0.42791073929449597,0.15789473684210525,0.3185840707964602,0.0694317091374347,0.26666666666666666,1.0,0.05358495930625155,182.88,195.58,1.0,12375.0,Phil Hawes
0.25,2.0,0.5,2.25,34.0,69.0,56.75,94.0,2.25,4.75,26.5,60.5,5.0,6.5,1.75,2.0,22.5,55.5,6.0,8.0,4.5,5.5,328.75,624.0,0.4909203164612291,2.8951834087684927,0.6483428602410386,5.108557949965098,0.47684708518041846,2.3957733792699676,0.6473684210526316,0.3728613569321534,0.625,0.12654867256637167,0.380292011522233,1.843904388750028,0.47115384615384615,0.5160766961651918,0.9285714285714286,0.535202323853273,0.2676011619266365,0.625,0.925,0.6075001014480923,170.18,177.8,2.0,11360.5,Tagir Ulanbekov
0.2,1.0,0.0,2.0,35.8,62.8,65.8,93.0,1.0,3.0,26.6,49.2,7.8,10.4,1.0,1.2,20.6,37.8,6.6,9.2,7.6,11.6,280.2,546.2,0.5913363483195886,3.737339514518122,0.6945549077728879,6.827871035418466,0.5380463980463981,2.6891242782564833,0.8872727272727273,0.832112552481008,0.2,0.07001166861143523,0.5279770992366413,1.9482480519912344,0.4958333333333333,0.6596368555226055,0.5349650349650349,0.9300302585017537,0.13617498419631957,0.5066666666666666,1.0,0.463159338362516,185.42,195.58,1.0,10164.4,Shavkat Rakhmonov
0.0,0.2,0.2,5.0,82.4,182.4,130.0,240.4,2.0,8.0,54.2,147.4,17.0,23.4,8.8,11.4,64.0,158.4,6.2,7.2,8.2,11.0,308.8,900.0,0.42102616416166916,3.875270011593109,0.5428321934431748,6.92814882316465,0.3493117392046724,2.7573833005311266,0.7367932067932068,0.7501353967269688,0.8480952380952381,0.3677513143350139,0.3804262058798506,3.250888463508668,0.5114285714285713,0.27426426896012507,0.296969696969697,0.35011727912431584,0.09214698983580923,0.195,0.9418181818181818,0.29834433150899137,180.34,182.88,1.0,12267.6,Colby Covington
0.4,0.0,0.2,3.2,54.0,135.8,59.4,150.6,0.2,1.6,35.8,113.0,12.4,19.0,5.8,6.6,47.0,124.0,1.4,2.2,3.0,3.4,46.4,675.2,0.327125531064793,3.029400119260585,0.349735075654477,3.452675014907573,0.2829403127130919,2.075501490757305,0.5096061290400914,0.6977650566487776,0.7577777777777778,0.2561335718545021,0.28986776351069043,2.6681979725700655,0.34285714285714286,0.09613357185450208,0.36,0.2650685748360167,0.021466905187835422,0.05,1.0,0.07573627509441463,167.64000000000001,177.8,1.0,13633.4,Josh Emmett
0.2,0.4,0.0,2.4,28.2,48.8,63.6,100.8,3.0,7.0,18.4,34.4,7.2,11.2,2.4,3.2,18.0,34.2,0.4,0.8,8.4,12.8,312.2,661.4,0.5165043441052259,2.3602291442892946,0.5785986889319548,5.366530612244898,0.4501868307131465,1.4721088435374152,0.5466666666666666,0.6027210884353742,0.71,0.19346938775510206,0.46018007377547265,1.5980719560551493,0.26666666666666666,0.037823129251700685,0.5233397190293742,0.651156462585034,0.23715388858246,0.3965811965811966,1.0,0.3987241914309584,177.8,177.8,2.0,10215.6,Bryce Mitchell
0.2,0.6,0.0,2.6,43.4,103.0,92.8,168.6,2.2,6.0,23.2,72.8,8.0,14.6,10.0,13.4,30.8,86.6,7.2,8.0,5.4,8.4,206.2,745.0,0.4864030284884617,3.3156378835375704,0.6175911062081727,7.377378803711092,0.41248837077376904,1.8020417339539598,0.49395604395604387,0.553256704980843,0.7657671957671959,0.9070061112694342,0.38963883137796185,2.371253601849213,0.9578947368421054,0.5684455843703493,0.5125,0.37593869731800766,0.19824578069092175,0.5247619047619048,1.0,0.33271391092217895,170.18,167.64000000000001,2.0,13164.4,Tim Elliott
0.4,0.0,0.4,2.0,44.0,82.0,47.8,86.0,0.2,0.2,28.2,61.8,6.4,9.6,9.0,10.6,33.6,66.6,3.2,4.4,7.2,10.0,70.6,534.8,0.5169705312045111,5.5460017130554,0.527011379012406,6.374733016821992,0.4284299095620098,3.796031962277195,0.5619652406417113,0.6148596213586542,0.8275641025641025,1.0836293300509934,0.5064684379817047,4.180666962854137,0.3368421052631579,0.31659574468085105,0.30274841437632133,0.5594326241134752,0.013333333333333332,0.2,0.4,0.10469847410272944,172.72,182.88,2.0,9379.6,Sumudaerji
0.0,0.4,0.2,1.6,16.2,36.8,41.8,66.4,1.2,2.2,10.8,30.2,3.2,4.0,2.2,2.6,9.2,28.4,3.6,4.4,3.6,4.0,122.0,385.2,0.5109622985709942,3.22873484022339,0.6391136467540385,6.6909570624456105,0.4208025525111638,2.0728827533789365,0.3529411764705882,0.23393939393939395,0.5714285714285714,0.7722943722943724,0.30699802648332064,1.6558781217784362,0.35789473684210527,0.2606060606060606,0.5416666666666667,0.9019399059721641,0.21373737373737373,0.6571428571428571,0.5,0.3423512506012506,167.64000000000001,172.72,1.0,12535.2,Stephanie Egger
0.0,0.4,0.2,2.4,21.2,47.4,44.4,85.2,2.4,6.2,13.4,37.6,3.2,4.8,4.6,5.0,17.6,42.2,0.6,1.0,3.0,4.2,234.4,687.6,0.47729853479853473,2.003826175803649,0.5545559557317676,3.798437423296199,0.39350020946795145,1.3102226316534147,0.7397435897435897,0.28120480177414064,0.9418181818181818,0.412398742376094,0.436577094335715,1.5510907818425985,0.4,0.1450419867786314,0.6,0.30769340718241917,0.26737673634225356,0.5171428571428571,0.8,0.43483192946786725,185.42,198.12,2.0,12012.0,Andre Muniz
1.0,1.5,0.0,2.5,44.0,107.5,62.0,139.5,0.5,2.0,26.5,81.0,6.0,9.0,11.5,17.0,36.5,88.0,3.5,8.5,4.0,11.0,154.0,665.0,0.4104041120170152,4.22414500796296,0.447038961038961,5.855484591262089,0.32730076286317156,2.595268195773885,0.5333333333333333,0.6501715730540004,0.6898148148148149,0.9787052391350748,0.4147727272727273,3.406997553647364,0.38095238095238093,0.3718784376180078,0.18181818181818182,0.44526901669758817,0.03792667509481669,0.16666666666666666,1.0,0.2540923046612048,170.18,167.64000000000001,1.0,10108.0,HyunSung Park
0.0,0.0,0.0,1.3333333333333333,17.666666666666668,43.0,23.0,51.0,0.0,0.0,9.0,32.666666666666664,3.3333333333333335,4.333333333333333,4.666666666666667,6.0,16.333333333333332,38.333333333333336,0.3333333333333333,2.6666666666666665,0.0,0.0,0.0,225.0,0.44178743961352657,4.435894542716933,0.4665034180185695,5.127503122461106,0.29982517482517484,2.1975723169471695,0.5833333333333334,1.0746925032639318,0.39999999999999997,0.8213578189365114,0.4488577362409138,4.398788791325468,0.041666666666666664,0.03710575139146568,0.0,0.0,0.0,0.0,1.0,0.0,167.64000000000001,167.64000000000001,3.0,12477.333333333334,Shannon Ross
0.0,0.0,0.0,3.0,59.5,95.5,86.5,126.5,0.5,2.0,26.5,54.0,22.0,29.5,8.0,12.0,34.5,66.5,19.0,27.0,0.0,0.0,153.0,900.0,0.602389594676346,3.966666666666667,0.68271875,5.766666666666667,0.4768246281563473,1.7666666666666666,0.8391608391608392,1.6666666666666665,0.6666666666666667,0.5333333333333333,0.5057260650480989,2.3000000000000003,0.8571428571428572,1.5333333333333332,0.0,0.0,0.03333333333333333,0.16666666666666666,-0.16666666666666663,0.16999999999999998,170.18,167.64000000000001,1.0,12191.5,Jamey-Lyn Horth
0.0,0.6,0.0,2.6,43.4,77.2,62.4,99.6,0.8,4.2,22.4,50.0,9.8,14.4,10.2,11.8,36.8,69.2,5.4,6.2,1.2,1.8,138.8,692.0,0.5880069530872325,3.859490434384939,0.6509041954371718,5.454897183784995,0.4832149253425849,2.146768662938814,0.7879457096848401,0.7964466679139036,0.9099641577060933,0.9162751035322214,0.5568857643064421,3.201827063657592,0.76,0.5206283302960802,0.3,0.13703504043126685,0.07234501347708895,0.31111111111111106,0.32000000000000006,0.22531709615504542,182.88,182.88,1.0,9590.8,Wellington Turman
0.0,0.2,0.2,2.4,38.6,121.0,55.0,143.6,1.6,6.6,21.4,93.2,9.4,14.8,7.8,8.8,33.2,111.6,2.4,3.0,3.0,3.0,159.4,652.4,0.4049769186852622,3.059157494815911,0.4741366247803045,4.828136482939633,0.2658667704795221,1.6249335131451108,0.5344444444444444,0.7356430446194226,0.8956643356643357,0.6985809370513769,0.3439203751037052,2.446402459361088,0.34285714285714286,0.16,0.6,0.4527550354548223,0.14299212598425198,0.14683982683982683,1.0,0.27795349062030233,170.18,177.8,1.0,13860.0,Clay Guida
0.2,0.2,0.2,2.2,31.8,67.4,50.6,96.0,1.4,3.4,21.2,55.0,6.2,8.0,4.4,4.4,25.2,56.0,1.2,1.8,5.2,9.6,219.4,603.6,0.41701643184401804,2.871,0.48093783829632564,4.804333333333333,0.3202878074306646,1.7334080996884733,0.7095238095238096,0.5173333333333333,1.0,0.6763333333333333,0.39952393647408313,2.2363333333333335,0.4533333333333333,0.08,0.48126984126984124,0.5546666666666666,0.10666666666666666,0.16666666666666666,1.0,0.3574619883040936,177.8,182.88,2.0,12119.8,Beneil Dariush
0.0,0.2,0.0,3.4,60.2,121.4,107.6,174.8,1.8,5.8,39.2,91.8,14.0,23.4,4.6,6.4,40.0,94.0,9.6,13.6,9.0,11.2,295.8,817.6,0.5116797183021997,4.0521913666822496,0.6023688857030595,7.522443509428082,0.4376189873798982,2.627644070437899,0.6808174178762413,1.073729156926913,0.58003663003663,0.2708181393174381,0.4400118310155313,2.547458313853826,0.5995726495726496,0.6039756895745675,0.3177858439201452,0.900757363253857,0.14293532803490727,0.33333333333333337,0.9428571428571428,0.3572196723546829,167.64000000000001,165.1,1.0,12682.0,Miesha Tate
0.2,0.2,0.4,2.6,29.0,66.2,52.2,95.2,0.4,1.2,20.0,54.8,5.4,7.4,3.6,4.0,21.2,55.4,6.0,8.6,1.8,2.2,135.2,680.4,0.42852874843264893,3.7919016970099397,0.5321329947990602,5.881428017074117,0.3768407761828814,2.6910056248844016,0.6210164835164835,0.7981114991592291,0.5599999999999999,0.2438183934807916,0.3252022753771685,1.98551663315342,0.4906832298136646,0.6546061311602639,0.5333333333333333,0.12254559565386107,0.027303065580131937,0.25,0.2,0.19680365941134276,170.18,172.72,1.0,11999.6,Julia Avila
0.2,0.0,0.0,3.8,59.6,136.0,79.2,151.6,0.6,2.4,42.8,113.4,12.6,17.6,9.0,10.0,51.8,126.8,4.8,7.0,2.8,3.4,48.0,755.4,0.42687688771345866,5.729445940432477,0.47574948240165627,6.818621468926553,0.37225304188335195,4.2278878504672885,0.7097619047619047,0.9062598870056497,0.8456140350877192,0.4384632768361582,0.41048540408280676,4.570903353057199,0.6,0.2624632768361582,0.4428571428571429,0.41098305084745756,0.024,0.24,0.3,0.03794199623352166,172.72,180.34,1.0,12975.8,Rob Font
0.0,0.0,0.0,2.0,80.0,131.0,99.0,160.0,1.0,4.0,70.0,116.0,9.0,12.0,1.0,3.0,18.0,46.0,11.0,14.0,26.0,38.0,169.0,557.0,0.6106870229007634,8.617594254937163,0.61875,10.66427289048474,0.603448275862069,7.289719626168224,0.75,0.9694793536804309,0.3333333333333333,0.10771992818671454,0.391304347826087,1.9389587073608618,0.7857142857142857,1.18491921005386,0.7183098591549296,3.5294117647058827,0.10771992818671454,0.25,1.0,0.30341113105924594,190.5,195.58,1.0,10162.0,Rodolfo Bellato
0.0,0.5,0.5,3.0,9.5,28.0,16.5,38.0,1.0,5.0,9.0,26.5,0.5,1.0,0.0,0.5,9.0,25.5,0.5,2.5,0.0,0.0,210.5,779.0,0.36742424242424243,0.7298245614035088,0.4699192956713133,1.3540020263424517,0.3484848484848485,0.6490374873353597,0.5,0.04559270516717325,0.0,0.0,0.43253968253968256,0.6612968591691997,0.25,0.03333333333333333,0.0,0.0,0.0911854103343465,0.1,-1.0,0.3045845997973658,175.26,187.96,2.0,10015.0,Nick Aguirre
0.3333333333333333,0.0,0.0,1.6666666666666667,32.666666666666664,60.0,33.333333333333336,60.666666666666664,0.0,0.3333333333333333,16.666666666666668,40.666666666666664,7.333333333333333,10.0,8.333333333333334,9.0,30.0,53.666666666666664,0.3333333333333333,0.3333333333333333,2.0,5.0,18.333333333333332,371.0,0.5751582278481012,4.481909902962535,0.5761268343815513,4.6842490842490845,0.35025990903183885,2.2964590964590967,0.46913580246913583,0.884004884004884,0.9855072463768115,1.2750455373406193,0.5606496119574591,4.119489981785064,0.3333333333333333,0.022222222222222223,0.13333333333333333,0.13333333333333333,0.0,0.0,0.0,0.02037037037037037,180.34,185.42,1.0,10127.666666666666,Lucas Alexander
0.0,1.0,0.0,3.0,18.0,43.0,35.0,77.0,3.0,11.0,10.0,28.0,6.0,12.0,2.0,3.0,11.0,31.0,3.0,5.0,4.0,7.0,456.0,900.0,0.4186046511627907,1.2,0.45454545454545453,2.3333333333333335,0.35714285714285715,0.6666666666666666,0.5,0.4,0.6666666666666666,0.13333333333333333,0.3548387096774194,0.7333333333333333,0.6,0.2,0.5714285714285714,0.26666666666666666,0.2,0.13636363636363635,1.0,0.6255555555555555,172.72,175.26,1.0,9961.0,Rafael Estevam
0.2,0.6,0.2,1.8,22.8,37.6,42.0,60.6,0.8,4.4,5.0,13.2,5.6,10.4,6.4,7.8,18.8,31.4,2.8,4.2,1.4,2.2,176.0,423.2,0.6027819548872181,3.17613710749285,0.6195381139653586,5.136770202125311,0.45499999999999996,1.1095892264414082,0.608,0.9185217922181975,0.7262711864406779,0.8093412815770085,0.43389840784798767,2.034553501463012,0.6828571428571429,0.6625752018510062,0.4666666666666666,0.4895973670367023,0.10548851300176723,0.1,0.9777777777777779,0.4028439561322271,175.26,180.34,2.0,9990.0,Jordan Leavitt
0.0,0.0,0.0,2.6,40.4,84.8,54.8,102.4,1.6,3.0,28.4,72.2,6.6,7.6,4.8,5.0,28.8,70.4,8.6,10.0,3.0,4.4,186.6,741.4,0.4662696612220206,3.7643042308632912,0.5433855033855034,5.198366348740524,0.3983339606437918,2.640792369772561,0.7465201465201465,0.6896551724137931,0.7833333333333333,0.3232183908045977,0.3857846268361941,2.4229200293470288,0.61,0.6666666666666667,0.4415584415584416,0.21287356321839077,0.13266409266409268,0.3333333333333333,0.5333333333333334,0.23978853835493602,172.72,182.88,1.0,13390.8,Mark Madsen
0.0,0.5,0.25,2.25,7.25,26.5,41.0,65.25,1.25,1.5,3.75,21.25,0.75,2.0,3.0,3.25,7.0,25.25,0.0,0.25,0.25,1.0,169.25,555.75,0.3032505405517071,1.8401042929905407,0.4724483622850229,4.228848899191911,0.1851611788090917,1.077016994373876,0.375,0.4651122324691143,0.6666666666666666,0.29268519713885316,0.29574703424034654,1.799877355366334,0.0,0.0,0.0625,0.018270401948842874,0.08493706861550954,0.45,0.0,0.22500278353605385,162.56,165.1,2.0,10760.25,Montserrat Conejo Ruiz
0.0,0.0,0.2,2.8,23.6,51.4,53.4,88.0,3.0,7.8,10.8,32.8,6.4,9.8,6.4,8.8,18.0,43.8,2.4,2.8,3.2,4.8,354.2,833.2,0.48273736163414355,1.7306949352179033,0.6251257282616406,3.788174322732627,0.4016233211233212,0.782944640753828,0.34392961876832845,0.4738751472320377,0.6283333333333333,0.4738751472320376,0.437938600592177,1.3573616018845702,0.7,0.16,0.4177777777777778,0.21333333333333332,0.267731012183309,0.47601010101010105,0.975,0.4787705634079309,177.8,185.42000000000002,1.0,10890.4,Marc Diakiese
0.0,1.4,0.0,2.0,21.6,43.4,42.2,68.4,0.8,3.4,11.0,29.4,6.4,9.2,4.2,4.8,17.0,36.4,3.8,5.6,0.8,1.4,62.6,494.2,0.48348993503632676,3.862991633722534,0.5755437456894875,5.457956882218911,0.3569013112491373,2.0313015806675723,0.7007017543859649,0.998677467192395,0.8577777777777778,0.787025071077798,0.4450137778641622,3.1565090031877316,0.37976190476190474,0.29056603773584905,0.11428571428571428,0.05333333333333333,0.05333333333333333,0.10666666666666666,0.96,0.08905266753310395,172.72,177.8,1.0,11193.4,Said Nurmagomedov
0.25,0.0,0.0,2.0,49.5,102.0,54.5,106.0,0.75,1.5,34.75,83.0,9.0,12.0,2.25,2.5,45.0,94.5,4.0,6.25,0.75,1.0,29.25,461.25,0.4037530266343826,4.804034690799397,0.4188678413120973,5.116025641025641,0.31077354603708585,3.2756410256410255,0.6527149321266968,0.8880090497737556,0.7142857142857143,0.507051282051282,0.3874295477743754,4.3088423831070894,0.6477272727272727,0.4426282051282051,0.41666666666666663,0.052564102564102565,0.05,0.1875,0.4375,0.03254273504273504,177.8,177.8,1.0,12261.5,Mike Breeden
0.0,0.5,0.0,2.5,68.0,122.5,89.0,147.0,1.0,5.0,49.5,96.0,12.5,18.5,7.0,7.0,45.5,97.5,3.0,6.5,9.5,13.5,216.0,652.0,0.6207270754205101,6.137110980622431,0.6404040404040404,8.236641221374047,0.5422413793103449,4.484145625366999,0.5416666666666666,1.0572519083969465,1.0,0.5572519083969466,0.4822415153906866,3.676844783715013,0.23076923076923078,0.23076923076923078,0.43243243243243246,1.2316715542521994,0.11450381679389314,0.2,1.0,0.31753261358524515,182.88,175.26,3.0,10378.5,Anshul Jubli
0.6,0.0,0.0,4.0,66.4,135.4,98.6,176.8,2.4,5.2,46.0,108.2,15.8,21.8,3.4,4.0,49.2,114.2,8.2,11.4,8.8,10.6,209.6,792.4,0.5058909652029604,3.5458832892058583,0.5891033244382886,5.572743933109891,0.44585145115126534,2.4601627768170062,0.7299383753501401,0.9070200945807378,0.9,0.17870041780811435,0.4445457163441895,2.596061523392663,0.6633477633477634,0.35398707294552173,0.9038095238095238,0.5958346928676737,0.14784958907883258,0.5366666666666667,1.0,0.195864456041723,182.88,193.04,3.0,12858.4,Kamaru Usman
0.4,1.2,0.0,1.8,33.6,66.0,59.4,92.4,1.8,4.2,24.6,53.6,3.6,6.4,3.6,3.6,22.2,51.0,2.2,2.6,9.4,12.8,175.6,439.4,0.5291468736787073,5.547777461670185,0.6467493733602521,8.0,0.4629218307129993,4.2425736048835825,0.3939393939393939,0.6711111111111111,0.4,0.24,0.46255371851397875,2.9663225290116046,0.16923076923076924,0.14666666666666667,0.6268317853457173,1.545217641308723,0.23388858246001104,0.38,1.0,0.4263645725834193,187.96,190.5,1.0,10202.2,Khamzat Chimaev
0.0,0.0,0.0,2.6,46.2,104.8,56.6,117.6,0.8,2.4,28.4,79.6,7.6,13.6,9.6,11.2,40.8,97.6,3.8,4.8,1.6,2.4,108.4,733.6,0.4286902720253424,4.531914893617022,0.4684177904418864,5.225248226950355,0.28794455092635124,1.8933333333333333,0.5500699300699301,0.8666666666666666,0.9208602150537635,1.0266666666666668,0.4104074560752403,3.9733333333333336,0.5918181818181818,0.2533333333333333,0.375,0.10666666666666666,0.05333333333333333,0.15238095238095237,0.8,0.12044444444444444,162.56,165.1,2.0,13450.6,Jinh Yu Frey
0.0,0.0,0.3333333333333333,3.0,62.333333333333336,151.0,117.0,208.0,1.0,2.6666666666666665,33.0,108.33333333333333,16.0,22.333333333333332,8.666666666666666,10.0,47.666666666666664,126.66666666666667,9.0,13.666666666666666,6.666666666666667,8.666666666666666,117.66666666666667,898.6666666666666,0.4183143792538985,4.3884920634920634,0.5700112954685824,8.10297619047619,0.29935667311016334,2.2044642857142858,0.7313390313390314,1.2,0.8791666666666668,0.579265873015873,0.3579220659865821,3.1859126984126984,0.6376262626262627,0.7555555555555555,0.5041666666666667,0.4444444444444445,0.06666666666666667,0.5,0.0,0.13094411375661377,175.26,193.04,1.0,12787.333333333334,Abu Azaitar
0.0,0.6,0.6,2.4,33.0,85.2,89.8,156.8,2.6,5.4,28.2,78.4,4.6,6.2,0.2,0.6,20.4,67.8,6.0,9.6,4.8,6.6,238.0,640.6,0.3966659754225416,2.574021779028508,0.5332144374759615,7.495532444226927,0.35299217677244094,2.226781679513846,0.7,0.33390676618132875,0.1,0.013333333333333332,0.31867468078630157,1.5649308699375994,0.403921568627451,0.5387878787878788,0.2991304347826087,0.47030303030303033,0.19681430727191157,0.40499999999999997,1.0,0.3157446945905896,177.8,180.34,1.0,13734.2,Darren Elkins
0.0,1.6,1.6,2.8,37.0,75.4,64.4,111.0,2.2,4.2,28.2,65.4,6.4,7.6,2.4,2.4,29.2,65.8,4.8,6.0,3.0,3.6,264.8,752.8,0.4894348925927874,3.306386154385033,0.5769878925714251,5.341988345412509,0.4352832332586095,2.5033179071796914,0.7844444444444445,0.5679493598118917,0.8,0.23511888739344994,0.44297114278521316,2.555606617235216,0.6247619047619047,0.5010312626877791,0.5166666666666667,0.20641494112870484,0.18486745693600415,0.6071428571428571,0.1,0.32614552250835926,175.26,182.88,3.0,11877.4,TJ Brown
0.5,0.5,0.0,2.0,33.0,76.0,39.0,85.0,0.5,2.5,15.0,51.5,4.5,7.5,13.5,17.0,30.5,71.0,1.5,2.5,1.0,2.5,25.0,515.5,0.4267676767676768,5.7221374045801525,0.4426406926406926,6.122137404580153,0.27262544802867383,2.3697201017811707,0.5803571428571428,1.0666666666666667,0.7965517241379311,1.6826972010178118,0.4198966408268734,4.8,0.75,0.29567430025445296,0.2,0.06666666666666667,0.03333333333333333,0.125,1.0,0.027777777777777776,172.72,170.18,1.0,12078.0,Irina Alekseeva
0.0,0.0,0.0,3.0,68.0,171.0,87.6,193.0,0.6,2.8,44.6,140.6,8.2,11.8,10.6,11.6,57.8,159.6,9.6,13.0,0.2,0.2,77.8,900.0,0.37242442083462585,5.096091391268869,0.4160629809672415,5.92,0.30631901821675883,3.6846105919003116,0.656517094017094,0.5466666666666666,0.9433333333333334,0.7066666666666667,0.3427232708070777,4.220118343195266,0.7826340326340326,0.6533333333333332,0.2,0.013333333333333332,0.04,0.15,0.9,0.08644444444444443,162.56,165.1,1.0,12442.4,Jennifer Maia
0.0,0.5,0.0,3.0,30.0,59.0,87.0,125.5,2.0,5.0,19.5,45.5,9.5,11.5,1.0,2.0,18.0,42.0,11.0,14.0,1.0,3.0,272.0,880.0,0.5101549053356282,2.0651162790697675,0.697690305790501,5.950387596899224,0.41138059701492535,1.3465116279069766,0.8373015873015872,0.6503875968992248,0.5,0.06821705426356589,0.4015625,1.2449612403100776,0.8020833333333333,0.7503875968992247,0.3333333333333333,0.06976744186046512,0.13488372093023257,0.4375,0.75,0.3055555555555556,170.18,170.18,1.0,11837.0,Tainara Lisboa
0.0,0.0,0.0,3.0,15.0,31.0,61.0,87.0,2.0,3.0,10.0,23.0,3.0,6.0,2.0,2.0,13.0,28.0,2.0,3.0,0.0,0.0,322.0,900.0,0.4838709677419355,1.0,0.7011494252873564,4.066666666666666,0.43478260869565216,0.6666666666666666,0.5,0.2,1.0,0.13333333333333333,0.4642857142857143,0.8666666666666667,0.6666666666666666,0.13333333333333333,0.0,0.0,0.13333333333333333,0.6666666666666666,0.0,0.35777777777777775,165.1,165.1,1.0,9732.0,Ravena Oliveira
0.0,0.6,0.0,3.0,57.0,144.8,97.6,200.6,0.8,4.4,34.4,114.2,12.8,20.4,8.8,12.4,50.6,134.2,2.6,3.8,2.2,2.8,187.6,900.0,0.3915256396364516,3.8,0.493517244076508,6.586666666666668,0.3039473112143692,2.2933333333333334,0.6704761904761904,0.9200000000000002,0.687056856187291,0.5866666666666667,0.36134118262425785,3.4799999999999995,0.44666666666666666,0.17333333333333334,0.15714285714285714,0.14666666666666667,0.05333333333333333,0.16666666666666666,0.9666666666666668,0.20844444444444443,170.18,175.26,2.0,12349.2,Ashley Yoder
0.4,0.2,0.0,2.2,19.4,40.6,26.2,47.6,0.6,1.2,13.8,31.6,3.6,5.0,1.8,3.6,11.4,28.8,3.6,4.4,4.2,6.0,82.4,524.2,0.5293393057110862,2.531755141080823,0.6001835847621035,3.2740315638450506,0.45589430894308947,1.9744332855093254,0.5833333333333333,0.36281205164992825,0.3,0.19450980392156864,0.4502677328241238,1.825738880918221,0.5095238095238096,0.4260162601626016,0.25591397849462366,0.27999999999999997,0.04,0.15,0.15,0.16639885222381634,177.8,185.42000000000002,1.0,13311.2,Abdul Razak Alhassan
0.0,1.4,0.0,2.4,24.0,74.8,47.4,102.6,1.8,5.4,15.0,60.4,5.6,7.0,3.4,5.4,21.8,68.2,1.2,3.2,0.8,1.0,126.4,644.6,0.3053377673687563,2.1074351035960945,0.40972206993923754,3.772574876104288,0.19714809000523287,1.120983191263565,0.6533333333333333,0.3994139194139194,0.6106060606060606,0.6311829347123465,0.30296076472547057,1.9491316526610647,0.26666666666666666,0.08,0.3,0.06637362637362638,0.1460805860805861,0.33106060606060606,0.8886363636363637,0.1673943833943834,175.26,180.34,1.0,10841.4,Johnny Munoz
0.0,0.6666666666666666,0.0,2.6666666666666665,28.666666666666668,50.333333333333336,58.333333333333336,86.33333333333333,2.6666666666666665,5.333333333333333,22.0,41.333333333333336,4.666666666666667,6.333333333333333,2.0,2.6666666666666665,11.0,25.666666666666668,1.6666666666666667,2.3333333333333335,14.666666666666666,18.0,355.3333333333333,800.0,0.5761319591261452,2.1666666666666665,0.6483716475095785,4.177777777777778,0.5318181818181819,1.6333333333333335,0.7428571428571429,0.36666666666666664,0.5,0.16666666666666666,0.4365942028985507,0.8666666666666667,0.7777777777777778,0.14444444444444443,0.8027777777777777,1.1555555555555557,0.19999999999999998,0.4259259259259259,1.0,0.5028849902534113,162.56,165.1,1.0,10382.666666666666,Kanako Murata
0.2,0.0,0.0,3.2,68.6,140.8,75.6,148.2,0.0,0.2,31.4,85.2,21.2,29.6,8.6,11.2,62.0,132.4,5.4,6.6,0.2,0.4,39.2,772.6,0.5083866598340007,4.891450440063793,0.5229815543955989,5.195681303355551,0.35940776870188634,2.1458632303826723,0.6891864419733272,1.7098588075550658,0.8135815602836878,0.7023950687927211,0.49613592991471167,4.5193135741338235,0.6232323232323231,0.3622846491812009,0.1,0.009852216748768471,0.0,0.0,0.2,0.03360265684403615,172.72,180.34,3.0,10746.0,Rafael Fiziev
0.0,0.75,0.75,2.5,38.25,78.25,60.5,104.25,1.0,3.0,25.75,62.75,4.25,6.75,7.25,8.75,32.75,68.75,3.0,5.0,2.5,4.5,153.0,692.25,0.47846844193478494,2.9367446994651027,0.5949913752846248,4.796173809397991,0.39371671273511766,1.9673762425651597,0.46474358974358976,0.34067599067599064,0.7364583333333333,0.6286924662239524,0.40531904532033924,2.407808857808858,0.5555555555555556,0.26890225643374255,0.4222222222222222,0.27225020990764065,0.06666666666666667,0.16666666666666666,0.8333333333333334,0.24599738422786283,177.8,170.18,3.0,9419.0,AJ Fletcher
0.0,0.0,0.0,3.0,68.33333333333333,134.33333333333334,105.66666666666667,178.33333333333334,0.3333333333333333,2.3333333333333335,42.666666666666664,104.66666666666667,15.0,20.333333333333332,4.333333333333333,4.333333333333333,48.333333333333336,109.33333333333333,18.333333333333332,24.333333333333332,0.3333333333333333,0.6666666666666666,220.0,900.0,0.5286916184913683,4.555555555555556,0.6106411987007846,7.177777777777777,0.4518173881077107,3.266666666666667,0.7500138819479149,1.0,0.6666666666666666,0.2888888888888889,0.45995550343376435,3.2222222222222228,0.8124941724941724,1.3111111111111111,0.16666666666666666,0.022222222222222223,0.022222222222222223,0.16666666666666666,0.3333333333333333,0.24444444444444446,162.56,165.1,1.0,9756.666666666666,Mizuki
0.0,0.2,0.0,2.2,42.6,99.6,52.4,114.0,0.6,4.4,18.4,64.0,14.6,21.0,9.0,12.8,27.2,77.4,10.6,15.8,3.2,3.8,134.8,637.8,0.41176587521546304,3.519109978084888,0.4392744234812727,4.639473142806029,0.22260734412720992,1.4519799633257302,0.8072303921568628,1.1952242944675522,0.6634615384615385,0.8719057202916052,0.3493392048564462,2.34391162395456,0.6058074534161492,0.9485316874636611,0.16842105263157894,0.21333333333333332,0.04,0.08095238095238096,0.5857142857142857,0.2079107592766522,162.56,165.1,1.0,10757.0,Hannah Goldy
0.2,0.0,0.0,2.2,25.0,59.0,28.6,63.4,0.2,0.2,16.2,47.0,5.8,8.4,3.0,3.6,20.8,53.6,4.0,4.8,0.2,0.6,15.4,498.4,0.4490736894934496,3.492650168779201,0.4753362813656931,3.825760654830863,0.37377033492822964,2.332970676120581,0.7054347826086957,0.6722819447677132,0.8800000000000001,0.4873975478909065,0.4188647365923114,3.0548661053404884,0.4882352941176471,0.3603647086000027,0.2,0.07741935483870968,0.017777777777777778,0.2,1.0,0.025358572409805807,182.88,187.96,1.0,10479.6,Andre Fialho
0.2,0.8,0.0,2.4,69.0,145.0,83.2,162.4,0.8,1.4,48.2,123.8,12.6,14.4,6.2,6.8,55.6,126.6,9.4,12.4,4.0,6.0,139.0,658.0,0.47055367917881374,6.675547328150069,0.49652813685730723,7.704376156978897,0.40914863156656966,5.112358339648059,0.8739710144927537,1.1146538319141057,0.7646153846153847,0.427027027027027,0.41821400347716137,4.916391459953104,0.5968137254901962,0.8046846846846847,0.3697435897435898,0.9544711835122793,0.1358854745156115,0.4333333333333333,0.8,0.2509640051009914,190.5,198.12,1.0,12420.6,Jake Collier
0.0,0.0,0.0,1.0,4.5,13.0,6.0,15.0,0.5,1.0,4.0,12.5,0.5,0.5,0.0,0.0,3.5,11.0,1.0,1.5,0.5,0.5,33.0,129.0,0.3721804511278195,3.807017543859649,0.43062200956937796,4.280701754385965,0.35317460317460314,3.2514619883040936,0.5,0.5555555555555556,0.0,0.0,0.21671826625386997,3.4135472370766484,0.3333333333333333,0.31578947368421056,0.5,0.15789473684210528,0.15789473684210528,0.25,0.5,0.1736842105263158,177.8,187.96,1.0,12278.0,Terrence Mitchell
0.2,0.0,0.2,2.6,25.6,54.6,60.8,96.2,0.6,1.0,10.8,34.4,9.6,13.4,5.4,6.8,17.6,45.8,5.8,6.4,2.2,2.4,88.8,698.8,0.4432268166372455,2.1568120547343312,0.6576924416579588,5.347492730399707,0.29111025870078233,0.9895020870602265,0.7289473684210527,0.688843972390484,0.5898496240601504,0.4560342402202867,0.35756050167814873,1.367850782676364,0.7290598290598291,0.4987775790101372,0.4,0.25441860465116284,0.04,0.2,-0.2666666666666666,0.14501358833916972,162.56,165.1,1.0,11006.8,Elise Reed
0.0,0.0,0.0,3.0,86.6,193.8,101.0,205.2,0.0,0.2,43.6,129.0,19.2,31.8,20.6,25.2,80.0,186.4,5.8,8.0,0.0,0.0,2.6,900.0,0.4790104511762772,6.373333333333333,0.4876134418815005,6.733333333333334,0.34147497015677647,3.3200000000000003,0.559326245570148,1.36,0.8679267089499648,1.5866666666666664,0.47077288713245513,5.7735700197238655,0.6794117647058824,0.3866666666666666,0.0,0.0,0.0,0.0,1.0,0.0028888888888888888,172.72,172.72,1.0,13028.8,John Makdessi
0.0,0.0,0.0,2.3333333333333335,36.333333333333336,66.0,56.0,89.66666666666667,0.0,1.3333333333333333,16.0,39.0,14.666666666666666,19.333333333333332,5.0,7.333333333333333,18.0,40.333333333333336,13.333333333333334,18.666666666666668,0.0,0.3333333333333333,30.666666666666668,692.6666666666666,0.4814251941911516,2.5532163742690055,0.5330298786181139,4.022222222222222,0.2964362316449431,1.0666666666666667,0.8583743842364532,1.0719424460431655,0.46428571428571425,0.3333333333333333,0.3372999774622492,1.2312537136066548,0.826076076076076,1.205275779376499,0.0,0.0,0.0,0.0,-0.3333333333333333,0.03656008526512124,180.34,193.04,3.0,12517.333333333334,Blood Diamond
0.2,0.0,0.0,2.2,47.6,109.2,53.8,118.8,0.2,2.0,26.0,82.2,13.8,19.2,9.8,12.0,42.8,104.0,1.6,1.8,0.0,0.0,45.0,568.8,0.41145949288806427,4.1149687778768955,0.42936804936811657,4.418245614035088,0.21231852563565198,1.818816199376947,0.6019509476031215,1.3212845673505798,0.6448571428571428,1.0133333333333332,0.404061524030294,3.8417537877388286,0.5,0.10666666666666666,0.0,0.0,0.013333333333333332,0.04,1.0,0.05,172.72,182.88,1.0,10225.6,Shane Young
0.0,0.0,0.25,2.0,38.0,121.5,51.75,144.5,0.0,0.5,26.5,99.25,6.5,8.25,4.25,4.25,34.5,112.5,2.75,4.0,0.0,0.0,8.75,563.5,0.3929501206994681,3.6301964588891584,0.48785599183448913,5.676391724513406,0.3410936285936286,2.856075366038616,0.6291666666666667,0.4857910906298003,0.5,0.2833333333333333,0.3655702710422273,3.272742032705283,0.3173076923076923,0.2357910906298003,0.0,0.0,0.0,0.0,0.5,0.02759493670886076,172.72,182.88,1.0,13420.25,Zarah Fairn
0.0,0.0,0.0,1.0,9.0,41.0,9.0,41.0,0.0,0.0,5.0,30.0,1.0,4.0,3.0,7.0,9.0,41.0,0.0,0.0,0.0,0.0,0.0,231.0,0.21951219512195122,2.3376623376623376,0.23577235772357724,2.3376623376623376,0.16666666666666666,1.2987012987012987,0.25,0.2597402597402597,0.42857142857142855,0.7792207792207793,0.21951219512195122,2.3376623376623376,0.0,0.0,0.0,0.0,0.0,0.0,1.0,0.0,172.72,172.72,1.0,9811.0,Manolo Zecchini
0.2,0.6,0.0,2.8,75.4,109.0,83.6,115.4,0.2,1.0,35.6,60.0,18.4,25.2,16.6,19.0,62.0,99.8,5.2,5.6,3.4,3.6,52.4,652.4,0.6933680354732985,5.905521616730623,0.7342988764448375,6.831619225120599,0.5197214795008913,2.910982601337074,0.7994956603330988,1.4407592313734656,0.9644444444444444,1.5101356358788423,0.643045651995738,4.821652705495191,0.5596638655462185,0.3652199747042097,0.3875,0.2393258289273202,0.008,0.06666666666666667,0.33333333333333337,0.04550329194620957,193.04,200.66,1.0,11818.0,Ciryl Gane
0.2,0.6,0.0,3.6,56.4,127.6,74.8,153.0,0.6,1.2,41.4,110.2,6.8,9.0,6.6,8.4,45.4,114.6,1.6,2.2,5.6,7.8,115.6,704.2,0.46066096596119177,4.189752808988764,0.4965450376775921,5.265776350989834,0.39407808872619315,3.0277466379247246,0.646969696969697,0.38185553772070624,0.5987878787878789,0.33537221330479755,0.3992304097440709,2.8264743097102647,0.4,0.0827936507936508,0.33095238095238094,0.5646686217008797,0.024,0.12,-0.4,0.08614874264312467,170.18,182.88,1.0,12573.2,Chan Sung Jung
0.0,0.0,0.0,1.4,15.8,34.8,26.4,49.0,0.4,2.0,10.4,28.4,1.0,1.2,4.2,4.8,11.2,29.0,1.8,2.2,2.6,3.0,87.6,291.4,0.38647252461649506,3.9303713830029623,0.4233426435877262,5.207965367965367,0.31189383715699504,2.7233601080999925,0.4,0.14564102564102566,0.37272727272727274,0.616969696969697,0.33364761507439855,3.1515527609645253,0.37142857142857144,0.356923076923077,0.32,0.5326686217008798,0.026666666666666665,0.05,0.8,0.16957020757020755,182.88,190.5,1.0,13496.8,Parker Porter
0.0,0.0,0.0,1.0,13.5,38.5,14.0,39.0,0.0,0.5,10.5,34.0,1.5,3.0,1.5,1.5,13.5,38.0,0.0,0.5,0.0,0.0,0.5,252.5,0.3687106918238994,3.314030757546991,0.38037735849056603,3.4227264097209043,0.30625,2.6172394152268845,0.7,0.3707043857983672,0.5,0.32608695652173914,0.3717948717948718,3.314030757546991,0.0,0.0,0.0,0.0,0.0,0.0,1.0,0.0018115942028985507,182.88,180.34,2.0,8809.0,Yusaku Kinoshita
0.6,1.2,0.4,3.0,44.4,89.0,90.0,139.6,1.6,2.4,25.2,65.4,6.8,10.4,11.4,12.6,30.8,69.8,4.4,6.6,8.6,12.6,290.8,777.8,0.5385855562162125,3.5123414071510957,0.6486368527642717,6.332143021914648,0.43216427379530575,2.1759723183391007,0.6478354978354979,0.4792341407151096,0.9507389162561577,0.857134948096886,0.43342229096220813,2.3489273356401386,0.6377777777777778,0.272,0.5635265700483092,0.8914140715109573,0.10400000000000001,0.6,0.8,0.3588848580505474,167.64000000000001,172.72,1.0,10469.0,Taila Santos
0.0,0.0,0.0,2.2,27.8,70.6,39.0,82.6,1.2,4.8,21.8,61.2,5.0,8.0,1.0,1.2,23.0,64.0,2.2,3.2,2.4,2.8,130.0,547.4,0.45447253242364755,3.0006710674840043,0.5491814616752239,4.474864752157041,0.299267107161844,1.67779293095727,0.5566666666666666,0.5723308575629293,0.5333333333333333,0.431331592689295,0.39242979242979237,2.4713341176669403,0.6272727272727272,0.2661654287814647,0.2833333333333333,0.2631715210355987,0.16233246301131418,0.3125,0.95,0.2654025926434886,187.96,198.12,1.0,13196.8,Chris Weidman
0.0,1.0,0.0,1.6666666666666667,6.333333333333333,21.666666666666668,16.666666666666668,33.666666666666664,0.3333333333333333,3.3333333333333335,3.0,13.0,2.0,5.666666666666667,1.3333333333333333,3.0,5.0,20.0,1.0,1.3333333333333333,0.3333333333333333,0.3333333333333333,26.666666666666668,369.0,0.4036920933472658,2.8121408755348667,0.5224517906336089,3.5010297644237554,0.32893772893772893,1.5309070390746227,0.547008547008547,0.5268914280340433,0.6222222222222222,0.7543424084262003,0.3237133237133237,2.1794611369727748,0.6666666666666666,0.6104575163398692,0.3333333333333333,0.022222222222222223,0.022222222222222223,0.047619047619047616,0.8095238095238096,0.02962962962962963,165.1,170.18,1.0,9596.333333333334,JP Buys
0.0,0.0,0.6,3.0,76.4,153.0,98.8,182.4,0.0,0.2,40.2,96.8,18.0,25.4,17.2,21.8,66.4,140.8,10.4,12.0,0.2,0.2,88.8,900.0,0.5266637154289147,5.573333333333333,0.5629263192750782,7.0666666666666655,0.4087045044196838,2.6799999999999997,0.7292605970025325,1.3511111111111114,0.7700379506641367,1.2933333333333334,0.5012466922810611,4.646785009861934,0.6605847953216374,0.6933333333333332,0.2,0.013333333333333332,0.0,0.0,0.0,0.09866666666666667,172.72,185.42000000000002,1.0,11183.0,Hakeem Dawodu
0.0,0.0,0.0,2.6,51.0,107.6,61.6,120.4,0.8,1.0,22.6,67.4,15.4,21.8,11.8,14.6,42.8,91.4,7.6,10.6,1.8,2.2,66.6,683.8,0.5388081044893412,4.307908902691511,0.5662810721772985,4.985010351966873,0.26548522463075297,1.767536231884058,0.5510774410774412,1.1434368530020707,0.823980343980344,1.2769358178053831,0.49702235559180447,3.4788405797101447,0.5774603174603175,0.6424016563146998,0.16363636363636364,0.12,0.05333333333333333,0.3,0.4,0.07523671497584541,182.88,195.58,1.0,10039.0,Tafon Nchukwi
0.0,1.3333333333333333,0.0,2.3333333333333335,36.0,79.66666666666667,61.333333333333336,110.33333333333333,1.3333333333333333,3.0,26.0,65.33333333333333,7.666666666666667,11.333333333333334,2.3333333333333335,3.0,21.666666666666668,56.666666666666664,5.666666666666667,8.333333333333334,6.666666666666667,10.666666666666666,188.0,652.6666666666666,0.44501365103003226,4.128934948669294,0.50993450993451,5.979767214302318,0.38686139300893396,2.829389599788082,0.6831501831501833,1.060215053763441,0.5,0.16559139784946236,0.409822545340838,2.715219730020489,0.7077441077441078,0.7941214313130822,0.2803418803418804,0.6195937873357228,0.09557945041816011,0.3333333333333333,1.0,0.2825514893316751,170.18,167.64000000000001,1.0,9785.333333333334,Juliana Miller
0.4,0.0,0.0,1.4,14.2,35.4,15.6,37.0,0.0,0.2,11.8,32.2,1.2,1.6,1.0,1.2,9.4,26.6,1.0,2.2,3.6,5.4,10.4,228.8,0.4737003799822136,3.360008772852319,0.5154046406338427,3.8100087728523193,0.42281157439052175,2.8246052902830114,0.6333333333333333,0.306073630524051,0.35,0.22932985204525674,0.43737150758670074,2.547265807955307,0.27999999999999997,0.2487742964897012,0.12,0.49266862170087977,0.0,0.0,1.0,0.030065274151436026,190.5,193.04,1.0,11966.6,Chris Daukaus
0.2,0.0,0.2,2.4,50.0,104.6,82.4,142.8,0.0,0.0,31.4,78.6,11.6,16.6,8.4,9.4,42.0,90.0,5.2,7.8,3.2,4.2,88.6,655.2,0.45933494631421834,4.384715447154472,0.5267769123459661,6.584715447154471,0.3759712327725867,2.746075388026607,0.5616228070175439,0.9060753880266075,0.73,0.7325646711012564,0.42859829127027804,3.6248337028824835,0.6498644986449864,0.479940872135994,0.45294117647058824,0.22660753880266077,0.0,0.0,1.0,0.10198423256959843,187.96,190.5,1.0,11292.0,Tanner Boser
0.0,0.0,0.0,3.0,66.75,119.75,92.5,146.75,0.5,2.25,37.5,82.25,20.75,26.5,7.75,11.0,51.25,100.5,14.5,18.75,0.25,0.25,96.75,900.0,0.5601760851760851,4.449999999999999,0.6541476249826894,6.166666666666667,0.4494392777897932,2.5,0.8012000254647313,1.4333333333333336,0.8526936026936027,0.5166666666666666,0.4853499534350598,3.416666666666667,0.8370935330654001,1.0166666666666666,0.25,0.016666666666666666,0.03333333333333333,0.1875,0.75,0.1075,185.42,187.96,1.0,9397.25,Aleksa Camur
0.0,1.2,0.4,2.2,46.6,90.2,53.2,97.2,2.4,5.0,30.4,69.8,11.4,15.6,4.0,4.6,36.6,76.6,5.2,7.6,2.2,2.8,160.4,513.2,0.5098962697825868,4.106204132127661,0.5518722962501676,4.638688216291069,0.3064545950873293,2.290770807788572,0.4481736281736282,0.9113316948990196,0.7136363636363636,0.6533839260907873,0.4562119207388348,3.3056801983696387,0.3656213704994193,0.47901867660435976,0.36,0.16045169385194477,0.26501610260178576,0.48461538461538456,1.0,0.26486067183804,167.64000000000001,167.64000000000001,2.0,12671.4,Gavin Tucker
0.0,0.6,0.0,2.2,38.4,62.2,58.6,85.2,3.0,6.8,19.6,38.8,12.4,16.8,6.4,7.4,13.0,32.0,6.0,7.2,9.2,12.6,308.2,559.8,0.5327277281063154,3.2341486527425287,0.6077243197388484,5.1387039874017155,0.27988364576599867,1.487708861892974,0.609160035366932,1.103340556394598,0.9714285714285715,0.5774348703753147,0.41031313131313124,1.1910550616277358,0.6788461538461539,0.6610568800260328,0.5257866184448463,0.9125060200748637,0.3442887473460722,0.6251748251748251,1.0,0.5784772566901767,165.1,167.64000000000001,2.0,10841.8,Tatiana Suarez
0.2,0.6,0.0,3.0,51.4,95.8,74.8,126.4,1.2,2.6,32.2,70.0,10.4,15.4,8.8,10.4,44.0,86.2,2.2,3.2,5.6,6.4,179.4,705.8,0.5431791103110295,3.654991858933529,0.6236105418638109,5.6868411208884995,0.4471728289227184,2.2444953559127088,0.6948051948051948,0.7206647269923918,0.9045112781954888,0.6898317760284293,0.5229217072057557,3.199199327813198,0.62,0.13372959889349928,0.7055555555555555,0.32206293222683263,0.064,0.195,1.0,0.16480824009429715,187.96,198.12,1.0,13789.6,Jan Blachowicz
0.6,0.2,0.2,2.8,55.6,117.6,71.6,135.4,1.6,3.2,37.4,93.6,13.8,19.6,3.4,3.8,50.2,107.6,2.8,5.2,2.4,4.8,126.6,767.4,0.4624064366073656,4.58342468099505,0.5409799802922224,5.672310961339,0.3967315657963139,3.0804585915752343,0.6785314685314685,1.1656331039696963,0.5692307692307692,0.3294806101065772,0.45198929304047636,4.158234715802385,0.34805194805194806,0.2610479027194081,0.379047619047619,0.16414206247325633,0.1334650349491339,0.5625,1.0,0.145580790254329,187.96,190.5,1.0,11577.2,Makhmud Muradov
0.4,0.2,0.0,3.0,79.4,189.8,85.4,201.6,0.2,1.0,32.0,129.6,24.6,34.6,17.6,20.8,72.4,179.4,2.4,4.0,3.0,3.6,43.4,846.4,0.4121570757629588,5.727707626973228,0.4301007852367554,6.14702809037454,0.2544185549529736,2.32616039660284,0.6348764960529667,1.8935095004404174,0.8664784490871448,1.3007170656601525,0.3988898641632693,5.299130956764218,0.43,0.19196671011708347,0.526984126984127,0.23660996009192642,0.013333333333333332,0.1,0.0,0.05145274267910889,172.72,175.26,1.0,13324.4,Davey Grant
0.2,0.0,0.0,2.2,31.2,87.8,35.4,93.0,0.4,2.8,14.2,67.4,12.0,14.8,5.0,5.6,21.4,74.2,9.6,13.0,0.2,0.4,71.2,639.0,0.3590951331933453,2.859347838419668,0.3874584662769367,3.173691272763102,0.2017613011045251,1.2890474953495943,0.7597493734335841,1.056998241355321,0.8636363636363636,0.5133021017147532,0.27784385113268606,2.030019258502853,0.6331691297208539,0.7788235294117647,0.2,0.013333333333333332,0.033535353535353536,0.09166666666666666,0.975,0.10696004880811265,185.42,187.96,2.0,12620.8,Danny Roberts
2.0,0.0,0.0,2.0,63.0,124.0,69.0,133.0,0.0,0.0,42.0,95.0,12.0,19.0,9.0,10.0,51.0,101.0,7.0,15.0,5.0,8.0,86.0,597.0,0.5080645161290323,6.331658291457287,0.518796992481203,6.934673366834171,0.4421052631578947,4.2211055276381915,0.631578947368421,1.206030150753769,0.9,0.9045226130653267,0.504950495049505,5.125628140703518,0.4666666666666667,0.7035175879396985,0.625,0.5025125628140704,0.0,0.0,1.0,0.1440536013400335,175.26,175.26,1.0,11642.0,Jonny Parsons
0.4,0.0,0.0,2.8,53.4,141.8,57.8,147.6,0.4,0.6,33.8,117.2,13.2,19.4,3.6,5.2,51.2,139.4,0.6,2.2,0.0,0.2,80.8,830.2,0.35520298246118764,3.9664458763200527,0.37163938868599694,4.3689292196007266,0.2739854726866294,2.6764670296430735,0.6705976621417797,1.0235692679975803,0.7166666666666667,0.2653357531760435,0.3478032384296853,3.925372050816697,0.13999999999999999,0.04,0.0,0.0,0.026666666666666665,0.3,0.7,0.08977777777777778,177.8,177.8,1.0,10003.4,Austin Lingo
0.0,0.25,0.0,2.5,39.25,97.5,66.25,140.25,1.5,5.75,24.0,75.75,4.5,7.0,10.5,14.5,28.75,79.5,0.25,0.5,9.25,15.0,189.25,746.25,0.3688984795692113,2.9782051282051283,0.4265694854891263,4.989102564102564,0.27142432352066603,1.7865384615384614,0.6145833333333333,0.3878205128205128,0.6917989417989417,0.8038461538461538,0.3434635108773101,2.2698717948717952,0.25,0.025,0.28125,0.6833333333333333,0.12564102564102564,0.375,1.0,0.23634615384615384,180.34,190.5,1.0,12327.25,Albert Duraev
0.3333333333333333,0.0,0.0,3.0,53.666666666666664,141.33333333333334,58.333333333333336,146.33333333333334,2.6666666666666665,8.0,36.333333333333336,115.0,9.666666666666666,16.666666666666668,7.666666666666667,8.333333333333334,45.666666666666664,130.0,3.0,4.333333333333333,5.0,7.0,143.0,900.0,0.3755712073019765,3.5777777777777775,0.39683989875019776,3.888888888888889,0.32422261834026544,2.422222222222222,0.5572567783094099,0.6444444444444445,0.873015873015873,0.5111111111111111,0.33948391711243414,3.0444444444444443,0.7222222222222222,0.20000000000000004,0.2380952380952381,0.3333333333333333,0.17777777777777778,0.3326719576719577,1.0,0.15888888888888889,175.26,182.88,3.0,11561.0,Alexander Munoz
0.0,0.0,0.0,2.5,19.5,60.0,26.0,70.5,0.0,1.0,15.0,53.5,4.0,6.5,0.0,0.0,18.5,59.0,0.5,1.0,0.0,0.0,0.0,747.5,0.26694847020933976,1.4964912280701754,0.3982450738916256,1.9554621848739497,0.19948453608247424,1.0170868347338935,0.36363636363636365,0.26666666666666666,0.0,0.0,0.22863485016648166,1.2802139037433156,0.25,0.03333333333333333,0.0,0.0,0.0,0.0,-0.75,0.0,170.18,175.26,1.0,12216.0,Carl Deaton
0.0,0.0,0.0,2.6,44.2,133.2,51.4,140.8,0.6,3.4,24.8,102.2,12.2,22.4,8.0,11.0,37.2,123.4,6.8,10.6,0.8,0.8,41.4,754.2,0.29770730975677695,3.3582668079594966,0.33685500457952106,3.84421052631579,0.19446920446431926,1.8968421052631577,0.5526984126984127,0.9270175438596489,0.6271588061061746,0.5333333333333333,0.22453126599545542,2.698752228163993,0.6576349206349207,0.5670175438596491,0.6,0.11017543859649122,0.04,0.09,1.0,0.13928654970760235,172.72,170.18,1.0,11829.4,Ashlee Evans-Smith
0.0,0.5,0.5,2.5,36.0,73.5,45.5,84.0,0.5,0.5,22.0,57.0,9.5,10.5,4.5,6.0,30.0,65.5,5.0,7.0,1.0,1.0,37.0,502.5,0.509090909090909,3.6633553423932077,0.6221434200157604,4.973435377926593,0.45719329214474846,2.2772970710582285,0.475,0.8934169278996865,0.7222222222222222,0.49264134343529253,0.4595827900912647,3.0296481682369123,0.35714285714285715,0.4702194357366771,0.5,0.16348773841961853,0.047021943573667714,0.5,1.0,0.08982216224065326,177.8,175.26,2.0,10578.5,Nazim Sadykhov
0.3333333333333333,0.0,0.0,2.3333333333333335,41.0,139.0,45.666666666666664,149.33333333333334,0.0,0.3333333333333333,28.666666666666668,112.33333333333333,4.666666666666667,9.333333333333334,7.666666666666667,12.333333333333334,36.666666666666664,126.0,3.3333333333333335,7.666666666666667,1.0,1.0,3.0,665.0,0.2814903058977631,3.5367521367521366,0.29860033366751426,3.847863247863248,0.23591105863833137,2.634188034188034,0.3737373737373737,0.3111111111111111,0.6055555555555555,0.5914529914529915,0.26822818489485156,3.006837606837607,0.4623376623376623,0.4632478632478632,0.3333333333333333,0.06666666666666667,0.0,0.0,-0.6666666666666666,0.014045584045584045,175.26,182.88,1.0,11248.666666666666,Genaro Valdez
0.6,0.0,0.0,2.0,38.2,102.0,41.8,108.2,0.0,0.0,19.8,78.2,7.8,12.2,8.0,9.8,33.6,95.2,1.0,1.4,3.4,5.0,11.6,476.2,0.47349329830450754,4.768254886874296,0.47842869581352854,4.994921553540963,0.399914164705174,3.0293336232562806,0.48571428571428577,0.8392809910904449,0.7158730158730159,0.8329736058609039,0.41664528383521465,3.652842527236031,0.3,0.1344510978043912,0.43636363636363634,0.9809612618338741,0.0,0.0,1.0,0.0362910770637496,170.18,172.72,1.0,13554.8,Tyson Nam
0.25,0.0,0.0,1.0,16.75,32.5,17.5,33.5,0.0,0.0,11.5,24.75,4.25,6.5,1.0,1.25,10.75,23.5,4.0,6.75,2.0,2.25,4.25,175.25,0.5288736420811893,6.145332213599836,0.539853000886635,6.561645448729243,0.4549019607843137,4.339072619965453,0.6924242424242425,1.5249720545495193,0.375,0.2724920954297212,0.4886904761904762,3.486170479095773,0.4318181818181818,1.0891156462585034,0.375,0.9527754763877383,0.0,0.0,1.0,0.029039830380130242,172.72,180.34,3.0,11526.0,Ottman Azaitar
0.0,0.0,0.0,2.75,44.75,99.75,56.0,111.5,1.75,4.5,23.75,71.0,13.5,19.0,7.75,9.75,38.0,93.0,4.75,5.75,0.75,1.0,181.75,792.5,0.43357147698618703,3.426950354609929,0.499418584133258,4.236524822695035,0.29108713516656604,1.8425531914893618,0.7311438561438561,1.021985815602837,0.7625,0.5624113475177305,0.38947230080185147,2.9687943262411345,0.7976190476190477,0.40815602836879433,0.1875,0.05,0.11666666666666667,0.5208333333333333,-0.0625,0.2240543735224586,172.72,182.88,1.0,10218.75,Tucker Lutz
0.25,0.0,0.0,2.5,52.25,87.75,57.0,93.5,0.0,0.0,23.0,50.0,17.25,22.75,10.25,13.5,43.5,77.0,7.5,9.0,1.25,1.75,30.75,658.0,0.5937517649614423,4.850593380341387,0.6076321996453944,5.3066909413169965,0.4379494774231616,2.2043270527492007,0.7828124999999999,1.640051246484029,0.781896551724138,1.0062150811081572,0.5627183213237501,3.990478942704119,0.8385416666666666,0.7369437059299503,0.35416666666666663,0.12317073170731709,0.0,0.0,0.0,0.05773712737127371,175.26,177.8,2.0,11120.0,Melsik Baghdasaryan
0.25,0.0,0.0,2.25,47.25,103.25,57.5,113.75,0.0,0.0,27.5,76.5,13.75,18.75,6.0,6.25,41.75,95.25,5.25,6.0,0.25,1.0,3.75,572.75,0.4611731534719151,4.55160846043199,0.49339979525569044,5.345673404496934,0.3647093645463517,2.571579400991166,0.6688311688311688,1.5130604424722072,0.7,0.4669686169686169,0.4415047261606895,4.077388086211616,0.6583333333333334,0.4575537075537075,0.125,0.016666666666666666,0.0,0.0,0.75,0.006868131868131868,162.56,167.64000000000001,1.0,10985.0,Istela Nunes
0.2,0.0,0.2,2.8,58.2,116.8,68.6,121.0,0.0,0.2,43.8,98.0,10.6,14.2,4.4,4.4,49.6,102.0,8.8,11.2,1.2,1.4,21.4,619.8,0.5890810490952885,6.229302067021283,0.6216101504850386,7.47187734241908,0.526068868407578,4.763289298494371,0.6610714285714285,0.839977285633163,0.8,0.31611166721336337,0.5337443514354769,4.744609571265442,0.8731578947368421,0.9706621237932993,0.3666666666666667,0.08530020703933747,0.0,0.0,0.2,0.025014492753623184,180.34,187.96,2.0,13719.2,Robbie Lawler
0.0,1.3333333333333333,0.0,2.6666666666666665,35.333333333333336,74.66666666666667,82.0,127.66666666666667,1.0,3.6666666666666665,19.333333333333332,53.666666666666664,8.666666666666666,12.666666666666666,7.333333333333333,8.333333333333334,32.0,70.66666666666667,3.0,3.6666666666666665,0.3333333333333333,0.3333333333333333,158.0,794.0,0.4584054459443867,2.622680412371134,0.643165334409574,6.195189003436426,0.3298156471891082,1.4588774341351662,0.6749999999999999,0.6384879725085911,0.9285714285714285,0.5253150057273769,0.4359271015975857,2.3518900343642613,0.5444444444444444,0.24856815578465064,0.3333333333333333,0.022222222222222223,0.06666666666666667,0.07142857142857142,-1.0,0.17555555555555555,177.80000000000004,190.5,3.0,10262.666666666666,Kamuela Kirk
0.4,0.2,0.0,1.2,14.0,26.4,20.6,35.2,1.8,4.0,4.8,15.8,4.8,6.0,4.2,4.6,8.8,20.4,4.4,5.2,0.6,0.8,67.4,222.6,0.49263701707097934,4.818831467642159,0.5848163001460911,6.316836655015015,0.32857142857142857,1.832799278890246,0.6033333333333333,1.0680624426078973,0.711111111111111,1.2178313253012047,0.43264907135874875,3.606756263854897,0.5818181818181818,0.735840220385675,0.3,0.23834710743801651,0.2015797553146951,0.4,1.0,0.26245860923030967,187.96,187.96,1.0,9279.2,Jimmy Crute
0.2,0.0,0.2,2.4,31.2,80.8,40.0,90.2,1.8,4.2,23.8,70.0,6.0,9.4,1.4,1.4,27.2,74.4,1.4,2.4,2.6,4.0,212.2,532.6,0.3908513891315743,4.066304455039541,0.42838576902809067,4.741708746914142,0.3551223070106501,3.4535026837241696,0.5392857142857143,0.5248396299370807,0.4,0.08796214137829043,0.37466757875512136,3.6878427275790644,0.13999999999999999,0.07453416149068323,0.6,0.2869201606620656,0.14210298464442547,0.294047619047619,0.95,0.26559229699758913,175.26,195.58,1.0,10313.4,Kevin Lee
0.2,0.0,0.2,3.0,51.0,124.0,74.8,153.6,0.4,2.8,29.0,95.0,14.4,20.8,7.6,8.2,42.0,111.6,3.0,4.4,6.0,8.0,118.4,900.0,0.4232905435388735,3.4,0.5147416128725666,5.1066666666666665,0.30434857303734697,1.9333333333333336,0.7144257703081232,0.9599999999999997,0.901818181818182,0.5066666666666666,0.38593757398105233,2.8,0.39015151515151514,0.2,0.30213903743315507,0.4,0.026666666666666665,0.13333333333333333,0.2,0.13244444444444442,177.8,187.96,1.0,11287.2,Damir Ismagulov
0.0,0.2,0.0,3.0,45.2,102.4,57.0,115.2,0.8,2.6,34.8,90.0,9.8,11.8,0.6,0.6,39.2,93.8,5.6,8.0,0.4,0.6,100.0,900.0,0.4493966305266608,3.013333333333333,0.5035109964868235,3.8,0.39173260264557797,2.32,0.8428070175438596,0.6533333333333333,0.6,0.04,0.43091745260682374,2.6133333333333333,0.43428571428571433,0.37333333333333335,0.13333333333333333,0.026666666666666665,0.05333333333333333,0.16666666666666666,0.3666666666666667,0.11111111111111112,180.34,185.42000000000002,2.0,12807.8,Blagoy Ivanov
0.0,0.2,0.0,2.2,55.8,133.4,69.0,150.6,0.8,4.0,22.8,90.8,15.6,22.8,12.4,15.4,48.8,124.8,3.4,4.8,0.2,0.2,95.4,612.8,0.4013721797567119,5.97412997335501,0.4357450197347038,6.694129973355011,0.24793576341123083,2.5489247166147315,0.5995375592149785,1.6909632841078444,0.8142289686480352,1.4009086392991015,0.3886311214113446,5.370273224043716,0.41666666666666663,0.22666666666666666,0.2,0.013333333333333332,0.05333333333333333,0.12076923076923078,1.0,0.12300546448087431,162.56,167.64000000000001,3.0,12340.4,Zhalgas Zhumagulov
0.0,1.0,0.0,3.0,37.5,73.0,85.0,145.0,2.0,8.5,23.0,51.5,9.5,14.0,5.0,7.5,15.0,48.0,6.0,7.0,13.0,18.0,429.5,793.5,0.47936814958091556,2.6860262008733624,0.6123791102514506,7.125036390101892,0.3926406926406926,1.6160116448326054,0.6833333333333333,0.7056768558951966,0.6931818181818181,0.36433770014556044,0.3142857142857143,1.1343522561863173,0.8571428571428572,0.45167394468704514,0.4583333333333333,1.1,0.14366812227074238,0.22142857142857142,1.0,0.5770960698689956,175.26,180.34,1.0,8809.0,Tereza Bleda
0.0,0.0,0.0,4.2,79.8,192.4,102.4,210.8,1.2,3.6,50.8,156.4,12.2,17.2,13.4,15.4,71.2,184.6,6.0,8.2,0.2,0.2,135.6,900.0,0.43154106821872923,5.061333333333333,0.4630456112258858,5.5920000000000005,0.3491830398629297,3.504,0.7642673992673992,0.64,0.9359420289855072,0.8106666666666668,0.42449826998377177,4.754666666666667,0.4698275862068965,0.288,0.2,0.008,0.048,0.29714285714285715,0.76,0.09288888888888888,182.88,187.96,2.0,10519.0,Marvin Vettori
0.0,0.0,0.0,3.0,77.25,182.75,92.25,208.0,1.0,2.25,50.0,144.75,15.25,23.75,12.0,15.25,73.25,176.25,2.5,2.75,0.5,0.75,85.75,900.0,0.40348306499991893,5.15,0.43970110964737125,6.15,0.323320318320068,3.333333333333333,0.6576714348453478,1.0166666666666666,0.8447712418300652,0.8,0.39441858858852147,4.95,0.9166666666666666,0.16666666666666669,0.375,0.03333333333333333,0.06666666666666667,0.225,-0.55,0.09527777777777778,167.64000000000001,175.26,1.0,9387.25,Maria Oliveira
0.0,0.2,0.0,2.6,40.4,98.4,49.8,109.6,0.6,1.8,20.4,68.2,6.8,14.2,11.4,13.8,36.0,91.0,3.2,5.4,1.2,2.0,78.2,747.6,0.39154071222410974,3.355942028985507,0.4336059342648178,3.9826086956521736,0.283775661724845,1.6544927536231886,0.4817813765182186,0.7478260869565218,0.8539081939081938,0.9269565217391303,0.37965069788599204,3.062608695652174,0.45584415584415583,0.21333333333333332,0.42000000000000004,0.08,0.04,0.2,1.0,0.11511111111111112,165.1,172.72,1.0,10855.2,David Dvorak
0.6,0.8,0.0,3.6,71.8,144.2,96.0,164.0,3.0,5.4,51.6,118.0,10.2,14.8,11.6,13.6,58.2,123.8,1.2,2.0,15.4,20.2,322.8,665.8,0.5710262898582423,5.655006651884701,0.615379557074719,6.86115260773161,0.529619169637552,4.3436988659451075,0.4538095238095238,0.4317154150197629,0.8686363636363638,0.8741216620071339,0.5166504573497602,4.1230880169671265,0.325,0.048,0.8784836601307189,1.4093131829807022,0.16771541501976284,0.6137362637362638,1.0,0.36793958674764615,172.72,175.26,1.0,12236.8,Amanda Nunes
0.0,0.0,0.0,2.5,33.25,62.5,61.5,94.5,1.0,4.5,22.5,51.25,5.0,5.5,5.75,5.75,29.75,58.25,3.25,3.75,0.25,0.5,304.75,717.5,0.519624101713654,2.5029411764705882,0.6547907748070098,5.674509803921569,0.4205488767988768,1.714705882352941,0.6726190476190477,0.33333333333333337,1.0,0.4549019607843138,0.5001828918191178,2.269607843137255,0.6375,0.21666666666666667,0.125,0.016666666666666666,0.13823529411764707,0.39375,1.0,0.46982026143790856,180.34,182.88,1.0,11674.0,Abubakar Nurmagomedov
0.4,0.0,0.0,2.8,45.6,86.6,78.2,125.2,0.2,1.2,19.2,55.2,9.0,12.6,14.0,16.6,37.2,72.4,4.8,7.0,3.6,7.2,83.2,839.6,0.5311943319838057,3.2689409141583057,0.6491096592922948,5.657748049052397,0.38740910496864717,1.4146711259754738,0.7155194805194804,0.6404013377926421,0.9042965367965368,1.1605351170568563,0.4991873074015931,2.628138238573021,0.65,0.34020066889632106,0.41485714285714287,0.3006020066889632,0.020066889632107024,0.2,-0.4666666666666666,0.10826830174656263,190.5,198.12,1.0,13400.4,Maxim Grishin
0.4,0.6,0.0,2.6,34.4,88.2,54.2,111.6,1.4,4.2,22.4,72.0,6.8,10.0,5.2,6.2,27.8,77.8,0.6,1.6,6.0,8.8,247.8,617.8,0.4501893613476284,2.892582287011398,0.5610755321235861,4.979128786390855,0.3724233830845771,1.9362498581680345,0.8173076923076923,0.5406127810428734,0.9243697478991596,0.4157196478004904,0.3706157299673271,2.0987868980810647,0.17333333333333334,0.034666666666666665,0.6884057971014492,0.7591287222636671,0.18118217679456014,0.5055555555555555,0.9555555555555555,0.40823574971591825,165.1,172.72,1.0,10337.8,Amir Albazi
0.3333333333333333,0.0,0.3333333333333333,2.6666666666666665,56.0,148.66666666666666,84.66666666666667,188.0,1.6666666666666667,3.3333333333333335,36.333333333333336,117.66666666666667,14.666666666666666,20.666666666666668,5.0,7.333333333333333,36.333333333333336,118.33333333333333,7.666666666666667,9.666666666666666,9.333333333333334,13.333333333333334,220.33333333333334,789.3333333333334,0.42611657390383845,4.629577464788732,0.4769294032245786,6.566666666666666,0.36313175792461855,3.097652582159624,0.7171052631578947,1.15962441314554,0.7083333333333334,0.3723004694835681,0.3108382066276803,3.110641627543036,0.794973544973545,0.6929577464788733,0.5797101449275363,0.8259780907668232,0.13708920187793427,0.4166666666666667,0.75,0.2871830985915493,170.18,170.18,1.0,10088.333333333334,Daniel Santos
0.0,0.5,0.5,2.5,54.0,122.5,58.0,127.0,1.0,4.0,23.5,77.5,18.0,28.0,4.0,5.0,52.5,121.0,1.5,1.5,0.0,0.0,60.0,717.0,0.43974447513812154,4.239700374531835,0.45861601085481685,4.574906367041199,0.3276443320691108,1.9322097378277154,0.597497842968076,1.6167290886392012,0.8571428571428572,0.3352059925093633,0.4259125079250068,4.071161048689138,0.5,0.16853932584269662,0.0,0.0,0.0895131086142322,0.25,0.875,0.07656679151061174,170.18,180.34,1.0,11037.5,Luan Lacerda
0.2,0.0,0.2,2.0,14.8,31.4,21.6,39.4,0.4,1.2,10.8,25.6,3.4,4.8,0.8,1.0,6.8,21.6,3.0,3.4,5.0,6.4,30.8,500.8,0.45431124863100364,3.291780678507453,0.5057102060424896,4.235689287238583,0.3513640923415359,2.0158781975341142,0.58,0.6311737089201878,0.4,0.06112676056338029,0.36433229813664597,1.7990226205719164,0.1875,0.2,0.3208333333333333,0.8392156862745098,0.026666666666666665,0.06666666666666667,0.2,0.07787089201877935,177.8,185.42000000000002,2.0,11498.2,Takashi Sato
0.0,0.0,0.0,2.3333333333333335,21.0,45.333333333333336,52.0,79.0,1.6666666666666667,4.666666666666667,13.333333333333334,35.333333333333336,5.333333333333333,7.333333333333333,2.3333333333333335,2.6666666666666665,12.666666666666666,33.333333333333336,4.333333333333333,7.0,4.0,5.0,320.6666666666667,645.3333333333334,0.467948717948718,2.013553491572068,0.6416369070232758,4.708240297713982,0.3791677260784812,1.29611908559277,0.7064102564102565,0.4554898833536604,0.8888888888888888,0.26194452262563717,0.3808970935407718,1.3376614441629922,0.580952380952381,0.34905713481564876,0.9090909090909092,0.3268349125934265,0.13796791443850268,0.23611111111111108,1.0,0.42269005847953217,180.34,180.34,3.0,10218.666666666666,Orion Cosce
0.0,0.0,0.0,2.8,24.0,47.0,56.6,86.0,2.2,5.6,15.6,35.4,5.8,8.2,2.6,3.4,18.8,40.2,1.8,3.4,3.4,3.4,331.8,834.2,0.4699043062200956,1.7768802040126588,0.635859666447224,3.926981903093987,0.38949013949013944,1.162918855808523,0.6803030303030304,0.40203152364273204,0.30256410256410254,0.1733333333333333,0.44945697577276517,1.383934617629889,0.38333333333333336,0.12768242848803268,0.4,0.22666666666666666,0.15434909515469936,0.4161904761904762,1.0,0.3931173380035026,177.8,185.42000000000002,1.0,13648.8,Ilir Latifi
0.0,0.0,0.0,3.0,42.5,91.5,55.0,105.5,2.5,5.5,37.0,82.0,4.0,7.0,1.5,2.5,31.0,74.5,8.0,13.0,3.5,4.0,160.5,900.0,0.4661290322580645,2.833333333333333,0.52600686292216,3.666666666666667,0.4428827751196172,2.466666666666667,0.7692307692307692,0.26666666666666666,0.75,0.1,0.4262504563709383,2.0666666666666664,0.6013071895424837,0.5333333333333333,0.9285714285714286,0.23333333333333334,0.16666666666666666,0.41666666666666663,0.4375,0.17833333333333334,177.8,182.88,1.0,9229.0,Nick Fiore
0.4,0.2,0.0,2.4,62.4,140.6,83.4,161.4,0.6,1.2,31.2,102.0,15.6,21.2,13.2,14.8,52.6,128.0,2.0,3.4,4.6,6.4,76.4,662.0,0.45550202899368497,6.582730627306273,0.4950259397770044,8.155571955719557,0.28432024324881466,3.5308673364190284,0.8216954022988505,1.6078228782287822,0.9154067584480601,1.3992619926199263,0.43524411765242643,5.3437146371463715,0.3742857142857143,0.16856088560885607,0.28097165991902834,0.3771217712177122,0.04,0.25,0.75,0.0909069290692907,177.8,185.42000000000002,3.0,10450.0,Gabe Green
0.0,0.0,0.0,2.2,26.4,43.2,45.0,68.8,1.6,4.0,20.4,36.2,3.2,3.6,2.6,3.4,11.4,23.8,5.6,7.8,6.2,9.0,327.6,582.6,0.5758962264150943,3.732522697257329,0.6388548703548704,5.787968289981903,0.5131293543058248,2.832949086208346,0.6799999999999999,0.49176998082273177,0.8028571428571428,0.5906094859951921,0.4997479184172332,2.1905839996790735,0.6524137931034483,0.8163390324933151,0.45319148936170206,0.5690289819841721,0.14812886584015342,0.5194805194805194,1.0,0.478199168422332,165.1,165.1,1.0,12490.8,Jessica-Rose Clark
0.0,0.2,0.2,3.0,71.8,173.8,96.2,195.0,0.0,0.6,47.2,141.0,12.4,17.6,9.4,11.4,63.4,163.4,4.4,7.0,0.6,0.8,113.8,863.0,0.3669816909990096,5.650590225767703,0.4340795648297647,6.897062937062937,0.292287795367572,3.9551933424830623,0.7545021645021645,0.8370163170163171,0.8469230769230769,0.6602331002331003,0.3476629381170242,4.670934194011117,0.685,0.3036829836829837,0.4,0.04,0.0,0.0,0.6,0.14622377622377622,170.18,182.88,1.0,11793.8,Ji Yeon Kim
0.0,0.6666666666666666,0.3333333333333333,3.0,35.0,77.33333333333333,51.666666666666664,99.33333333333333,0.6666666666666666,3.6666666666666665,17.666666666666668,56.333333333333336,9.666666666666666,12.666666666666666,7.666666666666667,8.333333333333334,25.333333333333332,65.66666666666667,9.0,10.666666666666666,0.6666666666666666,1.0,109.66666666666667,838.3333333333334,0.4802867383512544,2.431080031080031,0.513888246093087,3.588189588189588,0.360636439583808,1.2295260295260295,0.703968253968254,0.6616938616938618,0.9166666666666666,0.5398601398601399,0.4165959453088166,1.7463869463869466,0.7797619047619048,0.6287490287490287,0.3333333333333333,0.055944055944055944,0.055944055944055944,0.1111111111111111,1.0,0.14533022533022533,170.18,180.34,1.0,12041.333333333334,Mandy Bohm
0.2,0.0,0.0,2.2,46.0,115.8,56.4,123.2,0.2,0.4,25.4,89.6,10.2,13.8,12.2,13.8,41.6,109.0,2.2,3.2,0.0,0.2,21.2,573.4,0.41543437463578536,4.220514299447249,0.43476625900631516,4.942930466447026,0.2958757190743609,2.5994224932034737,0.6658569500674764,0.8288584474885845,0.7489974937343359,0.94413270909196,0.39521801773323073,3.680670036383171,0.36,0.1522362869198312,0.0,0.0,0.013333333333333332,0.1,0.0,0.02355555555555556,193.04,198.12,1.0,11962.2,Chase Sherman
0.4,0.0,0.0,2.2,36.0,58.2,43.4,67.2,1.2,2.6,17.6,36.0,12.0,15.8,4.2,5.2,23.0,43.0,9.2,11.8,3.0,3.4,135.8,569.8,0.6327541281175271,3.90093600425345,0.6594235117624038,4.812411949528325,0.5011099227569816,1.991870288639094,0.8121390374331551,1.3114351379787792,0.6714285714285714,0.5354083554133546,0.5583785220627326,2.6487650500223707,0.9126050420168067,0.9860074322185005,0.36363636363636365,0.2,0.07999999999999999,0.17619047619047618,0.9333333333333333,0.1561179561011341,182.88,190.5,1.0,13789.6,Matt Brown
0.25,0.25,0.25,2.0,26.0,45.0,29.5,48.75,0.5,1.25,13.25,29.0,5.75,8.0,7.0,8.0,20.5,38.25,3.75,4.25,1.75,2.5,101.25,488.25,0.6130931510051426,4.365597652424699,0.63460781985245,5.309509081011531,0.4604826546003017,2.6901242698814927,0.787124060150376,0.9301957036340542,0.8541666666666666,1.1496766796984543,0.5765926640926641,3.4365457944202555,0.7272727272727273,0.5208021457085829,0.3125,0.9133446767136607,0.14577023559059488,0.375,0.75,0.2311928441670378,193.04,200.66,1.0,9914.25,Joseph Holmes
0.0,0.3333333333333333,0.0,2.3333333333333335,40.0,89.0,85.66666666666667,150.66666666666666,0.3333333333333333,1.3333333333333333,28.666666666666668,73.33333333333333,1.6666666666666667,4.666666666666667,7.666666666666667,11.0,36.0,83.0,3.6666666666666665,5.333333333333333,0.3333333333333333,0.6666666666666666,40.333333333333336,642.0,0.39713450292397656,2.93968253968254,0.5162794612794613,6.698412698412699,0.35519417722807556,2.1809523809523808,0.2222222222222222,0.1111111111111111,0.5928571428571429,0.6476190476190476,0.3893323051217788,2.673015873015873,0.22916666666666666,0.24444444444444444,0.16666666666666666,0.022222222222222223,0.13333333333333333,0.16666666666666666,1.0,0.2131746031746032,175.26,177.80000000000004,2.0,11770.0,Kron Gracie
0.0,0.0,0.0,1.0,14.0,29.0,14.0,29.0,0.0,1.0,13.0,28.0,0.0,0.0,1.0,1.0,14.0,29.0,0.0,0.0,0.0,0.0,0.0,130.0,0.4827586206896552,6.461538461538462,0.4827586206896552,6.461538461538462,0.4642857142857143,6.0,0.0,0.0,1.0,0.46153846153846156,0.4827586206896552,6.461538461538462,0.0,0.0,0.0,0.0,0.0,0.0,1.0,0.0,180.34,182.88,1.0,12178.0,Braxton Smith
0.0,0.2,0.0,2.4,27.4,85.0,34.0,93.6,0.4,2.4,9.8,57.8,8.2,14.0,9.0,13.0,25.4,82.8,0.8,1.0,0.8,0.8,23.0,638.2,0.2953631025794438,2.2748105864037362,0.3333458389011428,2.7154609929078015,0.18343514328808447,1.022895692786715,0.4542857142857143,0.6068085106382979,0.5323809523809524,0.6451063829787234,0.27742831295575415,2.153108458744162,0.7,0.06836879432624113,0.2,0.05333333333333333,0.026666666666666665,0.13333333333333333,-0.2,0.04134278959810874,165.1,170.18,1.0,11902.6,Journey Newson
0.0,0.0,0.0,3.0,63.0,150.0,85.0,173.0,2.0,8.0,38.0,111.0,21.0,34.0,4.0,5.0,43.0,126.0,16.0,20.0,4.0,4.0,290.0,900.0,0.42,4.2,0.4913294797687861,5.666666666666667,0.34234234234234234,2.533333333333333,0.6176470588235294,1.4,0.8,0.26666666666666666,0.3412698412698413,2.8666666666666667,0.8,1.0666666666666667,1.0,0.26666666666666666,0.13333333333333333,0.25,1.0,0.32222222222222224,172.72,170.18,2.0,11399.0,Hailey Cowan
0.6,0.0,0.2,2.0,39.6,105.0,55.0,126.2,0.4,0.6,29.4,89.8,5.6,10.6,6.4,8.2,32.2,92.2,2.6,3.8,3.4,7.0,19.2,480.8,0.37525474406059056,6.407138171214328,0.42746649429002376,7.987278690293626,0.343208769307424,4.811119191956287,0.3613131313131313,0.538971759882316,0.5526666666666666,0.5818574526788286,0.3449729670485618,4.511994094677765,0.4984126984126984,0.19065936033809677,0.5828754578754578,1.1194077951707222,0.040369000291639166,0.4,0.4,0.049441098931218785,170.18,177.8,1.0,11947.4,Batgerel Danaa
0.0,0.0,0.5,3.0,29.5,96.5,41.5,111.5,0.0,0.0,11.0,66.0,9.0,13.5,9.5,17.0,25.0,91.0,4.0,5.0,0.5,0.5,70.0,868.5,0.4125,2.041935483870968,0.46923753021313996,2.8971326164874553,0.2727272727272727,0.7734767025089606,0.7954545454545454,0.6125448028673836,0.6583333333333333,0.6559139784946236,0.39140308191403084,1.7369175627240145,0.6875,0.2691756272401434,0.5,0.03584229390681004,0.0,0.0,-1.0,0.08095579450418161,162.56,170.18,3.0,12551.5,Brogan Walker
0.0,0.0,0.2,2.6,58.4,117.6,61.2,121.2,0.6,2.0,26.4,75.0,17.0,24.4,12.4,15.2,52.8,112.2,3.8,4.8,0.2,0.6,23.4,750.4,0.511970240626632,4.418245614035087,0.5202338203544175,4.604912280701755,0.39527356803167846,2.088070175438596,0.7050125313283208,1.356842105263158,0.6900076667518528,0.9199999999999999,0.49522603117805514,4.085964912280701,0.6166666666666667,0.2533333333333333,0.2,0.07894736842105263,0.1056140350877193,0.5,1.0,0.08833333333333332,175.26,180.34,1.0,10714.2,Lando Vannata
1.2,0.2,0.0,3.0,52.2,124.4,59.2,131.6,0.0,1.4,29.8,96.0,9.6,13.6,12.8,14.8,46.0,116.2,2.6,4.2,3.6,4.0,69.8,878.8,0.38983445789951887,3.585269606373997,0.42384045683135874,4.068769301325809,0.2673467239110952,2.046712286820571,0.6628406242879927,0.6613092677495993,0.8748128342245989,0.8772480518038268,0.37119800489365706,3.1538346531952923,0.3842857142857143,0.1811496854960158,0.375,0.25028526768268855,0.0,0.0,0.6,0.08038527764186522,182.88,190.5,2.0,13023.0,Zak Cummings
0.2,0.2,0.2,2.6,45.4,98.2,59.8,114.6,0.4,1.8,27.8,77.0,9.4,11.8,8.2,9.4,29.4,75.0,9.4,14.6,1.6,2.0,78.8,726.6,0.44554752705437634,3.6198271539248132,0.49420417125497773,4.7434892814917085,0.35597028330425334,2.3684803883159162,0.6224394319131161,0.6693062490018737,0.7359848484848486,0.5820405166070229,0.38731218972111814,2.3717563972069327,0.5405902980713033,0.8288764010459838,0.5333333333333333,0.19252768900522998,0.03153745072273324,0.1,0.5,0.1004265116195345,185.42,195.58,1.0,13578.4,Ed Herman
0.0,0.5,0.25,2.75,19.75,37.0,85.0,129.0,0.75,1.5,9.0,23.25,9.5,11.25,1.25,2.5,11.0,25.5,5.5,6.75,3.25,4.75,108.5,787.25,0.49740028490028493,1.4171121009651075,0.7013089556428973,6.416666666666666,0.3091069558460863,0.6167409057164069,0.8456959706959707,0.7170378619153674,0.3958333333333333,0.08333333333333333,0.423932283932284,0.8170378619153674,0.7361111111111112,0.3834075723830735,0.34659090909090906,0.21666666666666667,0.05,0.15,-0.75,0.12195063103192279,175.26,180.34,2.0,10453.75,Aaron Phillips
0.0,0.0,0.0,2.6666666666666665,48.333333333333336,93.66666666666667,63.666666666666664,112.33333333333333,3.0,5.333333333333333,22.666666666666668,64.0,15.333333333333334,19.666666666666668,5.333333333333333,6.333333333333333,31.0,75.0,10.0,13.333333333333334,3.0,3.0,161.0,787.0,0.4835227272727273,3.3833630421865717,0.5630090712885861,4.5801544860368395,0.35758188722098017,1.645395127748069,0.9107142857142857,1.1763913646266586,0.8917748917748919,0.3689839572192513,0.4115321836633312,2.2278074866310162,0.5920634920634921,0.8666666666666667,0.6666666666666666,0.20000000000000004,0.21342840166369578,0.7348484848484849,0.3333333333333333,0.1909744503862151,162.56,165.1,1.0,10927.666666666666,Piera Rodriguez
0.4,0.0,0.0,3.6,61.6,117.4,85.0,143.2,0.2,0.2,31.6,78.6,14.4,20.6,14.4,17.0,42.0,88.8,10.4,13.6,6.2,8.8,88.4,792.4,0.5313990054638099,4.104957642725599,0.604682379606318,5.827020257826888,0.3869131309815361,2.1456058931860036,0.7037213663529454,0.8781141804788213,0.8593939915147345,0.9573333333333334,0.48482598417103506,2.8390276243093924,0.6788235294117648,0.592,0.48903225806451617,0.6739300184162063,0.013333333333333332,0.2,-1.8,0.09635555555555556,180.34,187.96,1.0,13225.2,Jorge Masvidal
0.0,0.0,0.0,2.4,57.2,159.2,61.4,168.8,1.2,3.0,26.6,111.2,19.0,30.4,11.0,15.6,54.0,155.8,0.4,0.4,0.0,0.0,48.6,718.8,0.3254798772866187,4.868707482993197,0.34028514401470134,5.148707482993197,0.2048894792487002,2.1681632653061227,0.534181066518023,1.6733333333333333,0.7500653594771242,0.8965986394557822,0.3238214471630621,4.84204081632653,0.4,0.026666666666666665,0.0,0.0,0.08666666666666667,0.31666666666666665,1.0,0.058333333333333334,162.56,165.1,1.0,12617.6,Cynthia Calvillo
0.2,0.8,0.0,2.8,57.8,142.6,80.2,164.2,0.6,1.8,37.4,111.6,11.4,18.6,9.8,12.8,48.0,128.0,4.4,5.6,4.6,7.2,138.0,798.2,0.4682296915944984,5.0905029838022156,0.5117321801756769,6.706598465473145,0.39118955568611313,3.421342637079964,0.6766748366013072,0.9682864450127877,0.839679487179487,0.7227621483375959,0.4250135845196514,4.12,0.5578947368421053,0.310690537084399,0.37230769230769234,0.421381074168798,0.04,0.4,-0.3,0.15828928672918446,177.8,177.8,1.0,11250.2,Steven Peterson
0.0,0.6,0.0,2.4,18.8,26.2,46.6,58.0,1.8,3.2,13.2,19.8,3.6,4.0,2.0,2.4,6.8,14.2,2.2,2.8,8.4,10.0,303.0,709.6,0.6465497076023391,1.6226883093647237,0.7426608187134501,3.828955314121429,0.5412767425810904,1.185336763589924,0.9199999999999999,0.3040182124414666,0.5083333333333333,0.13333333333333333,0.5056972789115646,0.4999893415660547,0.8,0.21068487910813327,0.6,0.9225556645505193,0.1643250846767477,0.53,0.9,0.46501389171658836,180.34,182.88,3.0,11720.0,Gunnar Nelson
0.0,0.0,0.0,1.6,27.4,53.2,47.0,75.0,0.6,3.2,21.0,46.4,5.2,6.0,1.4,1.6,12.0,33.2,6.6,9.2,6.8,9.6,103.2,413.2,0.5924180734856007,3.9319115864255623,0.6864256795835744,6.031190476190476,0.4249904315328584,2.9080659901489527,0.8871794871794872,0.7257642615529388,0.5333333333333333,0.3114146680570038,0.40935221429909874,1.6782322081567025,0.5235023041474655,0.6466666666666667,0.48,0.8757987030016927,0.12379562043795622,0.2571428571428571,0.85,0.29487177709272294,185.42,187.96,1.0,10215.0,Dusko Todorovic
0.0,0.0,0.6,2.6,39.0,92.4,44.4,98.6,0.4,0.4,26.0,76.2,5.4,8.2,7.6,8.0,34.8,86.2,3.8,5.2,0.4,1.0,34.4,739.2,0.4401053921568628,3.098295236750257,0.48198712186126685,3.6105457259870475,0.35950962325962327,2.030044451617676,0.5482251082251082,0.4512714776632302,0.9333333333333333,0.6169793074693513,0.4223882410112596,2.766286171579209,0.5276190476190477,0.3053423985043812,0.4,0.026666666666666665,0.026666666666666665,0.2,-0.7,0.04143639921722113,180.34,185.42000000000002,1.0,13144.4,Omar Morales
0.0,0.2,0.0,2.0,9.4,21.6,13.2,26.0,2.8,5.2,6.6,17.4,1.8,2.8,0.8,0.8,6.8,18.2,0.8,0.8,1.6,2.2,193.2,479.8,0.4365601892931085,0.9846438617049709,0.4907880119173863,1.6082283557442794,0.358421052631579,0.6379974448764258,0.4742857142857143,0.17620597849897215,0.4,0.07030303030303031,0.3549579831932773,0.6390696884814532,0.2,0.08465608465608467,0.29285714285714287,0.1813163481953291,0.24594932594932595,0.40634920634920635,0.7333333333333334,0.3975160887277115,177.8,182.88,2.0,12196.6,Makwan Amirkhani
0.4,0.6,0.4,1.8,31.2,64.4,54.0,98.4,1.6,4.0,20.8,50.0,7.6,11.2,2.8,3.2,20.8,49.8,4.2,6.0,6.2,8.8,191.4,464.6,0.5540633608815427,4.6434378086419965,0.648374187037598,8.226754925870011,0.44087781053634706,3.2794280734162014,0.8627450980392156,0.7931624654569447,0.675,0.47757542562417277,0.4818025319137666,2.843821358718047,0.5511764705882353,0.7384709480122325,0.6127272727272727,1.5601439107753194,0.23663033738983108,0.5033333333333333,0.99,0.4680636201637074,190.5,195.58,1.0,11032.0,Nikita Krylov
0.4,0.0,0.0,2.4,39.0,89.8,49.0,102.6,2.2,7.8,23.8,67.8,6.8,11.4,8.4,10.6,26.6,69.8,6.6,9.2,5.8,10.0,203.4,639.6,0.4212879895857512,3.940337437300502,0.4613408085127542,4.886730506155951,0.35149851425976075,2.5015412676698587,0.45308254963427375,0.569922480620155,0.7484126984126984,0.8688736890104879,0.3617662646371605,2.4639489284085725,0.5236363636363637,0.5565891472868216,0.6357142857142857,0.8830562186001046,0.1872377360749454,0.2460633484162896,0.9666666666666666,0.2929457839337285,165.1,175.26,1.0,11205.6,Tony Gravely
0.0,0.0,0.0,2.6,34.2,61.4,47.4,75.6,2.2,4.4,15.2,37.2,7.8,10.4,11.2,13.8,26.8,53.0,6.0,6.6,1.4,1.8,131.4,743.2,0.5091914445707549,2.5048974267381547,0.5624920196879077,3.464433222351837,0.34849867374005306,1.0869821992163768,0.7696969696969697,0.5497701526825385,0.8050324675324674,0.896570071609126,0.46702564102564104,2.0105372908378145,0.5221153846153846,0.40077010192525486,0.52,0.09359003397508495,0.1479501698754247,0.2966666666666667,1.0,0.1470995344155027,165.1,167.64000000000001,1.0,13792.0,Raphael Assuncao
0.0,0.2,0.2,1.4,23.0,39.0,24.0,39.8,0.4,0.4,8.4,20.8,4.8,7.2,8.0,10.0,20.8,36.2,1.8,2.0,0.4,0.6,10.8,294.8,0.5471027416938864,4.923827222501255,0.5935243467852163,5.638978737652771,0.2508658743633277,1.7427215799614644,0.5796992481203007,1.216672805402087,0.8139393939393941,1.6412121212121213,0.5242094842094842,4.324682213946983,0.4,0.4792633517495396,0.13333333333333333,0.026666666666666665,0.15327015327015328,0.4,0.0,0.05208364153344468,167.64000000000001,172.72,2.0,13578.4,Guido Cannetti
1.0,0.25,0.25,3.0,66.25,136.0,85.75,161.75,0.75,1.75,36.0,97.5,18.75,25.0,10.5,11.75,61.0,127.5,2.0,3.75,3.25,4.75,30.0,900.0,0.4872406973971638,4.416666666666667,0.5311435048213895,5.716666666666667,0.37514729620661824,2.4,0.7501114081996435,1.3166666666666669,0.9091008771929825,0.7,0.47933723023008734,4.066666666666666,0.4625,0.13333333333333336,0.5757575757575757,0.21666666666666667,0.05,0.22916666666666666,1.0,0.03333333333333333,177.8,177.8,1.0,9570.5,Mana Martinez
0.2,0.2,0.0,2.8,25.6,73.0,42.6,94.8,0.4,3.6,12.8,56.0,6.6,10.4,6.2,6.6,21.8,68.0,1.8,2.0,2.0,3.0,145.4,785.2,0.3857550450657428,2.1992115745886243,0.47979261630577474,3.6405881716517,0.27815160424981794,1.0889813876785581,0.6819875776397516,0.4628415182303705,0.9199999999999999,0.6403185437997724,0.3292369278219763,1.8161556392678342,0.8,0.1640903174618787,0.4133333333333333,0.21896561785891092,0.026985210466439136,0.125,0.6,0.1948737529220066,170.18,177.8,2.0,11540.2,Trevin Jones
0.2,0.8,0.2,3.0,50.4,100.6,88.8,152.2,3.2,7.6,35.0,79.2,9.0,13.0,6.4,8.4,29.4,67.4,5.2,7.8,15.2,23.6,300.0,685.4,0.4882265081531162,4.350204669107106,0.5984956692516923,7.386335075807544,0.43099816513656924,3.009693239269539,0.7528571428571429,0.809658163639704,0.7611111111111112,0.5308532661978635,0.39991113897994374,2.7409906783970315,0.6758823529411765,0.38282699282556687,0.5914646464646465,1.2263869978845077,0.2570928313578,0.4461538461538462,0.9846153846153847,0.42125087818206663,185.42,195.58,2.0,13615.0,Derek Brunson
0.0,0.2,0.0,2.4,36.2,108.0,55.4,132.4,0.6,3.8,21.2,84.0,14.0,20.8,0.2,0.6,29.4,98.0,5.0,7.0,1.8,2.0,98.4,681.2,0.37502345350867716,2.8686437155507365,0.48506565505649996,4.61181621035511,0.30280614810026574,1.7476579018704257,0.6994444444444444,1.1076524803469776,0.1,0.013333333333333332,0.3017052529583793,2.1404029999096412,0.5873684210526317,0.34764976958525345,0.37777777777777777,0.3805909460558417,0.07078431372549018,0.32857142857142857,0.8,0.19217543859649122,165.1,170.18,1.0,13517.8,Jessica Penne
0.0,0.2,0.0,3.8,66.4,107.0,76.4,127.8,1.6,5.0,23.0,48.6,17.0,23.2,18.0,23.8,50.8,87.6,6.8,9.4,7.6,8.8,162.0,709.2,0.6187652571068589,3.768480386024484,0.6526471028663037,5.05328496112948,0.4450337837837838,1.3216813510856937,0.6336308428413691,0.8973074792243768,0.7964275053195167,1.5494915557144133,0.5806738476388945,2.9086909123402735,0.6106862745098038,0.4203434903047091,0.3781637717121588,0.43944598337950136,0.1492845912790511,0.35944444444444446,1.0,0.23392255681648946,193.04,200.66,1.0,11922.8,Jon Jones
0.0,0.0,0.0,2.6,36.6,66.8,56.8,92.2,0.2,0.6,20.2,45.2,12.2,16.2,4.4,5.4,18.6,43.8,12.2,15.6,0.8,1.4,145.8,589.4,0.4832797608757879,2.752987079369756,0.5523545972398012,4.608783105119745,0.3182186234817813,1.2962702580367356,0.6953105717811601,1.104480810704508,0.8077777777777777,0.39865560456985955,0.33811398575178103,1.237278978796798,0.6938831346492086,1.2538418555811817,0.2333333333333333,0.04624252311038608,0.013333333333333332,0.1,0.4,0.17022242276780591,190.5,195.58,1.0,11179.6,Augusto Sakai
0.0,0.0,0.0,1.3333333333333333,10.0,27.333333333333332,14.333333333333334,32.666666666666664,1.6666666666666667,3.0,7.0,22.666666666666668,1.6666666666666667,2.6666666666666665,1.3333333333333333,2.0,9.0,25.666666666666668,0.6666666666666666,1.0,0.3333333333333333,0.6666666666666666,65.66666666666667,250.0,0.39408589624106866,2.6738157831107796,0.45291005291005293,3.5969138531261162,0.35465768799102126,1.847303244453477,0.7000000000000001,0.40395783611464814,0.7222222222222222,0.42255470254265504,0.3819444444444444,2.4827329805630094,0.3333333333333333,0.12738853503184713,0.16666666666666666,0.06369426751592357,0.21813442195607802,0.38888888888888884,0.5,0.21631908200725702,180.34,190.5,1.0,11125.666666666666,Erick Gonzalez
0.25,1.0,0.25,2.5,19.75,39.75,28.25,49.0,0.25,1.0,12.25,31.0,4.25,4.75,3.25,4.0,17.75,36.75,0.75,0.75,1.25,2.25,58.75,649.5,0.47967596129360834,2.339023441299484,0.5841595300834431,2.85,0.3482954545454545,1.341832588378708,0.8809523809523809,0.4461352657004831,0.8333333333333333,0.48647342995169085,0.47240966494456027,2.0739130434782607,0.5,0.05507246376811594,0.17857142857142858,0.10869565217391304,0.021739130434782608,0.08333333333333333,1.0,0.07719806763285025,172.72,172.72,1.0,11460.25,Rafael Alves
0.0,0.0,1.0,3.0,19.0,45.0,92.0,140.0,3.0,4.0,19.0,42.0,0.0,1.0,0.0,2.0,1.0,10.0,0.0,0.0,18.0,27.0,456.0,900.0,0.4222222222222222,1.2666666666666666,0.6571428571428571,6.133333333333334,0.4523809523809524,1.2666666666666666,0.0,0.0,0.0,0.0,0.11764705882352941,0.16042780748663102,0.0,0.0,0.5142857142857142,1.2,0.2,0.75,1.0,0.6286549707602339,177.8,182.88,1.0,8790.0,Nurullo Aliev
0.0,0.0,0.0,1.0,6.5,19.5,29.0,44.5,0.5,1.5,3.0,15.5,1.0,1.0,2.5,3.0,4.5,15.5,1.5,2.5,0.0,1.5,41.0,165.5,0.2675271739130435,2.6544622425629294,0.5818181818181818,8.108695652173914,0.12631578947368421,1.120289855072464,0.5,0.4347826086956522,0.9,1.0250056318990763,0.27314814814814814,1.894570849290381,0.3,0.6521739130434783,0.0,0.0,0.15544041450777202,0.5,1.0,0.21243523316062177,162.56,165.1,2.0,9909.5,Juancamilo Ronderos
0.0,0.0,2.0,3.0,30.0,114.0,40.0,127.0,0.0,6.0,15.0,88.0,7.0,9.0,8.0,17.0,25.0,104.0,5.0,10.0,0.0,0.0,58.0,900.0,0.2631578947368421,2.0,0.31496062992125984,2.6666666666666665,0.17045454545454544,1.0,0.7777777777777778,0.4666666666666667,0.47058823529411764,0.5333333333333333,0.2403846153846154,1.6666666666666667,0.5,0.3333333333333333,0.0,0.0,0.0,0.0,0.8333333333333334,0.06444444444444444,172.72,175.26,1.0,10232.0,Khusein Askhabov
0.4,0.4,0.2,2.6,23.8,55.4,35.0,66.8,1.0,3.4,11.6,35.2,5.0,8.8,7.4,11.4,17.8,49.0,4.0,4.2,2.0,2.2,66.2,747.8,0.4284543445232111,2.194896253350899,0.5040666733432526,3.1168186825291917,0.3000646956071683,1.019636280848578,0.6742914979757085,0.375363988291946,0.6830555555555555,0.7982022471910113,0.3771894055765023,1.6209888899379976,0.5666666666666667,0.27490636704119853,0.375,0.244593837535014,0.06831460674157304,0.31666666666666665,0.6,0.07833485454106738,177.8,185.42000000000002,1.0,12405.8,William Knight
0.2,0.2,0.0,1.8,22.0,42.2,59.2,93.0,1.0,2.2,12.6,30.8,7.8,10.0,1.6,1.8,10.4,28.0,7.2,8.2,4.4,6.0,84.2,386.8,0.5662392718853538,4.508169694925637,0.745617475125161,9.025682561034609,0.46992243867243866,2.4882742024115982,0.8619047619047618,1.4474213049822806,0.5,0.45106918238993715,0.47255633255633256,2.413543753761195,0.8581196581196581,1.0872290464559218,0.48571428571428565,1.1280211897141599,0.16583482437140976,0.22000000000000003,1.0,0.27964120018014405,187.96,195.58,1.0,11079.0,Jordan Wright
0.4,0.0,0.2,2.8,24.6,48.6,57.8,91.8,0.4,1.4,16.0,39.0,7.6,8.2,1.0,1.2,14.0,35.2,7.8,9.6,2.6,3.6,157.6,837.0,0.4563286713286713,1.8980836707152497,0.6247693771899915,4.14051282051282,0.34549817320035553,1.1815384615384614,0.9454545454545455,0.5569230769230769,0.7,0.08102564102564101,0.33892239543402336,1.0867352255587548,0.6666666666666666,0.5702564102564102,0.3375,0.1733333333333333,0.026666666666666665,0.1,-0.2,0.17962393162393164,170.18,165.1,1.0,13648.8,Lina Lansberg
0.0,1.0,1.0,2.0,26.5,54.0,68.5,98.0,0.5,2.0,13.5,36.0,10.0,13.0,3.5,5.5,15.0,38.0,8.0,11.5,3.5,4.0,73.5,484.0,0.6003611971104231,4.666666666666667,0.7422459893048128,9.766666666666666,0.2174922600619195,0.9,0.8695652173913043,1.5666666666666667,0.3181818181818182,0.23333333333333334,0.5149566675985463,1.9666666666666668,0.8333333333333333,1.3333333333333335,0.4375,0.23333333333333334,0.03333333333333333,0.16666666666666666,0.33333333333333337,0.2588888888888889,167.64000000000001,170.18,1.0,11769.5,Don Shainis
0.4,0.0,0.0,2.6,47.8,118.2,50.2,121.4,1.2,5.2,42.4,111.2,3.4,6.2,0.8,0.8,44.0,113.6,0.4,0.6,3.4,4.0,86.4,760.2,0.4370829042624774,4.484975124378109,0.4578442235801763,4.644975124378109,0.41236259143155696,3.8085549132947976,0.6376190476190475,0.31940298507462683,0.4,0.05333333333333333,0.4160202581734236,3.628855721393035,0.2,0.026666666666666665,0.5057142857142857,0.5460019550342132,0.08,0.16071428571428573,1.0,0.10295522388059701,172.72,172.72,1.0,10737.8,Zubaira Tukhugov
1.0,0.0,0.0,3.0,20.0,69.0,30.0,83.0,0.0,2.0,12.0,54.0,3.0,5.0,5.0,10.0,20.0,67.0,0.0,2.0,0.0,0.0,158.0,791.0,0.2898550724637681,1.5170670037926675,0.3614457831325301,2.275600505689001,0.2222222222222222,0.9102402022756005,0.6,0.22756005056890014,0.5,0.37926675094816686,0.29850746268656714,1.5170670037926675,0.0,0.0,0.0,0.0,0.0,0.0,1.0,0.1997471554993679,167.64000000000001,165.1,1.0,9536.0,SeungGuk Choi
0.2,1.0,0.4,4.0,69.4,128.8,117.6,185.2,2.8,7.4,50.4,111.4,10.8,13.2,2.8,2.8,37.2,78.0,4.6,6.8,16.2,23.0,399.6,778.2,0.6138160736696864,4.1661933485298706,0.7089191897025998,8.04555202593304,0.5613399717253673,3.480002051261335,0.686,0.5605960853808087,0.6,0.12559521188772702,0.45998075380914194,1.7926585067245995,0.4523809523809524,0.20283709411117226,0.7765238823902216,1.81322286490636,0.1837480588776902,0.3633053221288515,0.9,0.43431700114577404,187.96,193.04,1.0,13648.8,Glover Teixeira
0.0,0.0,0.0,2.0,53.5,106.75,66.75,118.25,1.0,1.75,30.75,77.75,13.0,17.5,11.5,12.25,44.5,95.75,4.75,6.75,1.5,1.5,99.0,505.75,0.6247035041972597,6.293548387096774,0.6555610626486915,7.266666666666666,0.4014972037329308,2.596774193548387,0.8590949820788532,1.396774193548387,0.7272256728778468,1.1666666666666667,0.4520082205067457,4.7819215475324075,0.575,0.4768817204301075,0.25,0.1,0.06666666666666667,0.25,0.6875,0.1660752688172043,185.42,193.04,1.0,12367.25,Mounir Lazzez
0.2,0.0,0.0,2.4,33.0,63.4,48.0,80.6,1.0,1.8,15.6,41.8,5.8,8.4,11.2,13.2,27.4,54.6,1.4,1.6,4.2,7.2,120.0,640.8,0.5021941259492152,3.065086783963106,0.590631687439983,4.527042982696352,0.34675102859897533,1.3646911981907306,0.6698879551820728,0.524108775630763,0.8856490872210954,1.0864908917742657,0.4792078888853083,2.5859056200873782,0.3,0.09866251944012441,0.32142857142857145,0.38051864443560346,0.08265422498703992,0.22000000000000003,1.0,0.1793710904159848,185.42,193.04,1.0,13792.0,Mauricio Rua
0.0,0.2,0.0,3.0,63.0,147.8,80.6,172.2,0.8,4.8,45.2,124.2,12.2,17.0,2.0,2.4,47.2,128.0,9.6,13.8,4.0,4.2,98.4,822.2,0.37726263443859875,4.392423524564837,0.42884531112655033,5.658134377038486,0.3131956651078859,3.404505785010472,0.6951739623673008,0.8658124763964707,0.5266666666666667,0.12210526315789472,0.31093817149074526,3.237589865073643,0.5759221170985876,0.8412002609262883,0.5875,0.28696673189823874,0.06348336594911938,0.3,0.4,0.11925690939677962,165.1,170.18,1.0,13733.4,Lauren Murphy
0.2,0.0,0.0,1.8,16.4,39.8,16.6,40.2,0.0,0.8,9.0,29.6,4.0,6.0,3.0,3.8,13.8,36.4,2.2,2.8,0.0,0.0,0.0,407.8,0.47744116037219486,2.6991970608186575,0.49327449370552817,2.9528600774205644,0.39305555555555555,1.3241824811325933,0.42293706293706296,0.6279446627575436,0.5384615384615385,0.5738112192420287,0.44957134553908745,2.280552206107932,0.3538461538461538,0.27375583511353746,0.0,0.0,0.0,0.0,0.2,0.0,190.5,193.04,1.0,13719.2,Shamil Abdurakhimov
0.0,2.0,0.0,2.5,29.0,70.5,37.5,80.0,0.0,2.5,14.0,50.0,6.0,10.0,9.0,10.5,23.5,62.5,5.5,8.0,0.0,0.0,75.0,669.0,0.4107645875251509,2.7420091324200913,0.4585891985514092,3.3789954337899544,0.2725812926535528,1.1794520547945204,0.5604395604395604,0.5054794520547945,0.90625,1.0570776255707763,0.3764720942140297,2.26986301369863,0.6587301587301587,0.47214611872146117,0.0,0.0,0.0,0.0,-1.0,0.16244292237442923,162.56,182.88,1.0,11416.0,Saimon Oliveira
0.0,1.0,1.0,2.3333333333333335,16.666666666666668,33.333333333333336,39.666666666666664,56.333333333333336,1.3333333333333333,3.0,7.333333333333333,20.333333333333332,4.0,7.333333333333333,5.333333333333333,5.666666666666667,10.0,21.0,0.6666666666666666,1.3333333333333333,6.0,11.0,205.0,665.3333333333334,0.5288382788382788,1.5900226757369615,0.6548654244306419,3.3628117913832205,0.38680555555555557,0.6485260770975056,0.611111111111111,0.4263038548752835,0.8888888888888888,0.5151927437641723,0.49194163860830525,1.1455782312925171,0.3333333333333333,0.044444444444444446,0.4492753623188406,0.39999999999999997,0.1988845988845989,0.3333333333333333,-0.3333333333333333,0.45867486175756844,172.72,175.26,1.0,11219.333333333334,Allan Nascimento
0.25,0.25,0.75,2.5,45.0,96.5,67.75,118.75,0.25,0.25,31.75,78.5,9.75,14.0,2.75,3.5,35.75,85.75,4.0,4.75,4.25,5.75,25.25,692.0,0.5262084918796174,5.686780905752754,0.5876725618338615,7.1,0.48591062234559995,4.289096573208723,0.5623827392120075,0.65,0.39285714285714285,0.18333333333333335,0.4519910752887407,3.5918145956607495,0.6964285714285714,0.26666666666666666,0.5446428571428571,1.0490196078431373,0.11583011583011583,0.25,1.0,0.16027777777777777,162.56,165.1,3.0,9657.25,Cheyanne Vlismas
0.0,1.6666666666666667,0.0,2.6666666666666665,26.333333333333332,51.333333333333336,86.66666666666667,128.0,3.3333333333333335,9.666666666666666,19.0,42.666666666666664,4.666666666666667,5.666666666666667,2.6666666666666665,3.0,10.0,25.333333333333332,7.333333333333333,9.666666666666666,8.333333333333334,15.333333333333334,326.3333333333333,769.6666666666666,0.4876285672895842,1.9453180787201008,0.6399952807928267,6.339515315431343,0.4206993943629163,1.4019247143337552,0.7474747474747474,0.3629610549437969,0.6111111111111112,0.18043230944254832,0.3855072463768116,0.7553838338306109,0.5224171539961014,0.4968524838832005,0.3385964912280701,0.6930817610062893,0.3121729237770194,0.4424603174603175,0.9315476190476191,0.4445109740601028,172.72,175.26,1.0,9680.333333333334,Saidyokub Kakhramonov
0.2,0.0,0.0,2.6,37.4,86.0,63.2,115.4,2.4,7.6,26.8,71.8,5.4,8.0,5.2,6.2,29.4,74.8,3.4,4.6,4.6,6.6,261.6,744.6,0.40644505508506734,2.897087806220754,0.5057342174642321,4.969523809523809,0.3236509338900603,2.0576713459950455,0.6482539682539682,0.45222130470685384,0.8198039215686276,0.38719515551885497,0.3669102938181514,2.290421139554087,0.6017316017316017,0.23714285714285716,0.5333333333333334,0.36952380952380953,0.21047619047619048,0.23807692307692307,0.18461538461538468,0.3310511056060189,167.64000000000001,170.18,1.0,11899.6,Sergey Morozov
0.0,0.0,0.0,2.2,35.4,81.6,48.2,95.8,1.2,2.8,23.0,64.8,9.8,13.6,2.6,3.2,21.2,59.8,8.2,13.0,5.8,8.0,132.8,586.0,0.466976544960416,3.9721426871343035,0.5478131341660282,5.545623049690049,0.36220529039677973,2.7818678361735527,0.7082704876822523,0.9032611515638603,0.5333333333333333,0.2870136993968907,0.369253127808115,2.0294491323960133,0.47625,0.7539873780837636,0.4718840579710145,0.7608932053121437,0.16746937424125372,0.58,1.0,0.2642201642428259,172.72,193.04,1.0,12601.8,Dalcha Lungiambula
0.2,0.0,0.2,3.2,31.8,65.8,39.0,73.6,0.6,0.8,21.0,53.6,5.2,6.0,5.6,6.2,26.6,57.8,3.6,5.2,1.6,2.8,31.0,756.2,0.49196538800009815,2.3036943662904132,0.5289036020818263,2.808242136296382,0.39870029501302445,1.544059167439738,0.9083333333333332,0.38222644413641815,0.9264705882352942,0.37740875471425717,0.4724467373591173,1.9633235359990888,0.6972222222222222,0.23773387092042025,0.3111111111111111,0.10263695937090431,0.053802993248751305,0.5,-0.1,0.042911762218189084,182.88,187.96,2.0,10177.2,Darren Till
0.0,1.0,2.0,3.0,11.0,29.0,20.0,42.0,4.0,9.0,8.0,25.0,1.0,2.0,2.0,2.0,8.0,21.0,1.0,3.0,2.0,5.0,280.0,853.0,0.3793103448275862,0.7737397420867527,0.47619047619047616,1.4067995310668229,0.32,0.5627198124267292,0.5,0.07033997655334115,1.0,0.1406799531066823,0.38095238095238093,0.5627198124267292,0.3333333333333333,0.07033997655334115,0.4,0.1406799531066823,0.3516998827667057,0.5555555555555556,1.0,0.32825322391559203,170.18,175.26,3.0,9453.0,Steven Koslow
0.0,0.0,0.0,2.3333333333333335,44.666666666666664,94.0,55.666666666666664,106.0,1.6666666666666667,4.0,27.333333333333332,69.66666666666667,13.0,18.333333333333332,4.333333333333333,6.0,36.666666666666664,83.66666666666667,7.333333333333333,9.333333333333334,0.6666666666666666,1.0,154.66666666666666,654.6666666666666,0.4731564907568042,3.376693766937669,0.510347633996047,4.110027100271002,0.3780146884624496,2.121409214092141,0.4777777777777778,0.8666666666666666,0.8047619047619049,0.38861788617886184,0.4468705547652916,2.8433604336043365,0.5208333333333334,0.48888888888888893,0.2222222222222222,0.044444444444444446,0.11111111111111112,0.27619047619047615,0.06666666666666665,0.17185185185185184,170.18,170.18,3.0,10634.666666666666,Jay Perrin
0.2,0.0,0.0,2.2,43.2,104.2,54.6,117.0,0.4,1.0,33.6,89.8,3.4,6.6,4.2,7.8,36.4,93.4,4.0,5.4,2.8,5.4,126.6,612.0,0.41158139051689985,3.6226253342875436,0.45846315678797805,4.515622936206009,0.3530803487854254,2.8297299333308223,0.6185897435897436,0.3656569613419212,0.6281135531135531,0.4272384396148003,0.39117357001972386,3.0959586676208772,0.4916666666666667,0.3,0.21333333333333332,0.22666666666666666,0.03333333333333334,0.3,0.2,0.18526618705035972,175.26,175.26,1.0,13411.0,Scott Holtzman
0.0,0.6,0.2,2.0,27.8,60.2,45.4,83.6,1.0,5.6,19.0,49.2,4.4,6.0,4.4,5.0,21.6,51.0,3.8,4.8,2.4,4.4,213.8,527.4,0.48910382401188607,3.0798422985047127,0.538133413808513,4.765104775529568,0.3773001878884232,1.69954233461467,0.6424242424242423,0.5441685078803948,0.7666666666666666,0.8223680151494326,0.4704059167526659,2.614762282681359,0.5980392156862745,0.3050800158233538,0.12,0.16,0.11933075933075935,0.15714285714285714,0.9178571428571429,0.3391400089605735,190.5,193.04,2.0,10516.8,Kyle Daukaus
0.0,0.0,0.0,2.6666666666666665,53.333333333333336,134.66666666666666,61.666666666666664,143.66666666666666,0.3333333333333333,0.6666666666666666,25.666666666666668,101.33333333333333,10.333333333333334,14.666666666666666,15.333333333333334,17.666666666666668,46.666666666666664,124.33333333333333,5.0,8.333333333333334,1.6666666666666667,2.0,19.333333333333332,651.0,0.46059889676910953,4.910622653141366,0.49511679779222967,6.013983412459626,0.33427468325563886,2.54752633169621,0.6862068965517242,0.8603131564843444,0.9436781609195402,1.502783164960811,0.43760907626453843,4.227210689540119,0.6601307189542484,0.4160322844568614,0.2777777777777778,0.26737967914438504,0.02296211251435132,0.16666666666666666,0.0,0.024839946292008017,172.72,180.34,1.0,12264.0,Marcelo Rojo
0.0,0.0,0.0,3.0,68.66666666666667,134.33333333333334,74.66666666666667,141.0,4.333333333333333,9.333333333333334,37.0,96.0,21.0,27.0,10.666666666666666,11.333333333333334,63.666666666666664,126.33333333333333,2.3333333333333335,5.0,2.6666666666666665,3.0,182.33333333333334,900.0,0.5062857686524409,4.577777777777778,0.5251381136396165,4.977777777777778,0.36439653860115456,2.466666666666667,0.7902750843927314,1.4000000000000001,0.9696969696969697,0.7111111111111111,0.5031998100672325,4.2444444444444445,0.611111111111111,0.15555555555555556,0.2962962962962963,0.17777777777777778,0.3544401544401545,0.5303571428571429,0.6666666666666666,0.20259259259259263,175.26,180.34,2.0,11188.666666666666,Natan Levy
0.3333333333333333,0.0,0.0,2.3333333333333335,25.666666666666668,75.33333333333333,34.0,86.33333333333333,1.3333333333333333,4.0,19.0,64.66666666666667,5.0,8.333333333333334,1.6666666666666667,2.3333333333333335,19.0,65.0,2.3333333333333335,4.666666666666667,4.333333333333333,5.666666666666667,100.0,579.6666666666666,0.3740162506383107,2.9671422395157805,0.4007462204419176,3.5412883700821443,0.2882352941176471,1.7299610894941635,0.638095238095238,0.9853004755728492,0.47222222222222215,0.11854734111543451,0.3426767676767677,2.5152615650670125,0.31851851851851853,0.16299178555987895,0.2549019607843137,0.2888888888888889,0.13333333333333333,0.1794871794871795,0.9487179487179488,0.1111111111111111,167.64000000000001,177.80000000000004,1.0,10382.0,Kevin Natividad
0.4,0.2,0.2,2.2,43.0,90.6,53.0,107.6,1.0,2.8,29.0,71.6,10.0,15.0,4.2,4.8,29.6,70.8,1.2,1.2,10.4,15.4,129.4,481.2,0.5227260008634672,5.60060866469547,0.5583568145547464,6.811992227287561,0.4560065897251827,3.7420762174117987,0.6809803921568628,1.3128346666930373,0.7999999999999999,0.5456977805906338,0.4692146043829194,3.4670828924511077,0.4,0.08666666666666667,0.5365420786110441,1.5926979163775745,0.1011882229232387,0.3190476190476191,0.8,0.29300265188598706,172.72,180.34,1.0,12998.2,Michael Chandler
0.0,0.0,0.0,2.0,39.8,96.6,53.2,111.8,0.8,2.8,30.8,83.0,3.4,6.4,5.8,6.8,29.6,82.6,8.0,10.8,1.2,2.4,152.2,523.0,0.4039663249134325,4.792433005590901,0.4493532562897794,5.989851551956815,0.33274853801169596,3.6200089968511016,0.3744155844155844,0.33731411862990807,0.6416666666666666,0.7869047619047619,0.3511458421334234,3.2687442966390337,0.6695833333333333,0.7938461538461538,0.2,0.5317139001349528,0.07345029239766081,0.21333333333333332,1.0,0.25635027740290894,182.88,198.12,1.0,10045.4,Nicolae Negumereanu
0.0,0.0,0.0,2.2,41.2,81.6,57.2,96.0,1.0,3.8,26.8,62.6,9.8,13.6,4.4,5.4,33.4,71.4,0.2,0.6,5.0,5.8,83.0,423.4,0.5058511118436287,4.039980654613733,0.5291169376677927,4.784444792155635,0.4045537759774378,2.541294606755703,0.45625,0.6060518437385907,0.8416666666666666,0.8934708752364833,0.47307360129647424,3.670534871481202,0.1,0.008,0.17241379310344826,0.36144578313253006,0.059373493975903614,0.11666666666666665,1.0,0.1995887550200803,167.64000000000001,172.72,1.0,13719.2,Frankie Edgar
0.0,0.0,0.0,2.2,46.4,90.0,55.8,99.6,1.2,4.6,28.6,67.0,10.8,15.4,7.0,7.6,42.8,85.2,2.0,2.6,1.4,1.6,52.4,561.6,0.5585919278510424,4.4100900900900895,0.5837637228764716,5.032072072072073,0.3581629950644035,2.29571440599478,0.5949175824175824,1.0576576576576577,0.9410130718954249,0.9794594594594594,0.5508572951365756,4.183423423423423,0.34285714285714286,0.13333333333333333,0.37142857142857144,0.09333333333333334,0.0962162162162162,0.17424242424242425,0.9818181818181818,0.06978378378378378,170.18,180.34,1.0,11011.8,Brad Riddell
0.5,0.0,0.0,1.5,24.5,66.0,25.5,72.5,0.0,0.0,16.5,55.25,6.0,7.5,2.0,2.75,21.75,57.75,1.0,1.75,1.75,3.0,20.25,345.25,0.43644177959767316,3.9583960804310734,0.4503734443443953,4.44708438463695,0.41215659340659344,3.3382811379023374,0.2,0.4,0.3194444444444444,0.22011494252873565,0.4132493953922526,2.835071157526672,0.29166666666666663,0.3991869918699187,0.14583333333333334,0.7241379310344828,0.0,0.0,-0.5,0.12519157088122604,162.56,165.1,1.0,13508.25,Silvana Gomez Juarez
0.6,0.2,0.0,2.4,41.8,78.6,57.0,95.0,0.2,0.2,25.0,58.0,11.2,14.8,5.4,5.8,34.2,68.8,4.8,6.4,2.8,3.4,36.8,638.6,0.5312711581779326,4.104439311841542,0.590076612861423,5.282489473205154,0.4275481256332321,2.6678792661093813,0.8236042692939245,0.970241018135647,0.9133333333333333,0.466319027596514,0.4900961121549357,3.2118454606481763,0.8391304347826086,0.40694027442465525,0.32666666666666666,0.48565357676871024,0.013333333333333332,0.2,0.2,0.06361823610407621,180.34,180.34,1.0,10820.4,Michael Trizano
0.0,0.0,0.0,2.3333333333333335,42.666666666666664,74.33333333333333,51.0,84.0,1.3333333333333333,7.0,17.0,46.0,15.0,17.0,10.666666666666666,11.333333333333334,32.333333333333336,61.666666666666664,9.333333333333334,11.0,1.0,1.6666666666666667,102.0,662.0,0.6028359890552069,3.9534050179211473,0.6539993661473952,4.850179211469534,0.4557306803785677,1.3892473118279571,0.9141414141414143,1.4265232974910393,0.9696969696969697,1.1376344086021506,0.5424756785389881,3.008602150537634,0.8586956521739131,0.8781362007168458,0.19999999999999998,0.06666666666666667,0.08888888888888889,0.13030303030303028,1.0,0.14603345280764635,170.18,167.64000000000001,2.0,12328.0,Ramona Pascual
0.2,1.4,0.6,2.0,22.0,32.8,42.2,55.8,1.4,1.6,13.4,23.8,6.0,6.4,2.8,3.6,10.0,16.8,5.0,6.0,7.0,9.6,208.4,492.8,0.6595655806182121,4.183431961146754,0.7594988344988345,6.153704206241519,0.42041699041699043,1.285025815306189,0.9314285714285715,1.0402291572440827,0.7933333333333333,0.7734965034965036,0.5464644418561468,1.9773638799011934,0.6571428571428571,0.5842424242424242,0.41515151515151516,0.5606060606060606,0.11212121212121211,0.5599999999999999,0.9,0.32531568723673987,170.18,175.26,1.0,11439.4,Darrick Minner
0.0,0.0,0.0,3.0,37.5,122.0,51.5,137.0,0.0,3.0,27.5,111.0,9.0,10.0,1.0,1.0,31.0,115.5,4.5,4.5,2.0,2.0,88.0,900.0,0.28747139588100684,2.5,0.3636211512717537,3.4333333333333336,0.22975525976814085,1.8333333333333333,0.8901098901098901,0.6000000000000001,0.5,0.06666666666666667,0.2518594714353537,2.066666666666667,1.0,0.3,1.0,0.13333333333333333,0.0,0.0,0.75,0.09777777777777778,177.8,180.34,1.0,11763.5,Liudvik Sholinian
0.0,0.5,1.5,2.5,39.0,91.0,45.0,97.5,1.5,3.0,18.5,63.5,12.5,18.5,8.0,9.0,38.0,90.0,1.0,1.0,0.0,0.0,153.5,679.5,0.3654610492845787,4.809803921568627,0.45651236342725704,5.209803921568628,0.2661111111111111,2.2261437908496733,0.6048387096774194,1.2111111111111112,0.47058823529411764,1.0,0.36180499597099114,3.8502958579881654,0.5,0.13071895424836602,0.0,0.0,0.13202614379084968,0.7,0.9,0.22339869281045752,172.72,172.72,2.0,11389.5,Carlos Candelario
0.0,0.5,0.25,2.5,35.0,76.25,41.75,84.25,0.0,0.25,23.5,60.0,8.75,13.25,2.75,3.0,27.0,66.0,4.5,4.75,3.5,5.5,25.5,683.25,0.45935774378456296,3.393551345024928,0.4907433463586559,4.093113294197516,0.3809550936190328,2.1768564170145575,0.7177083333333334,0.9399019454248878,0.875,0.27679298258548285,0.4152949760266833,2.6380863076861636,0.4852941176470588,0.3277664630006789,0.1590909090909091,0.4276985743380855,0.0,0.0,-1.5,0.04814256414352257,170.18,165.1,1.0,11185.5,Shanna Young
0.25,0.25,0.0,2.0,39.0,89.0,40.25,90.25,0.0,0.0,17.5,55.25,6.5,14.5,11.0,13.5,35.75,84.25,2.25,3.75,1.0,1.0,28.0,570.75,0.5223841354723707,3.6229024943310657,0.549200918762089,3.9570294784580495,0.3252251221001221,1.5608843537414967,0.46096774193548384,0.5020408163265306,0.8541666666666666,1.4099773242630385,0.4447191697191697,2.955328798185941,0.35119047619047616,0.4634920634920635,0.25,0.2040816326530612,0.0,0.0,0.75,0.09276455026455026,177.8,185.42000000000002,3.0,9385.5,Benito Lopez
0.0,0.0,0.0,1.0,18.0,26.0,22.0,32.0,2.0,3.0,9.0,15.0,6.0,7.0,3.0,4.0,12.0,19.0,6.0,7.0,0.0,0.0,63.0,247.0,0.6923076923076923,4.372469635627531,0.6875,5.344129554655871,0.6,2.1862348178137654,0.8571428571428571,1.4574898785425103,0.75,0.7287449392712552,0.631578947368421,2.9149797570850207,0.8571428571428571,1.4574898785425103,0.0,0.0,0.4,0.6666666666666666,1.0,0.2550607287449393,172.72,175.26,1.0,10404.0,Joshua Weems
0.0,1.0,1.0,3.0,12.0,29.0,36.0,62.0,0.0,0.0,6.0,19.0,5.0,9.0,1.0,1.0,7.0,22.0,0.0,0.0,5.0,7.0,11.0,900.0,0.41379310344827586,0.8,0.5806451612903226,2.4,0.3157894736842105,0.4,0.5555555555555556,0.3333333333333333,1.0,0.06666666666666667,0.3181818181818182,0.4666666666666667,0.0,0.0,0.7142857142857143,0.3333333333333333,0.0,0.0,-3.0,0.012222222222222223,162.56,175.26,1.0,10059.0,Carlos Mota
0.0,0.6666666666666666,0.0,2.0,25.0,46.666666666666664,36.0,59.333333333333336,1.6666666666666667,2.3333333333333335,13.333333333333334,32.0,5.333333333333333,6.666666666666667,6.333333333333333,8.0,19.666666666666668,39.666666666666664,4.0,5.666666666666667,1.3333333333333333,1.3333333333333333,80.66666666666667,493.0,0.47333333333333333,2.5353847431585064,0.5129453262786596,3.40905554863447,0.36533996683250414,1.2639480641723073,0.46078431372549017,0.390639923591213,0.7222222222222222,0.8807967553949863,0.48388185654008437,2.144744819567294,0.37222222222222223,0.30175103470232406,0.3333333333333333,0.08888888888888889,0.17777777777777778,0.47222222222222215,0.6666666666666666,0.18669638119494855,182.88,190.5,3.0,10231.0,Tresean Gore
0.0,0.0,0.0,2.4,51.8,117.6,62.4,134.4,0.0,0.2,25.8,87.2,10.2,13.0,11.8,13.6,42.8,105.4,4.8,7.6,1.4,1.8,46.2,678.4,0.4409013755123595,4.425195485879469,0.4879920398267189,5.453717459296763,0.2854264908612735,2.509091908448168,0.7761839080459769,0.8108398100705667,0.7299497847919655,0.9585971006940674,0.3967788107624736,3.4361785576426604,0.7663636363636364,0.3850672984825335,0.15555555555555556,0.3835616438356165,0.0,0.0,0.2,0.08864840182648401,193.04,200.66,1.0,10935.2,Jared Vanderaa
0.0,0.0,0.0,3.0,25.0,68.5,70.0,116.0,1.0,4.5,14.0,48.5,9.0,17.0,2.0,3.0,16.5,57.5,7.0,8.0,1.5,3.0,45.0,868.0,0.34981392876129713,1.6972886762360446,0.617057902973396,4.822328548644338,0.2665631469979296,0.9486443381180223,0.5625,0.6127591706539075,0.625,0.13588516746411483,0.2719680464778504,1.120414673046252,0.9285714285714286,0.4717703349282297,0.625,0.105103668261563,0.06921850079744817,0.3214285714285714,0.6785714285714286,0.05093567251461988,185.42,180.34,3.0,10737.5,Gadzhi Omargadzhiev
0.8,0.0,0.0,2.2,34.6,81.2,44.4,89.2,0.4,2.4,22.4,62.6,3.6,6.8,7.0,11.6,24.8,68.8,4.6,6.0,4.8,6.8,100.8,440.6,0.3846773964933169,3.8682382067435817,0.43723174115231905,5.036741738559278,0.26957001019031096,2.324343973806004,0.5261904761904763,0.39183189548111474,0.5982608695652174,1.0962482047545714,0.33025349235875556,2.474631269560034,0.30178571428571427,0.45066666666666666,0.4158730158730159,0.8601822125813449,0.016,0.021052631578947368,0.2,0.15056524785702063,167.64000000000001,170.18,1.0,12370.0,TJ Dillashaw
0.0,0.4,0.4,1.6,17.4,34.2,27.6,45.2,1.4,4.0,8.8,24.6,4.6,5.4,4.0,4.2,9.0,24.0,2.4,3.0,6.0,7.4,116.0,333.2,0.527029082029082,3.3292803718431534,0.6012794032774662,5.150011200804448,0.40083547337784625,2.1282810958112135,0.7338461538461538,0.7937873106194608,0.5894736842105263,0.4072119654124796,0.39590643274853804,1.9293271689098321,0.6833333333333333,0.5245156739442252,0.5038461538461538,0.8754375289890962,0.1525608672751429,0.22549019607843138,1.0,0.2868828879822017,190.5,195.58,1.0,12550.6,Misha Cirkunov
0.0,0.25,0.75,2.5,20.25,49.5,51.0,89.75,2.0,5.75,15.5,43.25,3.25,4.25,1.5,2.0,15.25,42.25,3.25,3.75,1.75,3.5,229.0,694.0,0.4228535353535354,2.0728070175438598,0.5346264699274972,4.12280701754386,0.3719698797823798,1.394736842105263,0.8041666666666667,0.5780701754385965,0.625,0.09999999999999999,0.37295832560923586,1.7394736842105263,0.4,0.21666666666666667,0.3333333333333333,0.11666666666666667,0.16666666666666669,0.23854166666666665,1.0,0.3027777777777778,182.88,193.04,2.0,8892.5,Nick Maximov
0.0,0.0,0.0,1.0,6.5,10.5,7.0,11.5,0.0,0.5,5.5,9.0,1.0,1.5,0.0,0.0,6.0,10.0,0.5,0.5,0.0,0.0,0.0,80.5,0.5833333333333333,5.225806451612903,0.59375,5.548387096774194,0.6076923076923078,4.580645161290322,0.5,0.6451612903225806,0.0,0.0,0.5714285714285714,4.903225806451613,0.5,0.3225806451612903,0.0,0.0,0.0,0.0,1.0,0.0,187.96,187.96,1.0,12499.5,Mike Jackson
0.0,0.2,0.0,2.4,45.8,116.4,56.2,128.6,1.0,2.2,23.8,86.2,9.0,13.4,11.6,13.8,38.8,106.6,3.0,3.8,4.0,6.0,74.4,638.6,0.3664150168131318,4.316580467430907,0.39536645743974275,5.1045374566782185,0.2606773352397748,2.30852217186528,0.5902020202020202,0.7993886074824491,0.843935793204086,1.2086696880831778,0.3394155309221632,3.7552901448502625,0.65,0.2946236559139785,0.43650793650793657,0.26666666666666666,0.06666666666666667,0.35238095238095235,0.33333333333333337,0.10632258064516129,177.8,182.88,1.0,11065.4,Brandon Davis
0.0,0.2,0.0,2.6,40.6,88.6,43.0,91.4,0.4,1.4,19.6,60.6,10.8,16.0,10.2,12.0,36.4,82.2,2.6,4.2,1.6,2.2,24.8,755.6,0.46017968989729197,3.320824303047143,0.4733352030257768,3.501841252199685,0.32560357016613645,1.6453903862183938,0.7106458675424193,0.8858590349171067,0.8566666666666667,0.7895748819116422,0.44581935740451895,3.0408243030471427,0.39126984126984127,0.17333333333333334,0.14545454545454545,0.10666666666666666,0.026666666666666665,0.3,-0.5,0.02778907721280603,177.8,177.8,2.0,11505.2,Jesse Ronson
0.2,0.6,0.2,3.0,45.0,89.4,64.4,112.6,0.8,2.4,27.8,66.4,11.8,17.2,5.4,5.8,32.6,73.2,6.4,9.0,5.8,7.2,221.0,858.0,0.5156781618583548,3.121739130434783,0.5824266733242667,4.443478260869566,0.4217563605100006,1.9142028985507245,0.6902197802197803,0.8150724637681159,0.9444444444444444,0.392463768115942,0.46328442970519185,2.2504347826086954,0.5826495726495727,0.4521739130434782,0.6611111111111111,0.4191304347826087,0.06144927536231883,0.25,1.0,0.2589468599033816,175.26,177.8,2.0,13789.6,Francisco Trinaldo
0.0,0.8,0.4,2.0,20.4,45.8,36.6,63.0,0.4,0.8,9.8,33.2,4.8,6.2,5.8,6.4,18.6,42.6,1.0,2.0,0.8,1.2,84.4,491.0,0.4169146005509642,2.225358452713081,0.5088741041543401,3.491109787571967,0.2733695652173913,1.0748102174747989,0.7513888888888889,0.5179867114196071,0.76,0.6020647210641255,0.38909090909090904,2.050811805721771,0.18333333333333332,0.06666666666666667,0.32,0.07738317757009347,0.05071651090342679,0.3,0.2,0.21710557945966205,187.96,200.66,1.0,13719.2,Aleksei Oleinik
0.0,0.0,0.0,2.6,42.4,107.6,68.8,137.2,1.0,2.6,28.2,87.6,8.2,13.4,6.0,6.4,36.0,99.6,4.8,6.2,1.8,1.8,101.6,771.4,0.44320847216459686,2.9477404921700225,0.5695607609075266,5.287211413748379,0.4035591245384735,1.980077821011673,0.53474011826953,0.5466666666666666,0.7428571428571429,0.4,0.3510887596441369,2.4266666666666667,0.46127450980392154,0.32,0.4,0.22007782101167317,0.06666666666666667,0.26666666666666666,0.6666666666666666,0.16459576307825335,185.42,195.58,2.0,11715.2,Krzysztof Jotko
0.6,0.0,0.0,1.4,25.6,55.0,26.2,55.6,0.0,0.2,21.4,49.8,3.8,4.8,0.6,0.6,22.2,50.6,2.4,2.6,1.0,1.8,31.6,251.4,0.4760568842921784,5.81876003552288,0.47986418809948217,6.203181732748537,0.4017616364760139,4.3229963116112815,0.5333333333333334,0.8409378636176781,0.2,0.08352668213457076,0.4245926043373324,4.124628340997947,0.2,0.2594594594594595,0.2857142857142857,0.7593352883675465,0.0,0.0,0.8,0.07382016162503967,175.26,185.42000000000002,3.0,9804.2,Randy Costa
0.0,0.0,0.25,1.5,5.5,16.5,6.0,16.5,0.0,0.0,3.25,13.5,0.5,1.25,1.25,1.75,4.25,15.25,0.0,0.0,0.75,1.25,3.25,317.75,0.2880728753270424,2.8327874892958302,0.3090929840995056,3.000166875260742,0.22203570423384666,2.3544000312891114,0.125,0.12765957446808512,0.17857142857142858,0.3191489361702128,0.23087121212121212,2.751208541927409,0.0,0.0,0.15,0.05,0.0,0.0,-0.25,0.003611111111111111,177.8,187.96,1.0,11969.5,Alen Amedovski
0.0,0.0,0.0,1.0,17.0,35.5,17.0,35.5,0.0,0.0,8.0,22.5,4.0,8.0,5.0,5.0,17.0,35.5,0.0,0.0,0.0,0.0,0.0,192.0,0.4939516129032258,5.642484857022115,0.4939516129032258,5.642484857022115,0.3714574898785425,2.658966051556557,0.5333333333333333,1.2982110156360052,1.0,1.4573508005822418,0.4939516129032258,5.298398835516739,0.0,0.0,0.0,0.0,0.0,0.0,1.0,0.0,187.96,187.96,3.0,10668.5,Cameron VanCamp
0.5,0.5,0.0,3.0,54.5,122.0,68.0,136.5,1.0,5.0,37.5,100.5,7.5,13.0,6.5,8.5,33.5,93.5,8.5,11.5,12.5,17.0,134.5,833.5,0.37187020950434335,4.205562798783138,0.4709821428571428,5.198044328552803,0.3071371291098637,3.13928726640591,0.5857142857142856,0.5693611473272491,0.6730769230769231,0.49691438504997826,0.31495495495495496,2.56857887874837,0.8636363636363636,0.659148196436332,0.36764705882352944,0.9778357235984355,0.07244676227727076,0.5555555555555556,0.0,0.15455019556714472,175.26,180.34,1.0,9550.5,Louis Cosce
0.0,0.0,0.0,3.0,60.666666666666664,131.33333333333334,78.0,143.0,2.0,6.666666666666667,31.0,81.0,14.0,21.666666666666668,18.0,23.0,53.0,117.66666666666667,8.0,12.333333333333334,1.0,1.3333333333333333,159.66666666666666,900.0,0.4971604094411111,4.488888888888888,0.5385752636680413,5.2,0.35030593797802806,2.066666666666667,0.6394908840729273,1.0666666666666667,0.7955416231278302,1.2,0.4833689839572193,3.866666666666667,0.5963804713804713,0.5333333333333333,0.25,0.06666666666666667,0.13333333333333333,0.3148148148148148,1.0,0.17740740740740743,180.34,182.88,1.0,10373.333333333334,Darian Weeks
0.2,0.2,0.2,4.0,84.6,183.0,126.6,227.6,0.4,2.0,56.4,147.6,18.4,26.4,7.6,10.4,65.6,156.4,12.2,16.2,4.0,6.2,173.0,900.0,0.4798328645261688,5.1599303482587064,0.5883944623063433,8.053263681592039,0.4154536736811936,3.6219976993644494,0.6866421718718105,1.136407960199005,0.7569444444444444,0.39674626865671636,0.42300396357556497,3.460208955223881,0.7611874236874236,0.9690547263681593,0.18793103448275864,0.27466666666666667,0.021333333333333333,0.22857142857142856,0.1,0.15106666666666668,182.88,193.04,2.0,12695.0,Nate Diaz
0.0,0.0,0.0,3.0,45.0,78.0,63.0,96.0,1.0,2.0,10.0,38.0,17.0,21.0,18.0,19.0,37.0,67.0,6.0,8.0,2.0,3.0,162.0,900.0,0.5769230769230769,3.0,0.65625,4.2,0.2631578947368421,0.6666666666666666,0.8095238095238095,1.1333333333333333,0.9473684210526315,1.2,0.5522388059701493,2.466666666666667,0.75,0.4,0.6666666666666666,0.13333333333333333,0.06666666666666667,0.5,1.0,0.18,162.56,167.64000000000001,2.0,9154.0,Melissa Martinez
0.0,0.0,0.0,3.0,20.0,95.0,44.0,120.0,0.0,0.0,12.0,80.0,7.0,13.0,1.0,2.0,18.0,92.0,2.0,2.0,0.0,1.0,0.0,900.0,0.21052631578947367,1.3333333333333333,0.36666666666666664,2.933333333333333,0.15,0.8,0.5384615384615384,0.4666666666666667,0.5,0.06666666666666667,0.1956521739130435,1.2,1.0,0.13333333333333333,0.0,0.0,0.0,0.0,-1.0,0.0,180.34,177.8,1.0,13508.0,Danyelle Wolf
0.25,0.0,0.0,2.25,37.0,76.25,51.25,91.75,0.0,0.25,23.25,59.25,3.75,5.5,10.0,11.5,25.0,56.75,2.75,4.75,7.0,11.0,24.5,503.0,0.48110513436143687,4.764525966354251,0.5514559526114077,6.379780116811698,0.36551088989407876,2.9613299970985825,0.65,0.43867901493335604,0.881628787878788,1.05919469290459,0.44586667238286026,3.2255083744891007,0.6194444444444445,0.2883312395986625,0.29901960784313725,0.9205761834466415,0.0,0.0,0.5,0.051757019656823944,175.26,190.5,1.0,13004.25,Chris Barnett
0.2,0.0,0.0,2.2,28.6,85.2,29.8,86.8,0.0,1.6,20.0,71.6,4.6,8.8,3.8,4.8,26.0,81.4,1.6,2.6,0.6,0.6,21.2,533.8,0.3974853257178894,3.6830096800236602,0.40242488531742193,3.7680918922807605,0.26084467148236057,1.9750420173403285,0.509090909090909,1.0757041264664582,0.671111111111111,0.426900394075282,0.3761475922451532,3.2990118542321127,0.4,0.11127055306427505,0.2,0.2727272727272727,0.0,0.0,1.0,0.029605834126013496,182.88,187.96,1.0,11398.6,Alessio Di Chirico
0.2,0.0,0.6,2.2,25.0,83.0,40.8,101.0,0.0,0.4,16.6,67.2,4.2,8.4,4.2,6.0,21.6,76.2,2.0,4.4,1.4,2.4,24.8,592.6,0.40483521505176057,3.5825641025641026,0.4906742418364973,5.142564102564103,0.34517858485600417,2.5295805543204386,0.496,0.3282051282051282,0.4261904761904762,0.27999999999999997,0.37547333443417646,2.6625641025641027,0.24727272727272726,0.13333333333333336,0.36,0.5460019550342131,0.0,0.0,0.6,0.043111111111111114,165.1,175.26,1.0,10393.8,Khalid Taha
0.0,0.3333333333333333,0.0,1.0,3.0,7.0,3.6666666666666665,7.666666666666667,0.0,0.3333333333333333,1.3333333333333333,4.666666666666667,0.3333333333333333,0.3333333333333333,1.6666666666666667,2.0,3.0,6.333333333333333,0.0,0.0,0.0,0.0,0.0,83.0,0.46296296296296297,2.3166668982092498,0.46296296296296297,2.3166668982092498,0.21754385964912282,0.7843677884133005,0.3333333333333333,0.1769911504424779,0.8888888888888888,1.377530181575694,0.46296296296296297,2.3166668982092498,0.0,0.0,0.0,0.0,0.0,0.0,1.0,0.0,187.96,190.5,1.0,12027.666666666666,Harry Hunsucker
0.0,0.25,0.25,2.0,18.25,29.75,27.5,40.0,1.5,2.0,7.5,16.5,4.75,6.75,6.25,7.5,13.5,23.0,2.0,2.25,2.75,4.25,170.5,538.0,0.6476111662804811,2.5137282425603593,0.7301587301587302,3.2446284858693617,0.4072055137844611,0.5761557177615572,0.7840909090909091,0.6446191278308067,0.875,1.0070559610705596,0.5819515306122449,2.1970615758936924,0.45,0.13333333333333333,0.3263888888888889,0.18333333333333335,0.1,0.41666666666666663,0.25,0.18944444444444444,167.64000000000001,172.72,2.0,11717.0,Francisco Figueiredo
0.0,0.2,0.2,2.4,53.8,131.2,68.2,146.6,0.4,1.6,30.2,97.0,12.6,19.6,11.8,17.0,46.4,121.4,7.0,9.4,1.4,2.8,94.0,696.8,0.4617238494857441,4.713529411764706,0.5104353049814506,5.852549019607843,0.33467387313541164,2.367745098039216,0.580600367237196,1.0047385620915033,0.7284989648033127,1.1888235294117646,0.4297723919506877,3.901960784313726,0.835,0.718235294117647,0.22424242424242422,0.09333333333333334,0.026666666666666665,0.3,1.0,0.14963725490196075,172.72,167.64000000000001,1.0,9161.8,Wu Yanan
0.4,0.0,0.0,2.4,37.0,68.6,61.6,98.0,0.4,1.4,23.4,51.0,9.2,12.6,4.4,5.0,24.8,53.0,7.0,8.8,5.2,6.8,58.2,643.4,0.5681374272673196,4.1028784120090265,0.6435256327894129,6.179436500757388,0.4807031124012256,2.2568193207801803,0.7031140350877193,1.1067556544308492,0.9266666666666665,0.4783229206763808,0.5092543830585564,2.780958985641438,0.7057971014492754,0.6000296625880608,0.3055555555555555,0.5646194225721786,0.02668149796069707,0.2,0.6,0.08438976252575656,182.88,190.5,1.0,13719.2,Leonardo Santos
0.0,0.0,0.2,2.2,37.0,69.4,40.8,74.0,0.6,2.8,19.0,46.4,11.4,14.8,6.6,8.2,27.6,56.8,2.4,3.2,5.4,7.8,95.0,553.6,0.5238757731636989,4.085273160613657,0.5410616628930759,4.475682210761964,0.38672225362728463,2.0139160527660307,0.7515213675213676,1.337350929285064,0.7847593582887701,0.7340061785625623,0.47931028844925977,3.0077136135835363,0.8857142857142858,0.31560236048577883,0.34782608695652173,0.7192156862745099,0.05737003058103975,0.13,0.9,0.19517047971610985,190.5,195.58,2.0,12386.4,Luke Rockhold
0.2,0.4,0.0,1.8,14.0,30.8,27.8,47.6,2.2,4.6,10.4,25.8,2.4,4.0,1.0,1.0,8.4,22.4,1.2,2.2,4.0,5.8,211.0,392.2,0.47647800541623947,3.101204040116329,0.5820012263986895,5.341589904348526,0.4172284992003302,2.2780851896571717,0.6,0.28283436424575154,0.6,0.45686359617394096,0.4108400175990795,2.092653510616622,0.12,0.08,0.4696969696969696,0.5004999598103046,0.3212722412722413,0.43650793650793646,1.0,0.3856910761265634,177.8,177.8,1.0,12715.8,Jason Witt
0.0,0.0,0.0,3.4,80.0,191.2,89.6,211.8,1.0,7.2,49.0,150.8,14.0,23.0,15.4,18.0,74.8,179.4,1.8,2.4,0.6,0.8,39.8,839.6,0.3791594571001691,4.990816808197044,0.3989835857077502,5.512724876342335,0.28746568936133793,3.1232161377956524,0.6242123094297007,0.9110179200141048,0.8805555555555555,0.9565827503872869,0.3729898306857556,4.822634170045013,0.5666666666666667,0.13170562111570874,0.4,0.03647701703632272,0.0631436837029894,0.12380952380952381,0.95,0.04222505089467481,172.72,172.72,1.0,12908.8,Dominick Cruz
0.6666666666666666,0.0,0.0,1.3333333333333333,10.333333333333334,25.333333333333332,15.333333333333334,32.0,0.0,0.0,8.666666666666666,22.0,1.3333333333333333,2.3333333333333335,0.3333333333333333,0.3333333333333333,9.0,21.333333333333332,1.0,1.3333333333333333,0.3333333333333333,1.6666666666666667,2.6666666666666665,261.0,0.494319749419803,2.6579326299808677,0.5834224598930481,3.7145905440754827,0.46439393939393936,2.18844906190575,0.2222222222222222,0.37558685446009393,0.3333333333333333,0.09389671361502348,0.44977324263038554,2.4180505149059903,0.5,0.1912203145882595,0.06666666666666667,0.04866180048661801,0.0,0.0,-1.0,0.006488240064882401,187.96,187.96,3.0,11043.333333333334,Charlie Ontiveros
0.0,0.0,0.0,2.6,47.2,113.6,57.0,124.2,0.0,0.2,26.4,84.4,6.2,11.6,12.6,16.8,42.0,107.4,2.2,3.4,1.8,2.4,6.6,777.6,0.44394813591789883,3.2600000000000002,0.48560464687150234,4.040000000000001,0.3294049549024337,1.8166666666666669,0.6131623931623932,0.4416666666666667,0.7821428571428571,0.9883333333333333,0.4309649093585727,2.993333333333333,0.4766666666666667,0.14666666666666667,0.3142857142857143,0.12,0.0,0.0,-1.0,0.007333333333333333,165.1,165.1,1.0,12507.4,Nina Nunes
0.0,0.0,0.25,2.25,27.75,59.0,45.75,78.25,0.0,0.0,14.0,39.5,4.75,6.0,9.0,11.25,19.25,47.25,7.5,10.75,1.0,1.0,53.0,596.5,0.48899629781982723,2.37291504527542,0.5577160493827161,3.6951790633608814,0.348519536019536,1.1100383615251923,0.6416666666666666,0.3659779614325069,0.7875000000000001,0.8997276062706148,0.4285523504273504,1.7569370838429135,0.617948717948718,0.5493112947658403,0.25,0.06666666666666667,0.0,0.0,-0.25,0.06600331690323537,170.18,172.72,1.0,10400.0,Miranda Granger
0.0,0.0,0.0,2.2,36.2,75.2,54.8,94.2,0.0,0.2,27.4,64.0,4.0,5.8,4.8,5.4,31.8,70.0,4.4,5.2,0.0,0.0,31.0,554.6,0.4301459206118395,3.4617672265114647,0.48173037243703415,4.688433893178131,0.35927579365079365,2.518418411838686,0.7717948717948717,0.5351226831984586,0.72,0.40822613147432063,0.41443078198397354,3.1536641820149782,0.5571428571428572,0.3081030444964871,0.0,0.0,0.0,0.0,0.6,0.03737551210597342,187.96,190.5,2.0,12875.6,Sam Alvey
0.4,0.0,0.0,4.0,49.2,99.6,64.6,116.2,1.0,2.6,19.8,56.0,13.6,21.4,14.4,19.0,37.6,85.2,5.0,5.4,6.0,8.6,89.8,861.8,0.5095629308305143,2.7674811702379403,0.5598956968108343,3.823669382418159,0.3469967887453169,1.2801882408094558,0.5392565767565768,0.7110967332699017,0.8039952996474735,0.7761961961585826,0.44790841160838796,1.9358053712921222,0.7644444444444444,0.3020082461148113,0.47833333333333333,0.5296675528310065,0.06850618458610848,0.06,1.0,0.0916339023841444,187.96,193.04,1.0,13706.0,Thiago Santos
0.0,0.0,0.0,3.0,65.0,131.0,97.0,166.0,2.5,7.0,40.5,101.5,21.5,26.5,3.0,3.0,45.0,102.5,15.0,22.5,4.5,6.0,339.0,900.0,0.48183196845617227,4.333333333333333,0.5802606661468197,6.466666666666667,0.3586466165413534,2.6999999999999997,0.8255131964809383,1.4333333333333333,1.0,0.2,0.4053846153846154,3.0,0.6666666666666667,1.0333333333333332,0.611111111111111,0.3,0.23166023166023167,0.2857142857142857,1.0,0.3766666666666667,177.8,187.96,1.0,9813.5,Mason Jones
0.0,0.0,0.2,2.4,37.4,81.4,52.0,96.2,1.0,1.6,27.8,67.4,3.8,6.4,3.6,3.6,27.0,66.4,4.2,6.2,6.2,9.6,75.4,638.2,0.427220247580138,3.9567138348773283,0.5231431148555143,4.751876208897486,0.3714866068826551,2.930257040954372,0.38809523809523816,0.3435460992907801,1.0,0.5595357833655706,0.38917874396135266,2.7104577691811733,0.4884057971014493,0.3100709219858156,0.23684210526315788,0.7725490196078433,0.09673758865248228,0.4666666666666666,-0.1333333333333333,0.11860992907801418,175.26,177.8,1.0,12403.6,Damir Hadzovic
0.0,1.0,0.0,2.6,29.4,73.2,52.0,99.0,2.2,7.6,15.4,49.8,6.2,13.2,7.8,9.0,22.6,64.8,0.8,1.4,6.0,7.0,212.0,722.4,0.48624165554072096,3.5050207870056034,0.6331147430723701,5.54148833113166,0.3558774558774559,2.1792058338168783,0.6311627906976744,0.7388008693058337,0.9242857142857144,0.665803042570418,0.46083872513779056,2.0470606951605803,0.5,0.119938069061519,0.31893939393939397,0.8168466858341752,0.21830883084047104,0.44000000000000006,0.9400000000000001,0.3409339924148805,180.34,180.34,2.0,13609.6,Claudio Silva
0.0,1.2,0.6,3.0,39.4,113.6,79.0,158.4,1.2,3.0,20.2,87.0,7.8,13.2,11.4,13.4,33.2,104.2,2.4,3.8,3.8,5.6,101.8,900.0,0.4012640283067782,2.626666666666667,0.544516803041869,5.266666666666667,0.28996835465875714,1.3466666666666665,0.6308045977011494,0.5199999999999999,0.8056277056277057,0.76,0.3568506497826994,2.2133333333333334,0.3583333333333333,0.16,0.763888888888889,0.2533333333333333,0.08,0.37777777777777777,0.17777777777777776,0.11311111111111112,175.26,175.26,3.0,12839.8,Charles Rosa
0.4,0.0,0.0,2.8,41.4,97.8,44.8,101.4,0.4,1.2,24.2,69.6,5.2,11.6,7.6,9.8,35.0,88.8,2.0,3.6,4.4,5.4,45.4,548.0,0.47425347958582326,3.876514122057793,0.48128362723573676,4.265280384005133,0.41699076534768303,2.6600416920288104,0.5536796536796537,0.6005068218553601,0.44901960784313727,0.5849637178144548,0.41371315192743763,3.0545444803613386,0.3,0.1161598383863118,0.4958333333333333,0.6384784250110226,0.020813346801085576,0.13333333333333333,0.6,0.07094511335730518,193.04,200.66,1.0,11961.0,Alexander Gustafsson
0.4,0.0,0.0,2.4,40.8,113.4,45.0,118.8,0.6,0.6,28.6,96.6,6.2,9.4,6.0,7.4,34.8,101.2,1.4,1.6,4.6,7.2,21.8,679.8,0.3780359846551797,4.361441441441441,0.39528431862500124,5.176216216216216,0.3180681368426967,3.111978336718221,0.773202614379085,0.5947747747747748,0.815897435897436,0.6265765765765765,0.38676759553522977,3.5449549549549553,0.7333333333333333,0.1099099099099099,0.5106060606060605,0.5892451982774564,0.04828828828828828,0.6,0.8,0.08881831831831832,185.42,193.04,3.0,13511.8,Dwight Grant
0.2,0.6,0.0,3.0,86.0,173.4,113.8,203.4,0.4,1.4,51.0,129.0,20.8,30.2,16.4,19.2,64.4,147.4,11.0,14.2,5.6,8.0,149.0,849.6,0.5658005376344085,7.027830529571169,0.6034562913224784,8.915714673470495,0.44326559594811166,4.145204117405622,0.7341251928461231,1.6438132807363577,0.8847943722943723,1.3208899263521705,0.5093486594865435,5.083600600763622,0.69234360410831,0.8597553516819572,0.5700000000000001,0.7285015290519878,0.026666666666666665,0.05714285714285714,0.8,0.16728206937734108,180.34,190.5,1.0,10957.6,Shane Burgos
0.0,0.2,0.0,2.0,15.8,38.8,19.0,42.2,0.2,1.2,6.2,25.4,2.6,5.2,6.0,7.4,15.2,38.2,0.6,0.6,0.0,0.0,19.6,491.4,0.4253839727523938,1.8182292607150299,0.49920811511720603,2.4178943120080443,0.3188111888111888,0.802567392788875,0.3533333333333334,0.3292972833547476,0.7288888888888889,0.6863645845714071,0.42027399416415434,1.7527687283817273,0.4,0.06546053233330285,0.0,0.0,0.01426872770511296,0.06666666666666667,0.6666666666666666,0.03432809928484504,185.42,187.96,2.0,11143.2,Karl Roberson
1.0,0.0,0.3333333333333333,3.0,46.0,78.66666666666667,60.333333333333336,94.66666666666667,3.0,6.0,30.333333333333332,56.333333333333336,8.0,13.333333333333334,7.666666666666667,9.0,21.333333333333332,42.333333333333336,2.0,2.6666666666666665,12.333333333333334,18.0,305.3333333333333,852.6666666666666,0.5506282335550629,3.387217824684843,0.5941495201331586,4.6024039871005575,0.4949775250670318,2.24286133098798,0.560428849902534,0.591615362063911,0.8927738927738927,0.5527411316329522,0.4957298136645963,1.5138082673702726,0.5714285714285715,0.1541483435942539,0.4269162210338681,1.2211143695014661,0.2888888888888889,0.7486772486772487,1.0,0.3888370956708688,172.72,172.72,3.0,10768.333333333334,Ronnie Lawrence
0.0,0.0,0.0,2.4,36.4,68.4,61.2,100.2,0.2,1.0,23.4,51.6,8.2,11.2,4.8,5.6,24.4,52.6,5.2,6.0,6.8,9.6,175.8,710.4,0.5481634482155984,3.1673540157173323,0.6165789881908792,5.4573393993902926,0.4582631797426318,2.121177679815977,0.8264957264957266,0.6894752368965913,0.7555555555555555,0.3567010990047639,0.498849484156227,1.962223644749488,0.8044444444444444,0.4970843119402214,0.29333333333333333,0.7080460590276229,0.02094240837696335,0.06666666666666667,-0.2,0.2778188660338362,172.72,170.18,2.0,13332.0,Antonina Shevchenko
0.0,0.4,0.0,2.6,41.0,100.4,91.2,156.4,0.4,1.2,26.6,77.4,5.2,9.6,9.2,13.2,36.2,93.0,3.6,5.4,1.2,2.0,38.0,758.4,0.4223650278421556,2.9947031963470314,0.623601494069272,6.881278538812785,0.3694105137291305,1.9480669710806695,0.6364761904761904,0.3896194824961948,0.6737037037037037,0.6570167427701674,0.3641079691809093,2.505083713850837,0.7676470588235295,0.28295281582952814,0.36666666666666664,0.20666666666666664,0.026666666666666665,0.08,1.0,0.042222222222222223,170.18,170.18,1.0,12398.2,Cortney Casey
0.6,0.0,0.4,3.2,41.6,90.8,50.4,103.0,0.0,0.0,27.0,73.8,8.0,10.6,5.4,5.6,32.2,77.0,0.4,0.4,5.8,10.0,11.6,733.6,0.3736815180472363,2.363188301413216,0.4478122287960705,2.8932357723577242,0.3077484314016106,1.4974080996884738,0.4166666666666667,0.42595121951219517,0.3894736842105263,0.2537560975609756,0.32193524199508083,1.7701138211382115,0.4,0.021333333333333333,0.32107843137254904,0.3695934959349594,0.0,0.0,1.0,0.012604336043360434,182.88,200.66,1.0,13369.8,Uriah Hall
0.0,0.0,0.2,1.6,23.8,54.8,24.8,55.8,0.4,2.0,12.2,40.8,7.6,9.4,3.8,4.4,22.8,53.0,0.8,1.2,0.0,0.0,38.4,379.6,0.41184485314920094,3.0940560704085796,0.42965620404644794,3.3368201233981964,0.282695052849515,1.5664388546116121,0.646969696969697,1.0382914095870905,0.7057142857142857,0.39739598164847334,0.39207976897052527,2.938021331154026,0.32,0.08285714285714285,0.0,0.0,0.026666666666666665,0.05,0.8,0.06784126984126984,185.42,185.42000000000002,1.0,13527.6,Donald Cerrone
0.0,0.0,0.0,3.4,75.6,176.6,90.8,205.2,0.8,2.4,43.4,132.2,19.4,26.0,10.0,12.6,61.0,156.0,8.8,12.0,1.0,1.0,172.2,900.0,0.4243843349628561,4.693333333333333,0.47003887088249785,5.680000000000001,0.3185770866166665,2.5786666666666664,0.778896007519913,1.3511111111111114,0.7096273291925466,0.7413333333333333,0.368196878368129,3.885333333333333,0.5534210526315789,0.7013333333333334,0.6,0.06666666666666667,0.05333333333333333,0.2333333333333333,1.0,0.19133333333333333,167.64000000000001,167.64000000000001,1.0,12611.6,Jessica Eye
0.3333333333333333,0.0,0.0,2.0,35.666666666666664,64.66666666666667,40.666666666666664,69.66666666666667,0.0,0.0,26.0,54.333333333333336,6.333333333333333,6.666666666666667,3.3333333333333335,3.6666666666666665,25.333333333333332,53.333333333333336,5.333333333333333,5.666666666666667,5.0,5.666666666666667,42.333333333333336,493.0,0.4724506749740394,3.8785945580203958,0.5266308984202358,4.722236721279784,0.3779059983171054,2.5710405490309793,0.6296296296296297,0.5750229568411386,0.8333333333333334,0.7325310521482771,0.41147040235938487,2.693103281620028,0.6111111111111112,0.5656565656565656,0.29411764705882354,0.6198347107438017,0.0,0.0,-1.0,0.0798255280073462,190.5,200.66,1.0,12313.333333333334,Alan Baudot
0.2,0.0,0.0,2.4,46.2,110.6,53.8,120.0,0.6,2.4,27.4,83.4,11.8,18.2,7.0,9.0,42.0,104.8,3.4,4.4,0.8,1.4,75.2,712.8,0.3958524425520761,3.7948205015719823,0.42889280284494635,4.396195072018718,0.29194381490407645,2.1255187541127443,0.6291149710504549,0.9471784748117276,0.6484210526315789,0.7221232726475104,0.37907258868330895,3.4492534912627035,0.6177777777777778,0.28494845360824744,0.32,0.06061855670103093,0.04,0.11666666666666665,0.8666666666666668,0.09666895761741123,172.72,175.26,1.0,9326.6,Raulian Paiva
0.0,1.0,0.0,2.25,55.75,125.25,85.75,155.5,0.0,0.25,28.0,79.25,14.75,23.25,9.5,12.0,36.0,95.25,10.0,14.75,4.75,6.75,81.0,646.0,0.4421907216485961,5.710043668122271,0.5480453789791269,7.892212518195051,0.3409126584050731,2.7220622369093985,0.5680630227001195,1.4763464337700145,0.7321428571428572,0.8656890514969118,0.37166015760287174,3.656440064518667,0.5313852813852814,0.9,0.16911764705882354,0.6158357771260997,0.0,0.0,-1.0,0.12719842112855212,175.26,177.8,3.0,12562.75,Tony Kelley
0.4,0.0,0.0,1.6,29.2,86.8,29.4,87.6,0.2,0.6,17.0,64.8,9.8,16.8,2.4,3.6,28.0,84.4,0.2,0.6,1.0,1.8,7.0,390.6,0.39052387551093337,3.9023088136051265,0.3989464018172152,3.9023088136051265,0.30849267872523684,2.229641829486412,0.6109719737626714,1.3499144934030787,0.48,0.2970095416336748,0.4018615515853085,3.7540634709944727,0.2,0.013333333333333332,0.22666666666666666,0.12402524174004848,0.04225352112676056,0.2,1.0,0.015457707821793527,170.18,175.26,1.0,13115.6,Eddie Wineland
0.0,0.0,0.2,2.8,47.8,108.8,72.4,134.2,2.2,5.4,33.2,90.8,9.6,12.8,4.4,4.4,39.0,97.0,7.6,12.0,2.2,2.4,226.8,799.6,0.4599483659550927,4.110071197053479,0.5263416474019029,5.603124348557469,0.3851724622486062,3.0400749823915647,0.8149864628125497,0.789482052045647,1.0,0.34014447435881956,0.40818018841682013,3.1921548682448666,0.674040404040404,0.668609947401675,0.2,0.14666666666666667,0.18903517042671206,0.32999999999999996,0.7,0.2538902531453691,167.64000000000001,177.8,1.0,11369.0,Deron Winn
0.0,0.0,0.0,2.5,55.5,109.0,72.0,128.0,0.75,2.0,39.25,91.75,8.75,10.5,6.5,6.75,47.0,101.25,7.0,7.5,0.0,0.25,94.5,692.0,0.5431380534670008,4.983333333333333,0.5980393864497097,6.666666666666666,0.48314722911497104,3.966666666666667,0.6138888888888888,0.5833333333333334,0.7375,0.43333333333333335,0.5190542155584529,4.516666666666667,0.7236842105263158,0.4666666666666667,0.0,0.0,0.05,0.21666666666666667,0.5833333333333334,0.105,165.1,170.18,1.0,9644.25,Gloria de Paula
0.0,0.0,0.0,2.3333333333333335,30.333333333333332,77.33333333333333,32.333333333333336,79.33333333333333,1.6666666666666667,1.6666666666666667,16.0,59.666666666666664,4.333333333333333,5.666666666666667,10.0,12.0,27.0,72.33333333333333,0.3333333333333333,0.6666666666666666,3.0,4.333333333333333,45.0,624.0,0.3746402073835702,2.788888888888889,0.3851930966670057,2.922222222222222,0.27413738524849635,1.5777777777777777,0.5046296296296297,0.2888888888888889,0.7285714285714285,0.9222222222222222,0.3755522827687776,2.5666666666666664,0.3333333333333333,0.022222222222222223,0.23076923076923075,0.19999999999999998,0.1111111111111111,0.6666666666666666,0.3333333333333333,0.049999999999999996,172.72,170.18,1.0,12495.0,Danny Chavez
0.0,0.8,0.2,2.6,31.8,72.6,57.0,103.0,2.2,7.6,24.4,62.8,5.8,7.4,1.6,2.4,22.8,62.2,7.2,8.4,1.8,2.0,208.8,750.4,0.41633420665110077,2.579298245614035,0.5036748120300751,4.259298245614035,0.3740330235843695,2.020350877192983,0.7187878787878788,0.452280701754386,0.39333333333333337,0.10666666666666666,0.35847638139470245,1.9792982456140347,0.6962148962148962,0.48,0.55,0.12,0.21228070175438596,0.3126984126984127,0.9492063492063492,0.2593391812865497,177.8,193.04,2.0,12327.0,Ramazan Emeev
0.0,0.2,0.0,4.0,77.2,184.8,105.2,204.0,0.6,1.0,33.6,123.6,22.2,30.2,18.6,23.2,62.6,167.4,15.6,20.8,0.0,0.0,109.0,809.6,0.4616085991022915,5.530452380952381,0.5087651275697653,6.626571428571428,0.2807083219671295,2.063714285714286,0.7370419346903109,1.6410714285714285,0.7525795489650913,1.5093333333333334,0.41599343343291284,4.439309523809524,0.8280982905982907,1.0564761904761906,0.0,0.0,0.024,0.12,-0.6,0.08466666666666667,167.64000000000001,165.1,1.0,11817.2,Joanna Jedrzejczyk
0.0,0.0,0.25,2.25,29.25,56.75,39.25,67.25,0.75,2.75,16.0,40.25,7.75,10.0,5.5,6.5,24.75,50.25,3.25,4.75,1.5,1.75,101.5,604.5,0.4627571333775713,2.8081761006289305,0.589244313051583,3.718867924528302,0.38894516698255016,1.4248427672955977,0.625,0.75,0.7222222222222222,0.6333333333333333,0.38736924650057347,2.440106951871658,0.5444444444444445,0.27767295597484276,0.6875,0.13050314465408808,0.1110062893081761,0.3214285714285714,0.375,0.20855263157894738,182.88,193.04,1.0,12049.5,Andreas Michailidis
0.25,0.25,0.25,2.75,28.5,61.5,55.5,95.5,1.75,4.0,18.0,49.5,6.25,7.25,4.25,4.75,21.75,52.75,2.25,3.0,4.5,5.75,349.25,797.5,0.44990481010217853,2.01156462585034,0.5501303687731033,3.839455782312925,0.33593217127699887,1.2418367346938777,0.8125,0.4585034013605442,0.9166666666666666,0.3112244897959184,0.33283016734509274,1.4778911564625852,0.7916666666666666,0.19183673469387755,0.8035714285714286,0.34183673469387754,0.1306122448979592,0.35416666666666663,0.6388888888888888,0.48107530731590886,172.72,185.42000000000002,1.0,9049.5,Alex Da Silva
0.0,0.0,0.0,2.4,54.2,135.2,62.4,149.6,0.4,2.6,31.8,102.6,14.8,20.6,7.0,10.6,41.2,114.8,9.0,12.2,0.4,0.8,111.8,669.0,0.47647549789809834,4.221036856926646,0.5135436539108966,4.974841461680649,0.26724415768899007,2.4635670645683256,0.5768015873015873,1.1902895871842267,0.6871794871794872,0.5775657614104933,0.40850465432797856,3.2822607706526377,0.6884779516358464,0.813086876155268,0.13333333333333333,0.026666666666666665,0.026666666666666665,0.15,1.0,0.12436968576709798,162.56,165.1,1.0,12741.2,Felice Herrig
1.0,0.0,0.0,2.6666666666666665,67.0,143.66666666666666,122.33333333333333,200.66666666666666,0.0,0.3333333333333333,49.666666666666664,122.33333333333333,10.0,11.666666666666666,4.333333333333333,5.333333333333333,47.666666666666664,118.33333333333333,5.0,5.666666666666667,9.666666666666666,13.666666666666666,87.66666666666667,715.3333333333334,0.547536862705402,6.783429672447014,0.6451707736920194,10.555555555555555,0.5049980982265962,5.290815671162492,0.8917748917748919,0.8801541425818883,0.8472222222222222,0.3600513808606294,0.5117088937545615,3.831342324983943,0.5714285714285715,0.3333333333333333,0.9251700680272109,1.243137254901961,0.0,0.0,0.0,0.21956968529222864,167.64000000000001,175.26,1.0,8914.0,Jeff Molina
0.0,0.0,0.0,2.2,25.6,46.0,57.4,85.0,0.6,1.2,10.6,26.4,8.6,12.4,6.4,7.2,18.8,38.2,3.6,4.6,3.2,3.2,153.6,656.6,0.5356338520720405,2.3962146892655367,0.6632082243082892,4.896214689265536,0.3779122103386809,1.0084463276836158,0.7045454545454545,0.7657344632768361,0.924705882352941,0.6220338983050848,0.46903061224489795,1.9145480225988698,0.5314285714285714,0.24000000000000005,0.8,0.24166666666666664,0.04,0.25,-0.2,0.17066666666666666,172.72,170.18,1.0,11536.6,Poliana Botelho
0.0,0.3333333333333333,0.0,2.0,16.0,33.0,22.666666666666668,40.333333333333336,0.3333333333333333,0.3333333333333333,6.666666666666667,19.0,3.3333333333333335,4.666666666666667,6.0,9.333333333333334,13.333333333333334,29.333333333333332,1.6666666666666667,2.3333333333333335,1.0,1.3333333333333333,7.0,453.3333333333333,0.5628205128205128,3.2867146858743497,0.611104826546003,3.9903428037881823,0.4365079365079365,1.6184207016139789,0.8095238095238094,0.9100040016006403,0.7862318840579711,0.7582899826597306,0.5380730380730381,2.964945978391357,0.4444444444444444,0.22630385487528346,0.5555555555555555,0.09546485260770976,0.022222222222222223,0.3333333333333333,-0.3333333333333333,0.007777777777777778,185.42,187.96,3.0,10421.0,Niklas Stolze
0.0,0.25,0.0,2.0,28.75,71.25,29.75,72.25,0.0,1.25,19.0,56.5,4.0,7.75,5.75,7.0,26.75,68.25,1.5,2.0,0.5,1.0,11.75,484.0,0.4112229234180453,4.4254781420765035,0.4155904375165986,4.475478142076503,0.32839671222024164,2.8649248633879782,0.48416289592760187,0.4959016393442623,0.8784722222222222,1.062568306010929,0.4042672655811341,4.237500000000001,0.41666666666666663,0.1,0.125,0.03333333333333333,0.0,0.0,1.0,0.013055555555555556,165.1,165.1,2.0,10519.75,Zarrukh Adashev
0.0,0.0,0.0,1.0,2.0,11.0,11.0,20.0,0.0,0.0,1.0,9.0,1.0,2.0,0.0,0.0,2.0,11.0,0.0,0.0,0.0,0.0,0.0,280.0,0.19130434782608696,0.5263157894736842,0.55,2.357142857142857,0.1111111111111111,0.21428571428571427,0.5,0.21428571428571427,0.0,0.0,0.18181818181818182,0.42857142857142855,0.0,0.0,0.0,0.0,0.0,0.0,-1.0,0.0,190.5,187.96,1.0,10083.0,Askar Mozharov
0.0,0.6,0.6,3.0,34.0,74.2,63.4,110.4,1.6,7.4,21.0,55.2,10.6,16.2,2.0,2.8,27.0,62.6,2.4,4.6,4.6,7.0,229.4,876.0,0.47649535507252316,2.3216734143049935,0.5557191340736104,4.421538461538462,0.3927351457644354,1.4287179487179489,0.7094178717093066,0.7415384615384615,0.7866666666666667,0.13948717948717948,0.4786645092819737,1.8184615384615384,0.54,0.16205128205128205,0.3944444444444445,0.3292307692307692,0.11076923076923076,0.24357142857142855,0.43499999999999994,0.2635726495726496,172.72,175.26,1.0,9779.6,Felipe Colares
0.2,0.0,0.0,1.6,46.0,89.0,48.0,92.8,0.6,1.6,23.4,56.0,17.6,25.4,4.2,4.6,38.6,78.4,4.4,5.2,3.0,5.4,22.6,334.4,0.5339620371970615,7.939552430962662,0.534367481956696,9.008222369908278,0.3805877250488515,3.715031218340644,0.7091514817321269,2.1290874850196886,0.6714285714285715,0.7188599757845111,0.5010991949855879,6.06617701638467,0.8958333333333334,0.9797305356073727,0.2290909090909091,0.38650443653365923,0.08275862068965517,0.15,1.0,0.04887038630444941,175.26,172.72,1.0,10785.4,Louis Smolka
0.0,0.2,0.0,2.8,20.2,47.0,49.2,82.8,2.2,6.8,11.6,34.2,5.8,9.6,2.8,3.2,14.2,38.4,1.6,2.4,4.4,6.2,250.8,804.8,0.4704457574461454,1.678600410162287,0.5766983099645759,3.6312920580451915,0.3913362193362193,0.8675739862932698,0.5141125541125542,0.491927763398959,0.6666666666666667,0.2513581683000358,0.41293022956308967,1.185922199280736,0.43,0.13160438537819524,0.4811594202898551,0.29333333333333333,0.1726640926640927,0.2783333333333333,0.7766666666666666,0.32770778241454296,180.34,187.96,2.0,12923.6,Alan Patrick
0.0,0.0,0.0,1.4,29.2,62.6,34.0,67.6,0.0,1.4,18.8,47.2,7.6,10.6,1.8,2.2,25.6,59.0,2.4,3.6,0.0,0.0,5.0,275.2,0.4104475922594159,4.869973056979955,0.44382655223564316,6.016739240288106,0.31911384421318195,3.4733365335486526,0.670516717325228,1.0259792673538675,0.49333333333333335,0.36614729241473853,0.3857287948856824,4.233007186878153,0.62,0.41790546741723844,0.0,0.0,0.0,0.0,0.8,0.019270695374679937,177.8,185.42000000000002,1.0,11239.8,Frank Camacho
0.0,0.25,0.75,2.75,35.25,86.5,68.25,125.75,1.0,2.25,24.75,72.25,4.5,7.75,6.0,6.5,25.0,70.0,6.5,11.5,3.75,4.5,154.5,695.25,0.4702391058290889,3.332537916674438,0.589868828081255,6.339341616157259,0.4055127402577974,2.3970975055983406,0.5192307692307692,0.3695225153325712,0.9782608695652174,0.5145756138643313,0.38713286713286715,2.1298251448311922,0.61875,0.6154598370430888,0.453125,0.5359106529209622,0.09652509652509653,0.17857142857142858,0.25,0.25020575676424317,162.56,165.1,1.0,10378.0,Ariane Carnelossi
0.2,0.2,0.0,1.8,33.8,65.4,53.4,90.6,2.0,5.2,19.4,48.0,10.0,12.2,4.4,4.8,23.4,50.0,5.0,7.2,5.4,7.8,179.8,421.8,0.5500167958656331,5.4918309338484645,0.607037037037037,7.957240145542943,0.43647058823529417,3.2926895608327023,0.6560245310245311,1.233111044756312,0.7133333333333333,0.6078107136262254,0.4773681362497152,3.9810997170370435,0.7984126984126985,0.864010256858257,0.32,0.43685876381009264,0.19832228530937268,0.24555555555555558,1.0,0.26729512067214845,167.64000000000001,172.72,2.0,11765.2,Gina Mazany
0.0,0.3333333333333333,0.0,3.0,49.666666666666664,97.33333333333333,108.33333333333333,168.33333333333334,0.3333333333333333,2.3333333333333335,36.333333333333336,81.0,7.333333333333333,10.333333333333334,6.0,6.0,26.333333333333332,66.66666666666667,12.333333333333334,17.666666666666668,7.666666666666667,10.666666666666666,160.33333333333334,900.0,0.4853675213675214,3.3111111111111113,0.6823554187098492,7.644444444444445,0.40834483816536277,2.422222222222222,0.7628205128205128,0.48888888888888893,1.0,0.4000000000000001,0.3800118719982732,1.7555555555555555,0.7148148148148148,0.8666666666666666,0.7647058823529411,0.688888888888889,0.022222222222222223,0.3333333333333333,-0.7777777777777777,0.17814814814814817,177.80000000000004,172.72,1.0,12844.666666666666,Tristan Connelly
0.2,0.0,0.0,1.4,15.2,37.0,18.4,40.4,0.2,0.4,11.8,32.8,3.0,3.6,0.4,0.6,12.6,32.8,2.2,3.6,0.6,1.4,12.6,231.8,0.42338443797992503,4.15833680226101,0.44811137329275647,5.699214681443975,0.3651873149306766,3.124623592255379,0.9333333333333332,0.9593273787353971,0.3,0.07438583127023424,0.3080952380952381,3.039304823004312,0.28888888888888886,0.521498127340824,0.08571428571428572,0.10112359550561797,0.033707865168539325,0.2,1.0,0.13028151623657241,185.42,185.42000000000002,1.0,13450.6,Ike Villanueva
0.0,0.0,0.0,1.5,8.5,21.0,13.5,28.0,0.0,0.0,4.5,15.0,3.0,4.5,1.0,1.5,7.5,19.5,0.0,0.0,1.0,1.5,8.0,256.0,0.43333333333333335,2.030730897009967,0.501788908765653,2.994186046511628,0.35,1.2416943521594686,0.375,0.5232558139534884,0.75,0.26578073089701,0.40584415584415584,1.764950166112957,0.0,0.0,0.75,0.26578073089701,0.0,0.0,-0.5,0.04305094130675526,175.26,180.34,3.0,12496.5,Cameron Else
1.0,0.0,0.0,2.6666666666666665,44.666666666666664,108.33333333333333,80.33333333333333,165.0,0.6666666666666666,2.3333333333333335,25.666666666666668,80.66666666666667,8.0,15.0,11.0,12.666666666666666,41.666666666666664,103.33333333333333,2.3333333333333335,3.3333333333333335,0.6666666666666666,1.6666666666666667,38.666666666666664,785.0,0.4282935473965872,3.6546546546546548,0.5297836644591613,6.765765765765766,0.3282457603558521,2.194594594594595,0.4246913580246914,0.7129129129129129,0.9101010101010102,0.7471471471471473,0.4170417812515077,3.4270270270270267,0.5416666666666666,0.15555555555555556,0.13333333333333333,0.07207207207207207,0.058258258258258255,0.3888888888888889,-0.7777777777777777,0.05401401401401401,185.42,187.96,1.0,10280.0,Sergey Khandozhko
0.0,0.0,0.5,2.0,8.5,18.5,12.5,23.0,0.5,2.5,5.0,13.5,1.0,2.0,2.0,2.5,6.5,13.5,0.0,1.0,1.5,3.0,135.0,484.0,0.33758765778401123,0.763157894736842,0.3999374609130707,1.2666666666666666,0.2219679633867277,0.3333333333333333,0.3333333333333333,0.06666666666666667,0.4,0.13333333333333333,0.3088235294117647,0.4802139037433155,0.0,0.0,0.25,0.1,0.03333333333333333,0.125,0.25,0.3583760683760684,167.64000000000001,167.64000000000001,1.0,8869.5,TJ Laramie
0.0,0.0,0.5,2.5,29.5,71.5,47.5,93.0,0.0,0.0,10.5,46.0,5.0,10.0,14.0,15.5,25.0,66.0,3.5,4.5,1.0,1.0,7.0,604.0,0.4320802005012531,3.0273359073359076,0.5344202898550725,4.81966537966538,0.21014492753623187,0.9432175032175032,0.59375,0.5102702702702703,0.925,1.5161904761904763,0.3895558223289316,2.4955469755469757,0.8,0.46321750321750327,0.5,0.06857142857142857,0.0,0.0,-2.0,0.0173007293007293,182.88,180.34,3.0,11051.0,Brandon Jenkins
0.0,0.0,0.3333333333333333,2.3333333333333335,26.0,79.0,37.333333333333336,95.0,0.3333333333333333,4.0,15.666666666666666,63.333333333333336,4.333333333333333,8.0,6.333333333333333,7.666666666666667,24.666666666666668,75.33333333333333,1.3333333333333333,3.6666666666666665,0.0,0.0,166.33333333333334,622.6666666666666,0.283285808076354,2.539952718676123,0.3422482268584459,3.273286052009457,0.17840781838542197,1.0444444444444445,0.45138888888888884,0.6921985815602838,0.9215686274509803,0.8255319148936171,0.2720841959972395,2.451063829787234,0.24444444444444446,0.08888888888888889,0.0,0.0,0.022222222222222223,0.020833333333333332,-0.3541666666666667,0.18481481481481485,180.34,185.42,1.0,12526.0,Kevin Croom
0.2,0.6,0.2,3.0,43.2,97.2,72.2,130.4,1.4,3.2,32.6,82.6,7.4,10.8,3.0,3.4,25.6,72.8,7.4,10.4,10.0,13.6,258.2,680.2,0.40049910485933504,3.0469250852249106,0.4962502023121059,5.006041074249605,0.3342059188338949,2.248960505529226,0.5874183006535947,0.5220347551342812,0.525,0.184,0.311269809858342,1.7472324809286057,0.5266666666666666,0.461914691943128,0.42715301003344486,0.7646003159557662,0.10458135860979463,0.3833333333333333,1.0,0.26986329647182733,167.64000000000001,167.64000000000001,1.0,9283.6,Aspen Ladd
0.0,0.75,0.0,3.0,43.25,85.75,59.0,104.0,1.75,7.75,29.0,67.0,10.75,13.75,3.5,5.0,34.0,74.25,5.0,7.0,4.25,4.5,217.5,861.5,0.5027420599202778,2.9899910634495086,0.5699082146826412,4.081277926720286,0.425973526790129,1.9883824843610365,0.7846153846153846,0.757953529937444,0.7000000000000001,0.2436550491510277,0.4435730661881978,2.32171581769437,0.7740384615384616,0.3367739052725648,0.75,0.33150134048257374,0.12354781054512959,0.2436688311688312,0.90625,0.25720658325886203,162.56,165.1,1.0,8818.5,Kay Hansen
0.0,1.0,0.0,2.0,42.0,67.0,54.0,79.0,2.0,3.0,31.0,53.0,8.0,10.0,3.0,4.0,33.0,56.0,1.0,3.0,8.0,8.0,166.0,418.0,0.6268656716417911,6.028708133971292,0.6835443037974683,7.751196172248804,0.5849056603773585,4.44976076555024,0.8,1.1483253588516746,0.75,0.43062200956937796,0.5892857142857143,4.7368421052631575,0.3333333333333333,0.14354066985645933,1.0,1.1483253588516746,0.28708133971291866,0.6666666666666666,1.0,0.39712918660287083,175.26,187.96,2.0,11537.0,Aliaskhab Khizriev
0.0,0.5,0.25,3.0,49.75,90.25,62.0,105.5,2.0,8.75,38.0,76.0,5.0,7.0,6.75,7.25,41.25,78.75,5.0,5.75,3.5,5.75,292.5,900.0,0.5616378066378067,3.3166666666666664,0.5929933671491678,4.133333333333333,0.5186414046849017,2.533333333333333,0.7069444444444444,0.3333333333333333,0.9642857142857143,0.45,0.5330385550177156,2.75,0.8805555555555555,0.33333333333333337,0.47619047619047616,0.23333333333333334,0.15,0.2773809523809524,0.8761904761904762,0.325,167.64000000000001,170.18,1.0,10310.25,Askar Askarov
0.0,0.3333333333333333,0.3333333333333333,3.0,65.66666666666667,138.66666666666666,69.66666666666667,144.0,0.6666666666666666,3.3333333333333335,31.333333333333332,95.66666666666667,15.333333333333334,21.0,16.333333333333332,19.333333333333332,61.0,132.66666666666666,3.6666666666666665,5.0,1.0,1.0,84.33333333333333,900.0,0.4634469696969697,4.377777777777778,0.47503717534464057,4.644444444444444,0.3220117282831236,2.088888888888889,0.7583577712609971,1.0666666666666667,0.8488033488033487,1.222222222222222,0.44630080981209214,4.066666666666666,0.8055555555555555,0.24444444444444446,0.3333333333333333,0.06666666666666667,0.044444444444444446,0.13333333333333333,1.0,0.09370370370370369,180.34,185.42,1.0,11192.0,Luis Saldana
0.0,0.0,0.0,3.0,56.0,140.5,57.5,142.0,0.5,3.0,32.0,102.0,15.0,27.0,9.0,11.5,52.5,135.0,3.5,5.5,0.0,0.0,28.5,900.0,0.4086942293007527,3.7333333333333334,0.4148504273504273,3.833333333333333,0.33091684434968016,2.1333333333333333,0.5541666666666667,1.0,0.7619047619047619,0.6000000000000001,0.3974497126436781,3.5,0.6071428571428572,0.23333333333333334,0.0,0.0,0.03333333333333333,0.25,0.5,0.03166666666666667,177.8,177.8,1.0,9445.0,Bruno Souza
0.0,0.2,0.0,2.6,24.2,50.4,55.0,86.8,2.6,4.8,15.4,38.6,6.4,8.6,2.4,3.2,5.4,25.2,5.2,6.0,11.6,18.6,442.0,739.0,0.48979347724511724,1.9679505626268212,0.6166372897417673,4.741080981368752,0.4148962148962149,1.2948064405618362,0.6798039215686273,0.471883416343848,0.8133333333333332,0.20126070572113738,0.20819490586932443,0.4876190476190477,0.8886363636363637,0.45805412812607055,0.5622764227642276,1.0673613197354204,0.2050259572561731,0.5733333333333334,0.9333333333333333,0.6345029860726803,167.64000000000001,167.64000000000001,1.0,13678.8,Sara McMann
0.0,0.3333333333333333,0.6666666666666666,2.3333333333333335,41.0,75.66666666666667,62.0,101.66666666666667,0.0,0.6666666666666666,23.666666666666668,55.0,10.333333333333334,13.0,6.333333333333333,7.666666666666667,35.0,70.66666666666667,1.0,1.0,3.6666666666666665,4.0,83.66666666666667,676.3333333333334,0.5773904458114983,3.189131489568171,0.6604447032436163,5.175157690441534,0.49855185764276677,1.9033478893740903,0.8398692810457516,0.8635613779718584,0.6031746031746031,0.4222222222222222,0.474194275411314,2.552450266860747,0.6666666666666666,0.19689471130519165,0.9583333333333334,0.4397865114022319,0.0,0.0,0.6666666666666666,0.24214424951267058,172.72,180.34,2.0,12938.0,Kazula Vargas
0.25,0.25,0.0,2.25,22.0,48.0,24.75,53.25,2.25,6.5,15.75,39.0,5.75,8.5,0.0,0.25,16.75,41.75,3.5,4.0,1.25,1.5,101.5,612.5,0.41040795889933823,1.9185244124633871,0.4316845375348842,2.2945017182130583,0.33683563990167764,1.3948357259851623,0.48355263157894735,0.3924398625429554,0.0,0.0,0.3496708535108959,1.33213058419244,0.7045454545454546,0.31529209621993126,0.45,0.11975945017182131,0.2916033117064045,0.47083333333333327,0.9875,0.24969343461747157,170.18,182.88,1.0,12356.75,Mike Grundy
0.0,0.3333333333333333,0.0,3.0,68.0,138.66666666666666,89.0,164.66666666666666,2.0,5.0,32.666666666666664,91.0,15.333333333333334,23.0,18.666666666666668,22.333333333333332,53.333333333333336,120.0,3.6666666666666665,4.333333333333333,8.666666666666666,12.666666666666666,242.66666666666666,900.0,0.5363157894736842,4.533333333333333,0.553648735391195,5.933333333333334,0.41234012634944833,2.1777777777777776,0.6214285714285714,1.0666666666666667,0.8556172839506173,1.288888888888889,0.5016778875649844,3.5555555555555554,0.8777777777777778,0.24444444444444444,0.2558139534883721,0.7333333333333334,0.13333333333333333,0.4444444444444444,0.6666666666666666,0.30850694444444443,167.64000000000001,170.18,1.0,11523.0,Timur Valiev
0.2,0.2,0.0,2.8,70.2,166.8,82.0,182.0,0.0,0.2,40.8,128.4,14.6,20.8,15.0,19.6,64.0,160.2,5.8,7.8,0.0,0.6,34.0,745.0,0.3864009217120088,5.857952785533167,0.41237925859104224,6.25793870375323,0.28042905587197214,3.055702910783407,0.6237324594909734,1.1069137110543676,0.7858494234770266,1.2494580274946752,0.37620385556547825,5.034891538527156,0.5277419354838709,0.47973872998622297,0.0,0.0,0.0,0.0,0.4,0.04095392463055359,170.18,177.8,1.0,8905.6,Sabina Mazo
0.0,0.0,0.0,2.0,40.5,124.0,40.5,124.0,0.0,0.0,23.5,96.0,4.0,12.5,11.5,14.5,40.0,116.5,0.5,0.5,0.0,0.0,4.5,500.0,0.34388379204892966,5.0039234786373346,0.34388379204892966,5.0039234786373346,0.28273809523809523,3.2299699650945692,0.32575757575757575,0.476770300619639,0.7619047619047619,1.2971832129231269,0.3423195084485407,4.96955921746895,0.5,0.034364261168384876,0.0,0.0,0.0,0.0,1.0,0.005154639175257732,170.18,172.72,2.0,10684.5,Kris Moutinho
0.2,0.0,0.0,1.8,24.0,53.6,25.6,55.4,0.8,1.2,19.6,46.8,1.8,3.2,2.6,3.6,22.0,51.0,0.4,0.6,1.6,2.0,42.2,436.2,0.49261623534616233,3.1983195698148514,0.5031052441728335,3.463104568450382,0.4649871204064753,2.7391244337475746,0.29555555555555557,0.17925462069635079,0.45,0.2799405153709257,0.46662745098039216,2.962211295933391,0.3,0.03457227138643068,0.26666666666666666,0.20153600249502945,0.13905527723709543,0.4333333333333333,1.0,0.15328446095625825,167.64000000000001,170.18,1.0,11982.4,Marlon Moraes
0.2,0.2,0.0,2.0,29.4,55.8,35.4,62.2,0.6,1.4,12.0,33.2,8.8,13.2,8.6,9.4,24.8,50.2,2.8,3.0,1.8,2.6,73.2,517.6,0.5249668342410279,3.0920607296172906,0.5738204543548056,3.8132372002055264,0.3034780578898226,1.0788440820115028,0.7531709145427286,0.8876803739247178,0.9038461538461539,1.1255362736810701,0.4765467258080117,2.6156053900850282,0.5666666666666667,0.33428571428571424,0.5272727272727272,0.14216962524654833,0.08433925049309664,0.2333333333333333,1.0,0.1504780689396074,180.34,193.04,1.0,12120.2,Alex Oliveira
0.2,0.2,0.0,1.8,30.0,59.4,38.4,68.0,0.2,0.8,17.0,43.2,7.0,9.6,6.0,6.6,21.6,48.4,5.6,7.6,2.4,3.4,40.8,475.4,0.502886854055874,3.917588082969533,0.5409543101427863,4.63201348198092,0.37082714761800917,2.306155394143469,0.5928571428571429,0.6457386561577583,0.9218181818181819,0.895105797374188,0.4564589129351512,3.0406547437678038,0.421,0.4855965701825575,0.29333333333333333,0.3913367690191724,0.02316602316602317,0.2,1.0,0.07741472189540859,175.26,193.04,1.0,9925.6,Devonte Smith
0.2,0.0,0.0,1.8,32.8,63.2,37.0,67.6,0.2,0.2,18.0,44.4,5.0,5.6,9.0,12.0,26.6,54.4,0.8,1.2,3.8,5.4,41.4,409.4,0.5195907783004557,4.960266316638741,0.5360992602169073,5.429513628466698,0.40452297702297707,3.081943427748386,0.7401709401709402,0.5950480918880178,0.8213186813186815,1.283274797002337,0.499167193759224,4.005235527417794,0.13333333333333333,0.08406304728546408,0.14210526315789473,0.49266862170087977,0.03225806451612903,0.2,0.2,0.0941987332793502,193.04,200.66,1.0,11906.2,Greg Hardy
0.2,0.4,0.0,2.4,34.4,110.0,38.8,114.6,0.4,1.2,20.6,88.6,6.0,8.6,7.6,9.4,30.8,103.6,1.6,2.8,1.6,1.8,21.6,675.4,0.32044640773935407,2.606836333038015,0.35668596645375195,3.124460518384569,0.21216651990287558,1.5081061105383828,0.5494838494838495,0.48366485834840256,0.7323809523809524,0.606840498551401,0.28165297565567105,2.287370938575512,0.575,0.12339963833634719,0.35,0.13176612417118747,0.03503315250150693,0.3,1.0,0.03431866586296966,167.64000000000001,170.18,1.0,11159.4,Alejandro Perez
0.0,0.0,0.0,2.0,16.5,29.0,20.5,33.0,0.0,0.0,7.5,19.0,2.0,2.0,6.5,7.5,14.5,26.0,0.0,0.0,1.5,1.5,1.5,457.0,0.39372909698996655,1.4374003189792663,0.6220338983050847,2.1770988574267265,0.23219814241486067,0.5636363636363636,0.5,0.15151515151515152,0.4642857142857143,0.49242424242424243,0.3445378151260504,1.1408199643493762,0.0,0.0,0.5,0.11363636363636365,0.0,0.0,-1.5,0.001893939393939394,180.34,182.88,1.0,12663.0,Micheal Gillmore
0.0,0.0,0.0,2.0,39.0,75.5,43.5,80.0,2.0,3.5,10.0,35.5,13.5,20.5,14.5,17.0,31.5,67.0,6.5,7.5,1.0,1.0,100.5,465.5,0.533968253968254,5.920945650134468,0.5503703703703704,6.2530489711676775,0.3470982142857143,1.3900181374695104,0.5476190476190476,1.7221214585027207,0.8201581027667983,1.708241082410824,0.5004058441558441,4.932766276815311,0.4642857142857143,0.4797047970479705,0.5,0.5084745762711864,0.14760147601476015,0.2857142857142857,1.0,0.12723851814789333,170.18,177.8,1.0,11056.0,Jesse Strader
0.2,1.0,0.4,2.2,17.6,42.2,39.0,65.6,1.0,3.0,15.2,37.6,1.8,4.0,0.4,0.4,14.2,36.4,1.6,2.4,1.4,2.8,251.8,489.8,0.48401916351068897,2.453804589423443,0.6342491616364856,4.502344952743506,0.35407407407407404,1.6667803299026964,0.5761904761904761,0.6184058375059011,0.2,0.03755868544600939,0.442786339789553,2.051145595077319,0.5,0.21830428334058188,0.4,0.18435471100554235,0.11762336489244256,0.3,1.0,0.5412670347486707,180.34,182.88,1.0,12142.2,Chas Skelly
0.0,0.0,0.0,1.5,5.5,12.0,18.5,25.5,0.0,1.5,2.5,8.0,0.5,1.5,2.5,2.5,5.0,10.5,0.0,0.5,0.5,1.0,41.0,244.5,0.44957983193277307,2.3347771412603047,0.6006493506493507,4.187508732709236,0.28181818181818186,0.8732709235713287,0.16666666666666666,0.07125890736342043,1.0,1.1471100554235947,0.4642857142857143,2.263518233896884,0.0,0.0,0.25,0.07125890736342043,0.0,0.0,0.75,0.09738717339667459,172.72,177.8,2.0,12049.0,Mark Striegl
0.0,0.0,0.2,3.0,54.6,170.0,87.4,208.2,1.2,4.2,42.6,152.2,6.2,10.2,3.2,4.0,49.4,163.0,3.2,5.6,0.6,0.6,164.8,900.0,0.2868955980176584,3.84,0.3670118740326489,5.866666666666667,0.24905255937545037,3.2133333333333334,0.5733333333333334,0.4133333333333333,0.8261904761904761,0.21333333333333332,0.2667762964097758,3.5134516765286,0.503030303030303,0.21333333333333332,0.2,0.04,0.08,0.21428571428571427,1.0,0.1831111111111111,170.18,175.26,1.0,13844.8,Roxanne Modafferi
0.0,0.0,0.0,1.6666666666666667,10.0,23.333333333333332,10.333333333333334,23.666666666666668,0.0,0.0,3.6666666666666665,15.0,5.333333333333333,6.666666666666667,0.6666666666666666,1.0,9.666666666666666,22.333333333333332,0.0,0.0,0.0,0.0,7.333333333333333,403.0,0.3868504772004242,1.724831687060789,0.4016731471662543,1.9716153127917833,0.1862307283359915,0.42987861811391226,0.5333333333333333,0.7999999999999999,0.3333333333333333,0.1680672268907563,0.35579109692657557,1.602869026398438,0.0,0.0,0.0,0.0,0.0,0.0,0.0,0.00814814814814815,185.42,187.96,2.0,9775.333333333334,Fabio Cherant
0.0,0.5,0.0,2.25,14.25,18.75,27.75,37.75,2.5,7.25,10.25,14.0,3.0,3.5,0.75,0.75,7.0,11.0,0.0,0.25,5.0,7.0,337.0,572.25,0.5419781337401475,1.3749783952033527,0.7243589743589745,2.7994950595757047,0.4368758434547909,0.9626162452775355,0.6642857142857143,0.24744986922406279,0.25,0.05,0.48462718420701617,0.5827181114183011,0.0,0.0,0.5,0.6325024437927664,0.2150537634408602,0.2470238095238095,0.5,0.43543859649122807,193.04,195.58,1.0,12918.75,Danilo Marques
0.0,0.0,0.2,3.0,74.4,136.6,129.2,209.2,1.2,2.2,35.8,89.0,14.4,20.4,20.6,24.2,55.0,109.8,6.8,10.4,7.8,11.8,325.2,900.0,0.5822210985697657,5.346666666666666,0.6460045733714846,9.16,0.39545687261161744,2.741888246628131,0.7425634725634727,0.9733333333333334,0.9395420570774622,1.5866666666666667,0.5534228434960096,3.8666666666666663,0.591111111111111,0.4666666666666666,0.6263636363636363,0.7466666666666668,0.08,0.7,1.0,0.36133333333333334,167.64000000000001,172.72,1.0,13127.0,Alexis Davis
0.8,0.0,0.2,2.0,20.0,40.4,26.0,47.8,1.0,1.4,10.6,27.4,5.0,8.0,4.4,5.0,12.4,30.0,3.0,3.8,4.6,6.6,107.4,291.8,0.5183082706766917,6.911248937040514,0.5402372905528712,8.211247972684593,0.4362196499153021,4.787503727547955,0.5272727272727272,0.8496403471333048,0.5233333333333333,0.7085454545454546,0.4226053639846743,4.501349604891317,0.52,0.7073939393939395,0.6666666666666665,2.4868210439105223,0.06609090909090909,0.26,1.0,0.11163427230046949,193.04,200.66,1.0,12336.6,Francis Ngannou
0.0,0.0,0.5,2.0,26.0,67.0,32.5,76.0,1.5,4.5,12.5,42.0,4.0,11.5,9.5,13.5,24.5,65.5,1.0,1.0,0.5,0.5,90.5,563.5,0.38044871794871793,2.820411160058737,0.4046448087431694,3.2537444933920705,0.30406779661016947,1.623935389133627,0.4833333333333333,0.4643171806167401,0.61,0.73215859030837,0.3452635327635327,2.423935389133627,0.5,0.2643171806167401,0.5,0.13215859030837004,0.264993564993565,0.41666666666666663,0.9166666666666667,0.2487934410181106,177.8,185.42000000000002,1.0,9945.5,Dakota Bush
0.0,0.8,0.2,2.2,18.2,37.4,30.0,50.8,1.6,4.0,11.4,30.2,3.8,4.0,3.0,3.2,15.0,33.0,2.4,2.6,0.8,1.8,202.2,634.2,0.4677027299948193,1.8572628342347373,0.5894373400055415,3.1770929635336413,0.3543268267496879,1.2418888392878569,0.7833333333333333,0.28067796610169493,0.7333333333333333,0.3096969696969697,0.4067857142857143,1.5206625577812019,0.5666666666666667,0.21484848484848484,0.6333333333333334,0.0806779661016949,0.2266753920991209,0.5244444444444445,0.7333333333333334,0.3868650059921247,165.1,170.18,1.0,10260.6,Rogerio Bontorin
0.0,0.2,0.0,2.8,66.2,159.2,72.2,168.2,0.4,0.4,30.6,111.8,21.4,30.8,11.0,13.6,62.6,154.4,1.4,2.8,0.0,0.2,18.8,825.0,0.40041766284754854,4.948571428571428,0.4050940915938027,5.108571428571429,0.24577046870916935,2.241904761904762,0.6671213151927436,1.7041269841269842,0.8708333333333332,0.8380952380952381,0.40047972347551675,4.688689771766695,0.27999999999999997,0.09333333333333334,0.0,0.0,0.026666666666666665,0.4,1.0,0.02088888888888889,172.72,190.5,2.0,12067.2,Andre Ewell
0.0,0.5,0.25,2.25,41.75,104.5,51.0,115.25,0.25,1.0,22.0,79.0,11.5,15.25,8.25,11.0,32.25,89.5,3.25,5.0,5.25,7.25,77.0,595.25,0.43005414931930214,3.287052393028092,0.4919970750731231,4.119131479418207,0.35047451054088224,1.6839628004274765,0.5666666666666667,0.9483495910927184,0.515625,0.638545669524091,0.3154220779220779,2.520119761015416,0.31666666666666665,0.22319932998324957,0.41216216216216217,0.5676459219172787,0.03529411764705882,0.25,0.0,0.11459027161953558,170.18,172.72,1.0,9428.75,Matt Sayles
0.0,0.6,0.4,2.6,41.4,89.0,63.6,115.4,1.4,3.6,31.0,73.6,7.6,12.6,2.8,2.8,27.2,67.4,1.6,2.6,10.8,16.2,294.8,714.8,0.45813586167816867,3.693303544226668,0.5554163715475842,5.854213466030263,0.42500655236217544,2.9788849395755053,0.49607843137254903,0.527751937984496,0.4,0.18666666666666668,0.38257964257964255,1.9568951626552924,0.44761904761904764,0.1172093023255814,0.7216834050693448,1.329448244414045,0.1376730645543482,0.33571428571428574,0.5714285714285714,0.48334678872569026,162.56,170.18,1.0,13099.8,Sijara Eubanks
0.4,1.8,0.8,2.2,27.6,56.2,51.8,87.4,0.0,1.6,10.8,27.2,11.0,17.2,6.0,8.0,19.8,46.6,0.6,1.2,6.0,8.4,68.8,630.6,0.5096931920744819,2.4785200733246575,0.5420254264693993,4.535200593314023,0.3316432603106735,0.7769570267131243,0.6279944095038436,0.9062032100527546,0.6344444444444444,0.808693169892112,0.47816663425070505,1.9300415599680956,0.3333333333333333,0.04,0.6777777777777778,0.5084785133565621,0.0,0.0,1.0,0.07644444444444445,177.8,177.8,2.0,12651.4,Ryan Hall
0.0,0.4,0.2,2.0,31.4,71.4,40.4,82.2,1.8,3.0,20.4,55.4,8.6,13.2,2.4,2.8,26.6,64.4,2.6,3.0,2.2,4.0,138.4,524.4,0.44592207531529526,3.5562086624210627,0.48607346676312196,4.339957691998907,0.3431306590418524,2.1917545881325795,0.6980278980278981,1.0694259022181973,0.72,0.29502817207028686,0.41235844675454575,2.950768083138615,0.575,0.30397411865612767,0.22666666666666666,0.30146646062632054,0.2043103111453719,0.4909090909090909,0.9333333333333333,0.2071353205822284,177.8,190.5,1.0,10976.0,Maki Pitolo
0.0,0.0,0.0,2.4,58.0,113.0,87.6,144.4,0.2,0.4,34.2,79.8,15.4,20.4,8.4,9.6,42.6,85.8,10.6,14.6,3.6,5.0,57.0,612.2,0.5281618410585157,5.348017440585119,0.5833413935616966,7.935690636953967,0.4079059449866903,3.186526047984554,0.676607142857143,1.2364580347189045,0.8807792207792208,1.0474247491638795,0.48421529425202864,4.300277354584163,0.6775579975579975,0.8895811434941869,0.4384615384615385,0.3248256091734353,0.014906832298136646,0.2,0.8,0.07993629558846951,172.72,172.72,1.0,12291.4,Chris Gruetzemacher
0.0,0.25,0.0,2.0,29.0,71.25,46.25,90.0,0.5,2.0,23.25,62.0,5.5,6.75,0.25,0.5,23.75,65.0,4.0,4.75,1.25,1.5,103.75,466.75,0.4926065162907268,2.910858421801251,0.5872912027015507,5.33752528533672,0.36675961675961677,2.1999793287758207,0.9342105263157895,0.6942124263587638,0.125,0.016666666666666666,0.4408421265126899,2.4068981597688763,0.38541666666666663,0.31312056737588656,0.20833333333333334,0.19083969465648856,0.11392551468887346,0.375,0.25,0.27029545366040836,162.56,165.1,1.0,9800.0,Mallory Martin
0.0,0.0,1.0,2.6,36.0,58.4,43.0,67.2,1.0,1.8,21.2,41.4,6.4,8.2,8.4,8.8,25.6,43.0,5.8,8.2,4.6,7.2,96.0,678.4,0.6182390696318432,3.4788716492284664,0.6521521015653888,4.110489343672623,0.5193436868418253,2.038677001149327,0.7803751803751804,0.652833620026748,0.971291866028708,0.787361028052391,0.5798116169544741,2.489392860410126,0.6375238095238096,0.5558143332286305,0.5918767507002801,0.4336644555897104,0.06743676859192148,0.2857142857142857,-0.7428571428571429,0.10991116144457029,175.26,177.8,1.0,10093.6,Sean Soriano
0.2,0.4,0.0,2.2,53.2,110.2,65.6,128.8,0.4,1.2,38.0,90.6,10.8,11.8,4.2,4.4,41.4,92.6,10.0,15.6,1.4,1.6,153.8,578.4,0.44997430177800385,5.535345148851205,0.4880886017719247,6.613888215472366,0.3897715757057916,4.228297027683303,0.7448916408668731,0.9556703109615212,0.76,0.35137781020637926,0.4261594398060867,4.406768259443173,0.5434113300492611,0.8486182669789228,0.3666666666666667,0.12716917922948073,0.04143637782982046,0.26666666666666666,1.0,0.23252134730378407,193.04,198.12,1.0,13789.6,Ben Rothwell
0.0,0.75,0.0,2.0,21.25,71.25,33.75,87.0,1.0,1.5,17.0,64.0,3.75,6.0,0.5,1.0,19.25,67.25,0.75,1.0,1.25,2.5,71.25,527.25,0.42116702741702744,2.6327532799333317,0.5047995482778092,3.6308993568973174,0.34619596489500126,2.1166447364814114,0.7361111111111112,0.47933463817935595,0.375,0.036773905272564786,0.36803511354079055,2.4137403575716707,0.625,0.12879844514986538,0.2738095238095238,0.09021447721179625,0.07354781054512957,0.3333333333333333,0.75,0.15250482464075615,162.56,165.1,1.0,9315.75,Liana Jojua
0.0,0.0,0.2,3.0,44.6,94.2,83.4,154.4,1.0,5.6,30.8,74.4,8.6,12.6,5.2,7.2,23.8,66.2,7.4,11.8,8.8,12.6,221.0,756.4,0.5050730332618878,4.155636670652299,0.6002558042297307,7.173333333333334,0.4419354297659135,2.9003485495111017,0.7823361823361823,0.58444019427648,0.5557575757575758,0.32996620583717357,0.3579217110573043,1.7750600143842732,0.6788888888888889,0.6339662058371737,0.5705128205128205,0.9416896747138163,0.1107908686502757,0.16153846153846155,0.8285714285714285,0.3667025281618024,167.64000000000001,172.72,1.0,10874.4,Felicia Spencer
0.0,0.0,0.0,3.0,45.0,107.5,78.5,143.0,0.5,1.0,25.0,82.0,12.5,17.0,7.5,8.5,39.5,99.0,5.0,8.0,0.5,0.5,119.5,882.5,0.44002172563625075,3.0229287090558765,0.6078231292517007,5.326396917148362,0.3311705866450392,1.6801541425818882,0.7403846153846154,0.8414258188824663,0.9375,0.5013487475915221,0.4194042032238319,2.6508670520231217,0.6190476190476191,0.33872832369942196,0.5,0.03333333333333333,0.034682080924855495,0.5,-1.0,0.1341490044958253,170.18,180.34,2.0,10136.5,Leah Letson
0.0,0.0,0.0,1.5,16.5,45.5,18.0,48.5,0.5,1.0,9.0,30.0,5.5,12.5,2.0,3.0,13.5,41.5,3.0,4.0,0.0,0.0,15.5,340.0,0.34509803921568627,2.718157181571816,0.36350021394950793,2.937669376693767,0.2828054298642534,1.4688346883468835,0.4,0.8807588075880759,0.75,0.3685636856368564,0.32093023255813957,2.279132791327913,0.375,0.43902439024390244,0.0,0.0,0.07317073170731708,0.5,1.0,0.046025293586269195,175.26,180.34,1.0,10440.5,Collin Anglin
0.0,0.0,0.0,3.8,55.2,146.2,58.8,148.6,0.0,3.2,33.8,115.2,12.6,20.4,8.4,10.0,52.6,141.2,0.0,0.0,0.2,0.4,7.6,749.0,0.3667017083256061,3.256919540229885,0.3707421501182468,3.3022528735632184,0.2851006102619006,1.9577931034482758,0.5940396445659604,0.7656091954022988,0.7951515151515152,0.5335172413793103,0.3666784200163374,3.2489195402298856,0.0,0.0,0.1,0.008,0.0,0.0,0.11428571428571424,0.007200000000000001,177.8,177.8,1.0,11799.8,Al Iaquinta
0.0,0.0,0.0,3.0,53.0,137.5,63.0,153.5,0.5,0.5,29.0,106.5,8.0,13.5,15.0,17.5,52.0,134.0,1.0,3.0,0.0,0.5,7.5,900.0,0.3723083548664944,3.5333333333333337,0.410391363022942,4.2,0.26148280201342283,1.9333333333333333,0.5851648351648352,0.5333333333333333,0.9423076923076923,1.0666666666666667,0.37318840579710144,3.466666666666667,0.6,0.06666666666666667,0.0,0.0,0.03333333333333333,0.5,-0.5,0.008333333333333333,185.42,190.5,1.0,10316.0,John Allan
0.0,0.0,0.0,1.6666666666666667,21.666666666666668,61.0,33.0,75.33333333333333,0.3333333333333333,1.6666666666666667,16.0,53.666666666666664,2.6666666666666665,4.333333333333333,3.0,3.0,18.666666666666668,56.666666666666664,3.0,4.333333333333333,0.0,0.0,65.0,458.6666666666667,0.3725170068027211,3.607165126693498,0.42280925346618775,4.452055502018656,0.2963688610240334,2.4167501212453315,0.8148148148148149,0.402552135492445,1.0,0.7878628699557219,0.3534610814022579,3.3178303069238955,0.5666666666666667,0.2893348197696024,0.0,0.0,0.11299435028248588,0.3333333333333333,0.6666666666666666,0.11326316850266742,185.42,190.5,2.0,11179.0,Jordan Williams
0.2,0.0,0.0,2.4,54.4,118.0,58.4,122.4,0.0,0.2,34.8,89.6,10.8,14.8,8.2,10.2,49.6,112.0,0.6,0.8,4.2,5.2,33.8,632.2,0.500662567958246,5.156787609721266,0.50856406296634,5.446819972180814,0.4063484032621396,3.1315277347102106,0.6008104500381388,0.8979719525350595,0.8333333333333334,1.002883608455429,0.4890118832343064,4.783452961434723,0.4,0.0675094055680963,0.16153846153846155,0.3058252427184466,0.0,0.0,1.0,0.042607423154377946,190.5,193.04,1.0,12643.8,Gian Villante
0.0,0.3333333333333333,0.0,2.6666666666666665,41.666666666666664,85.66666666666667,45.333333333333336,90.66666666666667,0.0,0.3333333333333333,18.666666666666668,57.0,10.0,11.666666666666666,9.0,11.333333333333334,33.0,73.0,7.333333333333333,10.333333333333334,0.6666666666666666,0.6666666666666666,116.33333333333333,746.3333333333334,0.45259848708124567,2.9619794132254333,0.4795014001033086,3.2729098045468965,0.34385964912280703,1.38198117391456,0.6091954022988505,0.6687735139202408,0.8091787439613527,0.800113614279521,0.40953225261735904,2.318066829779565,0.7222222222222222,0.5556123626953161,0.3333333333333333,0.08830022075055188,0.0,0.0,-0.3333333333333333,0.13445184709023975,190.5,182.88,1.0,9107.0,Hu Yaozong
0.0,0.0,0.0,2.0,49.5,102.5,58.5,112.5,0.0,1.5,13.0,52.0,18.0,25.0,14.5,17.5,49.0,101.5,0.5,1.0,0.0,0.0,5.5,555.5,0.49307808782176077,6.906895144838842,0.5206877007368222,7.7096366508688785,0.2625235404896422,2.608214849921011,0.7444852941176471,1.8777777777777778,0.8444444444444444,1.853080568720379,0.493422519509476,5.683629191321499,0.25,0.14218009478672985,0.0,0.0,0.0,0.0,1.0,0.006111111111111111,187.96,193.04,1.0,11044.5,Shamil Gamzatov
0.0,1.0,0.0,2.6,21.2,47.0,46.0,73.2,2.0,4.6,9.0,30.6,5.4,8.4,6.2,8.2,14.6,36.8,3.6,4.8,2.6,5.4,127.8,763.8,0.4016521154452189,1.548814317673378,0.5565391648807699,3.3200000000000003,0.2692077386718438,0.6427414330218069,0.5831016042780749,0.36,0.7435897435897436,0.4814611872146119,0.3338908606921029,1.0147945205479452,0.6184126984126984,0.24,0.5875,0.17333333333333334,0.13333333333333336,0.3633333333333333,1.0,0.14200000000000002,162.56,165.1,1.0,10685.6,Livinha Souza
0.0,0.0,0.6,2.6,42.2,76.0,65.2,108.6,0.2,0.4,30.0,60.0,6.0,8.0,6.2,7.8,25.2,55.4,10.2,13.2,5.4,6.2,159.4,764.8,0.5554336988148464,2.934047619047619,0.6329882201208563,4.988333333333333,0.4919405003380663,2.120714285714286,0.5812271062271062,0.4,0.6728438228438228,0.4133333333333333,0.480966315288896,1.800714285714286,0.6975757575757576,0.7733333333333333,0.5428571428571429,0.36,0.013333333333333332,0.2,0.2,0.25726984126984126,162.56,165.1,1.0,12811.4,Randa Markos
0.2,0.2,0.4,1.4,18.8,38.4,21.2,41.0,0.0,0.0,7.6,23.4,4.4,6.0,6.8,9.0,17.2,36.2,0.2,0.6,1.2,1.6,9.6,271.2,0.4342866065927017,4.065850840075132,0.4500587911673013,4.320915175369823,0.28802316320435384,1.8892315324684585,0.5436363636363637,0.5744369816817365,0.6567460317460319,1.3698549601960373,0.4142727743271221,3.8625786385683973,0.1,0.01552393272962484,0.32,0.18774826877710982,0.0,0.0,0.4,0.013470309210359434,180.34,187.96,1.0,12412.6,Khama Worthy
0.0,0.0,0.0,3.0,63.0,160.0,66.0,163.0,0.0,6.0,25.0,115.0,17.0,22.0,21.0,23.0,60.0,153.0,3.0,7.0,0.0,0.0,90.0,900.0,0.39375,4.2,0.4049079754601227,4.4,0.21739130434782608,1.6666666666666667,0.7727272727272727,1.1333333333333333,0.9130434782608695,1.4,0.39215686274509803,4.0,0.42857142857142855,0.2,0.0,0.0,0.0,0.0,1.0,0.1,167.64000000000001,175.26,1.0,10956.0,Zviad Lazishvili
0.0,0.0,0.0,3.0,40.2,120.2,50.8,132.8,1.0,3.8,25.4,95.4,11.4,20.6,3.4,4.0,37.8,116.2,2.2,3.6,0.2,0.4,82.4,900.0,0.3305472518589741,2.68,0.4033275486409349,3.3866666666666667,0.24695822697447017,1.6933333333333334,0.6548001675743611,0.76,0.86,0.22666666666666666,0.3121227463415651,2.52,0.55,0.14666666666666667,0.1,0.013333333333333332,0.06666666666666667,0.3422222222222222,-0.04444444444444444,0.09155555555555556,185.42,180.34,1.0,10024.0,Laureano Staropoli
0.0,0.0,0.0,3.0,73.2,160.8,75.2,162.8,0.0,0.2,46.4,127.0,21.0,27.6,4.8,5.4,63.4,149.6,8.0,9.2,1.4,2.0,42.6,900.0,0.452113957769863,4.88,0.4580960116083476,5.013333333333334,0.36357605653411673,3.0933333333333333,0.7972962709804815,1.4666666666666668,0.7166666666666667,0.32,0.42328769257831045,4.253333333333333,0.7196428571428571,0.5333333333333334,0.13999999999999999,0.09333333333333334,0.0,0.0,1.0,0.04733333333333334,182.88,190.5,1.0,9527.6,Carlos Felipe
0.2,0.2,0.0,1.8,22.8,51.0,25.2,53.4,0.2,0.4,12.0,35.4,2.2,4.8,8.8,10.8,19.8,47.4,0.8,1.0,2.2,2.6,21.8,414.4,0.4303994873818013,3.778136049003212,0.45776094276094276,4.107469120468735,0.2972869426530754,2.1362699397201923,0.25277777777777777,0.25579033416730657,0.7899019607843136,1.3639824848323874,0.3994040068458673,3.2921796091837985,0.3333333333333333,0.09819415888429239,0.3666666666666667,0.3685206284167285,0.0216998191681736,0.2,0.4,0.046410471404689506,170.18,180.34,1.0,13719.2,Johnny Eduardo
0.0,0.0,0.0,1.5,5.5,10.0,7.5,12.5,0.0,0.0,2.5,7.5,1.0,1.5,2.5,3.0,4.5,8.5,1.0,1.5,0.0,0.0,0.0,332.0,0.5695488721804511,1.5430107526881718,0.6777777777777778,1.765232974910394,0.20813397129186603,0.25555555555555554,0.3333333333333333,0.48387096774193544,0.8333333333333333,0.8369175627240142,0.5246598639455783,1.2455197132616487,0.75,0.2974910394265233,0.0,0.0,0.0,0.0,-1.0,0.0,170.18,165.1,1.0,10620.5,Gaetano Pirrello
0.0,0.0,0.0,3.0,54.6,135.6,69.4,152.4,0.2,2.0,29.4,98.8,15.4,23.4,7.6,10.8,50.4,128.8,4.0,6.4,0.2,0.4,46.6,834.6,0.3843957130233846,3.838013519844723,0.4399610745014038,4.852303504897039,0.2702795507514277,2.0468732570332193,0.6641491228070175,1.1673911459146717,0.6667701863354036,0.561526894674609,0.3741749963783862,3.5564214800437277,0.573968253968254,0.2682587064676617,0.1,0.013333333333333332,0.013333333333333332,0.04,0.8,0.05317329644750836,165.1,165.1,1.0,13233.8,Bethe Correia
0.0,0.0,0.0,1.0,2.0,6.0,3.0,7.0,0.0,0.0,1.0,4.0,0.0,0.0,0.0,0.0,1.0,3.0,0.0,0.0,0.0,0.0,0.0,68.0,0.3333333333333333,4.0,0.3333333333333333,4.0,0.3333333333333333,4.0,0.0,0.0,0.0,0.0,0.3333333333333333,4.0,0.0,0.0,0.0,0.0,0.0,0.0,1.0,0.0,180.34,190.5,1.0,11076.0,Martin Sano
0.0,0.4,0.2,3.6,74.6,174.0,118.2,219.2,0.2,1.0,47.4,138.4,19.4,27.4,2.4,4.2,58.0,150.4,8.6,12.2,4.8,7.8,108.0,758.2,0.4299874792999436,5.415053359948959,0.5360935146286,8.602666666666668,0.36635117740373396,3.9587941405418645,0.5863485405851411,1.3324444444444443,0.395,0.11200000000000002,0.4116982851332289,3.8094516765285995,0.501078119476847,0.6024679089026915,0.2938775510204082,0.6254496644295302,0.008,0.06666666666666667,0.0,0.15192095451155854,185.42,193.04,2.0,10847.0,Nick Diaz
0.0,0.25,0.0,2.0,33.0,81.75,36.0,86.5,0.5,1.75,25.0,68.5,4.5,9.5,3.25,3.75,31.5,79.0,1.5,2.75,0.0,0.0,47.25,451.75,0.379428364205754,3.5773542304521175,0.3986940235096367,4.068502035351391,0.3383340173545966,2.7169887263949084,0.509698275862069,0.4722416733997666,0.6309523809523809,0.38812383065744244,0.3640847493612317,3.3893174206361665,0.34375,0.1880368098159509,0.0,0.0,0.09202453987730061,0.08333333333333333,1.0,0.13760224948875258,180.34,190.5,1.0,9883.75,Impa Kasanganay
0.0,0.0,0.3333333333333333,3.0,31.666666666666668,51.666666666666664,49.0,70.33333333333333,0.3333333333333333,0.3333333333333333,17.666666666666668,34.0,8.666666666666666,12.0,5.333333333333333,5.666666666666667,28.333333333333332,47.0,0.0,0.3333333333333333,3.3333333333333335,4.333333333333333,118.33333333333333,848.6666666666666,0.5946897771718844,2.2074471254095918,0.6759361089290391,3.4042895442359247,0.46589706589706587,1.1961274947870122,0.7397292250233427,0.6236520703008638,0.9333333333333332,0.38766756032171584,0.5608843537414967,1.9852249031873697,0.0,0.0,0.5757575757575758,0.2222222222222222,0.022222222222222223,0.3333333333333333,-0.6666666666666666,0.13331645318240493,190.5,185.42,1.0,11452.0,Antonio Arroyo
0.0,0.0,0.0,3.0,26.5,71.5,35.5,82.0,1.0,6.0,12.5,51.0,5.5,9.5,8.5,11.0,26.0,70.0,0.5,1.5,0.0,0.0,104.0,880.5,0.38141592920353984,1.7847851335656215,0.48295454545454547,2.4059233449477353,0.22643678160919542,0.837862950058072,0.5576923076923077,0.3711962833914053,0.7564102564102564,0.575725900116144,0.38181818181818183,1.7514518002322879,0.16666666666666666,0.03333333333333333,0.0,0.0,0.06968641114982578,0.09090909090909091,-0.5454545454545454,0.1207897793263647,162.56,165.1,2.0,10885.0,Sarah Alpar
0.0,0.2,0.2,1.6,14.0,47.6,31.4,66.8,0.8,1.2,8.6,40.6,2.6,4.0,2.8,2.8,10.8,42.6,0.8,1.2,2.4,3.6,137.2,353.6,0.3491074437560539,1.938031853852627,0.5088940338940339,4.787458629584426,0.2618268942797245,1.191343041204724,0.38846153846153847,0.2504135372364492,0.8,0.49627527541145433,0.32657269559708585,1.6809775902867359,0.3,0.08248062015503876,0.24666666666666667,0.1745736434108527,0.18599742599742602,0.5,1.0,0.4879326546930961,165.1,165.1,1.0,10413.0,Emily Whitmire
0.6,0.0,0.0,2.0,35.8,65.2,46.4,76.4,0.0,0.2,14.8,39.0,11.0,14.4,9.0,11.8,20.4,46.0,7.8,10.4,1.8,3.2,43.6,491.6,0.5855994152046783,4.824407548152621,0.6468006947529344,5.862906605445811,0.38970380496696283,1.7780851105380873,0.8583742833742833,1.503018018018018,0.7403004838298956,1.350230493305395,0.5316498802224064,2.8098395622667374,0.6580619380619381,0.8480180180180181,0.3,0.2855635592813912,0.0,0.0,0.6,0.07666462954317008,193.04,200.66,2.0,11657.2,Mike Rodriguez
0.2,1.4,0.2,2.6,47.6,115.6,73.4,143.6,0.8,2.4,27.4,91.0,12.0,16.2,5.0,5.6,38.0,99.6,8.4,14.4,1.2,1.6,75.2,743.4,0.3818291171327045,3.348748292705512,0.5609982174688056,6.386445355001504,0.26483351654284537,1.870051160960252,0.7045355731225296,0.9531069287219021,0.9464285714285715,0.3922568696900248,0.3381610219845514,2.7004051207259763,0.49486166007905136,0.5683431719795357,0.4,0.07999999999999999,0.05333333333333333,0.38,0.75,0.08423691460055097,182.88,190.5,1.0,10746.8,David Zawada
0.25,0.25,0.0,1.75,19.0,46.5,25.25,54.25,0.5,3.25,11.25,36.25,4.5,6.0,3.25,4.25,15.5,40.75,1.5,2.0,2.0,3.75,94.75,404.25,0.41215058105622115,4.526436648884167,0.4708538587848932,5.724428997020854,0.30624814683033863,2.971023087607928,0.8385416666666666,0.697029129427342,0.75,0.7107000993048659,0.4065812268682574,3.5550552444525403,0.4,0.219811320754717,0.48888888888888893,0.5566037735849056,0.07327044025157232,0.2916666666666667,1.0,0.19083719518923092,172.72,185.42000000000002,1.0,9114.75,Luigi Vendramini
0.0,0.2,0.0,2.2,35.6,71.6,54.6,93.6,1.6,3.2,21.6,55.0,4.4,5.4,8.8,10.6,22.4,53.4,7.2,8.6,6.0,8.4,95.2,621.0,0.49073974813485866,3.8397953964194373,0.5582102402978849,5.354963604170766,0.36219155550677284,2.379412420486589,0.7964285714285715,0.582800183618598,0.7360501567398119,0.8775827923142501,0.4273849148563107,2.7003751065643646,0.6839366515837104,0.7394202898550724,0.2805194805194805,0.4,0.16,0.575,0.0,0.15593370057052922,182.88,187.96,1.0,10902.0,Darren Stewart
0.0,0.6666666666666666,0.0,2.0,50.666666666666664,124.66666666666667,65.66666666666667,136.33333333333334,0.0,0.0,30.666666666666668,98.66666666666667,13.666666666666666,19.666666666666668,5.333333333333333,6.0,46.0,118.0,3.6666666666666665,4.333333333333333,4.333333333333333,7.333333333333333,91.0,537.6666666666666,0.40691689718972796,6.110095844224722,0.45850167090627963,7.479599954540288,0.30581153400475736,3.50159054870954,0.7149707602339181,1.646070891894281,0.8888888888888888,0.851020949350305,0.39589961117002476,5.4482746717004105,0.28205128205128205,0.24444444444444444,0.3666666666666667,0.31439936356404136,0.0,0.0,1.0,0.13044815698753645,175.26,187.96,1.0,10510.333333333334,Bea Malecki
0.0,0.0,0.0,2.0,38.0,84.0,55.666666666666664,99.0,0.3333333333333333,0.3333333333333333,24.666666666666668,67.0,9.333333333333334,12.666666666666666,1.3333333333333333,1.6666666666666667,30.0,66.66666666666667,8.333333333333334,11.666666666666666,6.0,8.0,84.0,415.3333333333333,0.6008087201125175,3.8882246103310876,0.5453605825698848,6.079618268575324,0.5175297291633926,2.579741969248898,0.5686274509803922,0.8712136361091337,0.5833333333333334,0.2101246990505595,0.5199074074074074,2.6983675892776815,0.5025252525252525,0.9458759372869802,0.25,0.46936114732724904,0.02607561929595828,0.3333333333333333,0.0,0.14244007006822854,185.42,182.88,3.0,11711.666666666666,Sasha Palatnikov
0.0,0.5,0.5,3.0,7.0,16.0,93.0,124.0,1.0,2.5,3.5,10.0,2.5,4.0,1.0,2.0,3.5,11.5,3.0,4.0,0.5,0.5,229.5,900.0,0.39826839826839827,0.6658424584952314,0.755564977740089,6.199999999999999,0.33333333333333337,0.23333333333333334,0.5833333333333333,0.16666666666666666,0.3333333333333333,0.06666666666666667,0.28968253968253965,0.24688057040998218,0.42857142857142855,0.2,0.5,0.03333333333333333,0.06666666666666667,0.2,-0.5,0.255,182.88,185.42000000000002,2.0,11169.5,Domingo Pilarte
0.0,0.0,0.0,2.0,33.0,92.0,36.5,95.5,1.5,2.5,25.5,82.5,1.5,2.5,6.0,7.0,28.5,86.5,4.0,5.0,0.5,0.5,37.0,542.5,0.3487858719646799,3.6171171171171173,0.378021978021978,4.108108108108108,0.2741545893719807,2.472972972972973,0.5833333333333333,0.22882882882882882,0.9,0.9153153153153153,0.30466200466200466,2.9306306306306302,0.8571428571428572,0.6531531531531531,0.5,0.03333333333333333,0.1,0.3,0.9,0.04111111111111111,172.72,175.26,1.0,9099.0,Drako Rodriguez
0.0,0.0,0.0,1.5,4.5,21.5,7.0,23.5,0.0,1.5,3.0,17.5,0.5,1.5,1.0,1.5,4.0,20.0,0.5,0.5,0.0,0.0,22.0,343.0,0.3456521739130435,0.7246963562753037,0.4583333333333333,1.1926739926739927,0.31451612903225806,0.5234765234765235,0.16666666666666666,0.06593406593406594,0.3333333333333333,0.13186813186813187,0.26126126126126126,0.5914085914085914,0.5,0.12987012987012986,0.0,0.0,0.0,0.0,0.0,0.09523809523809523,167.64000000000001,177.8,1.0,10420.5,Jamey Simmons
0.0,0.2,0.0,2.6,77.4,177.4,85.0,189.6,0.6,2.8,45.0,137.4,17.2,25.0,15.6,19.2,71.0,169.8,1.6,2.4,0.2,0.2,30.2,756.6,0.464350999599361,6.813333333333333,0.46847933684515625,7.338360655737705,0.34560829211564503,3.876939890710383,0.6985913929707472,1.5056466302367943,0.8676113360323885,1.3199999999999998,0.4603264066429486,6.073451676528601,0.6599999999999999,0.15890710382513662,0.2,0.013333333333333332,0.04,0.10666666666666666,0.8,0.04139162112932605,170.18,172.72,2.0,10861.4,Casey Kenney
0.0,0.5,0.0,2.5,31.0,121.5,42.0,133.25,0.75,5.25,21.75,108.25,3.75,6.0,5.5,7.25,26.75,115.25,2.5,3.0,1.75,3.25,109.0,687.75,0.3202154254162862,2.6600591715976334,0.40482729160053976,3.815581854043393,0.24392591003329256,1.7719383180921642,0.7020833333333333,0.3423256230948538,0.7770833333333333,0.5457952304106151,0.30075993503416626,2.257566792182177,0.7083333333333334,0.17218934911242603,0.4125,0.2303030303030303,0.08787878787878789,0.09722222222222221,0.7083333333333334,0.22993658950136683,165.1,177.8,1.0,12657.25,Anderson Dos Santos
0.6,0.4,0.0,3.0,45.6,113.0,55.0,123.4,0.2,1.2,35.4,96.4,7.6,13.4,2.6,3.2,38.6,103.2,5.2,7.8,1.8,2.0,23.8,871.6,0.4000148346512858,3.152401055408971,0.43799862211726576,3.784063324538259,0.3692818259746564,2.459912049252419,0.5034199134199134,0.5166578715919086,0.8,0.1758311345646438,0.3743061709504943,2.673245382585752,0.4608333333333333,0.3491644678979771,0.5,0.12999120492524185,0.013333333333333332,0.1,-0.7,0.026527704485488125,165.1,172.72,1.0,10858.8,Ryan Benoit
0.2,0.4,0.2,2.4,36.4,78.0,47.6,91.6,0.8,5.4,18.8,53.0,7.6,13.2,10.0,11.8,29.6,68.6,2.8,4.0,4.0,5.4,59.4,652.6,0.5036028763778364,4.3383817798169275,0.5638816658432807,5.573496932515337,0.364910232570674,2.529436767769432,0.644517640169814,0.6779085834300558,0.8803312629399584,1.0976576576576575,0.47584028914348064,2.9640214447576403,0.4666666666666666,0.209079754601227,0.6166666666666666,0.7725490196078433,0.05333333333333333,0.09333333333333334,0.6833333333333333,0.11001311741189042,180.34,182.88,1.0,11667.2,Ian Heinisch
0.0,0.0,0.0,3.0,34.6,85.0,57.4,109.0,1.0,1.8,20.4,66.8,9.4,12.8,4.8,5.4,24.8,70.6,7.8,10.8,1.0,2.4,91.8,862.6,0.4054805865105161,2.3940906965871904,0.5405571470087599,3.994520804114072,0.3045630998037415,1.4159513791491352,0.7355494505494505,0.6511453950444133,0.9228571428571428,0.3269939223936419,0.33588589077310876,1.7057877512856474,0.7454545454545454,0.6111453950444133,0.16666666666666666,0.07715755025712949,0.06666666666666667,0.4,0.15,0.10200000000000001,167.64000000000001,172.72,1.0,13719.2,Marion Reneau
0.0,0.0,0.0,2.0,34.2,77.4,45.0,90.8,0.6,0.8,19.2,58.8,6.4,8.2,8.0,10.0,26.6,66.2,2.2,4.0,3.8,5.4,68.8,519.2,0.3975896662870759,3.759470260317701,0.5377051282051283,4.674293870711781,0.28956953801347396,2.1447933356707245,0.6208333333333333,0.6029412781651587,0.6495726495726496,0.6926640926640927,0.3411261531504509,3.0014310845080074,0.40909090909090906,0.29091453927274824,0.15151515151515152,0.33333333333333337,0.04,0.15,1.0,0.08623384906966997,175.26,180.34,1.0,12232.0,Jeremy Stephens
0.2,0.4,0.6,2.6,41.4,107.2,72.2,141.2,0.6,1.8,24.6,82.0,8.4,15.8,8.4,9.4,35.6,97.2,1.8,2.4,4.0,5.2,96.6,710.6,0.4183582072600064,2.991611089759531,0.5655680929040747,5.834908477079707,0.31531097807708264,1.7456182789621628,0.5933333333333334,0.6223721354343288,0.9087991718426501,0.6236206753630398,0.34920424070283584,2.4789516122954955,0.4333333333333333,0.160749063670412,0.5314285714285714,0.3519104137936232,0.050811535881958414,0.3,1.0,0.14425857014747662,187.96,190.5,1.0,13076.6,Carlos Condit
0.8,0.2,0.0,2.0,31.6,59.0,50.2,78.8,0.0,0.2,22.6,47.4,6.6,8.8,2.4,2.8,21.2,45.6,3.8,4.4,6.6,9.0,26.6,440.8,0.5782542993069308,5.117821611687636,0.6564723910446211,7.569311755332085,0.5179230941202773,3.5603360185133015,0.6290271132376395,0.697033727833308,0.6,0.4089710659724677,0.47729328241055324,3.279667115955115,0.8533333333333333,0.6649475011883892,0.609469696969697,1.2563312895497707,0.0,0.0,0.0,0.11654684414539604,175.26,187.96,2.0,11365.8,Conor McGregor
0.0,0.2,0.0,2.8,37.4,107.6,59.8,132.6,2.4,5.8,28.0,93.0,5.6,10.6,3.8,4.0,28.0,93.4,3.4,5.2,6.0,9.0,156.4,800.2,0.3957352729705298,2.9081296758104735,0.48700419716729276,5.1978719866999175,0.35168860764740584,2.2482793017456357,0.5341787439613527,0.38992518703241896,0.9714285714285715,0.26992518703241897,0.35160639669721616,1.9330340814630094,0.4121212121212121,0.22666666666666666,0.39381720430107525,0.7484289276807979,0.1931837073981712,0.45777777777777773,0.85,0.2495472430036021,182.88,185.42000000000002,1.0,11974.4,Omari Akhmedov
0.0,0.0,0.25,1.75,18.5,65.0,32.5,81.75,0.0,1.5,6.0,41.5,4.5,10.5,8.25,13.0,16.0,58.5,2.5,5.75,0.0,0.0,16.75,356.0,0.387002487562189,4.37027722612782,0.4378795986103356,5.315187405768539,0.11500974658869396,0.8667599227773961,0.5704545454545454,1.2231536926147704,0.7291666666666666,1.362568306010929,0.3677925600619995,4.175367046487102,0.3522727272727273,0.19491017964071855,0.0,0.0,0.0,0.0,0.8,0.01861111111111111,177.8,182.88,2.0,9421.25,Jerome Rivera
0.2,0.8,0.2,2.4,21.0,44.0,37.0,60.6,2.0,6.4,14.4,33.8,2.8,5.4,3.8,4.8,13.2,34.4,1.8,2.8,6.0,6.8,172.4,639.6,0.4970426065162907,3.1568665850673194,0.6430097324727996,4.999689922480621,0.39811533359166323,2.1925175686444978,0.32857142857142857,0.18666666666666668,0.6866666666666668,0.3262015503875969,0.42626984126984124,1.5080870217554387,0.5214285714285715,0.3002150537634408,0.5107142857142858,0.9192156862745099,0.21266409266409267,0.38782051282051283,0.9333333333333333,0.34380828540468455,167.64000000000001,170.18,1.0,13530.6,Michel Prazeres
0.4,0.4,0.4,2.4,54.6,130.8,56.8,133.4,0.6,0.8,36.8,108.2,12.4,16.2,5.0,5.4,44.8,119.0,6.0,7.4,3.6,4.4,62.0,683.8,0.36542000533425717,4.6385119634125935,0.3793011963693102,4.916712091071905,0.2864759654624879,3.1020117364752373,0.6287581699346405,1.0982141330011712,0.5560439560439561,0.35305632502308404,0.3210968668135608,3.7656370311286635,0.7214574898785425,0.5235385177886434,0.34423076923076923,0.2761588180978763,0.043287165281625115,0.4,-0.2,0.08097284814104884,177.8,190.5,1.0,11563.6,Yancy Medeiros
0.4,0.6,1.0,2.0,26.8,60.4,30.0,64.2,0.4,1.0,19.6,51.2,6.2,8.0,1.0,1.2,23.0,55.2,1.6,1.8,2.2,3.4,45.2,487.0,0.44960382548845745,4.307854739022903,0.48239697692163325,5.1102526256313165,0.3823113595265494,3.1067965622424802,0.8294117647058823,1.0699477104098414,0.35,0.08633204633204634,0.4180939427355545,3.7273250363879376,0.5599999999999999,0.4074727358937885,0.4666666666666666,0.6523922551087237,0.026666666666666665,0.2,0.5,0.06852260622992332,170.18,172.72,1.0,11435.8,Justin Jaynes
0.0,0.3333333333333333,0.0,2.6666666666666665,43.0,80.0,85.66666666666667,146.0,0.3333333333333333,0.6666666666666666,27.0,61.333333333333336,10.333333333333334,11.333333333333334,5.666666666666667,7.333333333333333,33.0,67.66666666666667,8.0,11.0,0.0,0.3333333333333333,143.66666666666666,787.3333333333334,0.5168642326537064,2.9602214313958086,0.7105920931462762,6.832028469750889,0.39484425349087005,1.8400948991696324,0.6140350877192983,0.6888888888888888,0.85,0.4312376433372875,0.489652870493992,2.2801897983392645,0.7777777777777778,0.6800316330565441,0.0,0.0,0.022222222222222223,0.16666666666666666,-0.8333333333333334,0.15962962962962965,177.80000000000004,182.88,1.0,12725.333333333334,Roque Martinez
0.2,0.0,0.0,2.4,38.8,109.2,42.8,114.0,0.4,2.8,20.0,84.8,8.0,11.6,9.8,12.4,37.6,107.0,0.8,1.0,0.4,1.2,51.0,655.8,0.3358788679933768,3.4045041422480784,0.3625628935075567,3.671170808914746,0.22151750148317656,1.8673488186394036,0.7577352472089315,0.6899630691135161,0.7119047619047619,0.8471922544951591,0.33160522409709137,3.3129412100212456,0.35,0.06489626556016598,0.06666666666666667,0.026666666666666665,0.026666666666666665,0.06666666666666667,0.8,0.07036714149235003,187.96,190.5,1.0,11335.6,Dhiego Lima
0.0,0.3333333333333333,0.0,3.0,58.333333333333336,114.66666666666667,97.66666666666667,153.66666666666666,2.0,6.333333333333333,34.666666666666664,86.33333333333333,13.0,14.333333333333334,11.666666666666666,14.0,43.333333333333336,97.0,10.0,11.666666666666666,3.0,3.0,216.0,858.0,0.6068081343943413,4.681653746770025,0.688302133007741,7.51937984496124,0.4792735042735043,2.9646457857238873,0.9069444444444444,0.9209302325581395,0.8940092165898618,0.9658914728682171,0.5266897707162069,3.316279069767442,0.843097643097643,0.717312661498708,0.6666666666666666,0.20361757105943154,0.18501291989664082,0.3925925925925926,0.9333333333333332,0.29091255269957844,162.56,170.18,1.0,9118.333333333334,Lara Procopio
0.0,0.6,0.6,2.2,20.0,40.2,38.6,59.2,1.6,5.2,14.6,33.0,5.0,6.8,0.0,0.0,15.2,34.6,3.6,4.2,0.8,0.8,184.2,589.2,0.40492161347190836,1.9066417180907067,0.6455498151483553,3.421249675255686,0.36660792038150525,1.3369313695784482,0.14705882352941177,0.3597122302158273,0.0,0.0,0.3551337551337551,1.3633909495779999,0.37,0.25793764988009593,0.4,0.05649880095923261,0.2386615186615187,0.3761904761904762,1.0,0.4149235527162686,185.42,182.88,2.0,13860.0,Demian Maia
0.6,0.0,0.0,1.4,17.0,36.2,17.0,36.4,0.0,0.2,12.4,30.2,3.8,5.2,0.8,0.8,10.4,26.6,1.6,2.8,5.0,6.8,11.8,247.4,0.5100533661740558,5.861709277447732,0.5072484881252753,6.872284552845528,0.43275026689660845,4.2347671312113695,0.653968253968254,1.0026829268292683,0.2,0.128,0.4088721804511278,4.342280944821283,0.37666666666666665,0.6067886178861789,0.5051282051282051,1.6485509746420561,0.0,0.0,0.8,0.06112804878048781,193.04,195.58,2.0,13431.8,Walt Harris
0.0,0.0,0.2,2.6,46.8,126.4,63.4,147.6,0.2,1.0,28.0,98.4,15.4,22.4,2.6,4.0,42.0,116.6,3.4,4.6,1.4,2.2,39.0,760.2,0.36650239678017454,3.537313432835821,0.4208229711637741,4.643980099502487,0.27580348641237024,2.052139303482587,0.7036631826954408,1.2191044776119404,0.6761904761904762,0.26606965174129354,0.34448465327775674,3.217313432835821,0.4866666666666667,0.22666666666666666,0.12727272727272726,0.09333333333333334,0.013333333333333332,0.2,0.8,0.043333333333333335,170.18,185.42000000000002,1.0,11487.2,Kevin Aguilar
0.2,0.0,0.0,3.0,39.4,76.0,58.8,96.2,0.6,2.6,24.4,55.0,11.0,15.6,4.0,5.0,31.4,64.8,6.4,8.8,1.8,2.2,126.4,582.0,0.5562064251537936,2.820141613305471,0.6613629590941429,3.9562891383499883,0.4506465380981279,1.721580900151227,0.5602932551319648,0.7928159323552224,0.7133333333333333,0.3057447807990211,0.4119127715242124,2.0125003882886783,0.4261904761904762,0.37098694516971276,0.7333333333333333,0.4687398413444056,0.1302092050209205,0.2333333333333333,0.8,0.24311013482740212,185.42,182.88,1.0,13648.8,Jacare Souza
0.0,0.2,0.0,2.2,21.2,46.6,37.4,64.8,0.0,0.0,8.8,30.0,3.6,5.8,7.6,9.8,20.2,45.6,0.8,0.8,0.2,0.2,10.8,561.0,0.47124513995266576,2.629657271685432,0.5599462362951572,3.802177694846704,0.31539219401288365,0.8983532267412299,0.6463157894736842,0.39722910754497354,0.8529814271749755,1.0862536741451798,0.45471570912747383,2.4261452045122756,0.4,0.07684684382033796,0.2,0.03225806451612903,0.0,0.0,0.4,0.018685121107266438,193.04,200.66,1.0,12418.0,Maurice Greene
0.0,0.0,0.0,1.3333333333333333,9.666666666666666,24.0,10.666666666666666,26.0,0.0,0.3333333333333333,5.333333333333333,19.333333333333332,1.0,1.3333333333333333,2.6666666666666665,3.3333333333333335,9.0,24.0,0.0,0.0,0.0,0.0,10.666666666666666,215.66666666666666,0.36213944309896334,3.8769193843019347,0.3977053140096618,4.806606692692621,0.2488992488992489,2.492044220099066,0.5555555555555555,0.4372631491275559,0.2962962962962963,0.3931203931203931,0.3292987206030684,3.1247420782304505,0.0,0.0,0.0,0.0,0.0,0.0,0.3333333333333333,0.06201550387596899,175.26,182.88,3.0,10563.333333333334,Christian Aguilera
0.0,0.4,0.2,1.6,30.4,52.0,41.4,64.4,3.0,6.2,25.0,46.0,3.8,4.4,1.6,1.6,5.8,21.2,3.0,4.6,14.0,20.0,306.4,437.8,0.548534033407853,4.294402720933844,0.6106005868329359,5.606864536043896,0.5098253324318233,3.577701271289402,0.6555555555555556,0.406401933447856,1.0,0.2581551287920826,0.30313887216565905,1.1891280232579362,0.5633333333333332,0.32794183097141494,0.6447111817700053,1.823087728211068,0.3072862272862273,0.46464646464646464,1.0,0.5275129315462939,170.18,180.34,1.0,11862.6,Gregor Gillespie
0.0,0.0,0.0,2.0,36.0,73.0,37.0,74.0,0.0,0.0,3.0,26.5,6.0,10.5,11.5,15.0,35.5,72.5,0.5,0.5,0.0,0.0,6.0,501.0,0.36282774643212745,2.9215686274509807,0.38682557280118257,2.954901960784314,0.08313397129186603,0.19999999999999998,0.3157894736842105,0.4,0.6397058823529411,1.5215686274509803,0.33205128205128204,2.888235294117647,0.5,0.03333333333333333,0.0,0.0,0.0,0.0,0.5,0.006666666666666667,193.04,198.12,3.0,10692.5,KB Bhullar
0.3333333333333333,0.3333333333333333,0.3333333333333333,2.6666666666666665,71.0,132.0,90.33333333333333,151.66666666666666,2.3333333333333335,3.0,35.666666666666664,88.0,20.333333333333332,26.333333333333332,5.666666666666667,6.333333333333333,61.666666666666664,118.0,7.666666666666667,8.666666666666666,4.0,5.333333333333333,226.66666666666666,789.3333333333334,0.5530145921523933,5.543818466353677,0.5862348523638846,6.645696400625979,0.4019283937763896,2.637558685446009,0.8416459541563105,1.7185185185185186,0.9393939393939394,0.46870109546165883,0.5209800953953403,4.682629107981221,0.8888888888888888,0.5815336463223787,0.8055555555555555,0.2796557120500782,0.16854460093896714,0.7777777777777777,0.4444444444444444,0.2589958268127282,170.18,175.26,1.0,9475.333333333334,Kai Kamaka
0.6,0.0,0.0,2.2,52.0,108.8,60.0,114.6,0.4,1.4,36.4,91.0,8.4,10.6,5.2,6.8,43.4,96.2,7.0,9.0,2.8,3.2,66.6,540.2,0.4983483412322275,5.390068340558257,0.5132859362859362,5.883692131603094,0.4534691362277569,4.023711174639121,0.6280555555555556,0.7731950553913797,0.6119658119658119,0.5931621105277552,0.4935232274728073,4.530054891157002,0.6682706766917292,0.6136237910448374,0.58,0.24638965835641735,0.026666666666666665,0.08,1.0,0.13203174728220843,167.64000000000001,170.18,2.0,12313.8,Luke Sanders
0.0,0.5,0.0,3.0,27.5,55.0,35.0,63.5,2.0,6.0,10.0,32.5,4.0,8.0,13.5,14.5,25.0,51.0,1.5,3.0,1.0,1.0,130.0,900.0,0.5069628647214854,1.8333333333333335,0.5584496510468594,2.3333333333333335,0.31404174573055027,0.6666666666666667,0.5238095238095238,0.26666666666666666,0.9333333333333333,0.9,0.49269230769230765,1.6666666666666667,0.25,0.1,0.5,0.06666666666666667,0.13333333333333333,0.3142857142857143,0.7285714285714286,0.14444444444444443,182.88,190.5,2.0,10188.0,Stefan Sekulic
0.2,0.0,0.2,3.0,69.2,146.6,75.6,154.8,0.4,1.4,28.6,92.6,15.4,22.4,17.6,21.6,60.6,134.6,5.2,8.0,2.2,4.0,41.8,887.4,0.482824826268385,4.706666666666667,0.5029430657537359,5.134336917562724,0.32410888097442875,1.9317562724014337,0.676404264518238,1.0497491039426523,0.8217251461988304,1.44,0.46209286153071244,4.20831541218638,0.6428571428571429,0.3506810035842293,0.39880952380952384,0.14767025089605734,0.027670250896057347,0.26666666666666666,0.2,0.046979689366786134,165.1,165.1,1.0,11410.4,Justine Kish
0.5,0.25,0.25,1.25,19.5,53.75,23.25,58.0,0.0,1.5,11.5,41.0,3.5,7.5,4.5,5.25,13.0,43.25,4.5,8.0,2.0,2.5,14.25,228.75,0.3829899267399267,5.905711838070664,0.420806663365572,7.091427767547282,0.2972319551842646,3.627975754638297,0.5055555555555555,1.0933082807785073,0.8875,1.401650653894349,0.30122655122655123,3.663121603363116,0.5571428571428572,0.9949510124862767,0.625,0.6467801156920601,0.0,0.0,-0.5,0.05871531714433868,172.72,175.26,1.0,11682.25,Anthony Birchak
0.0,1.4,0.8,3.0,58.6,116.4,69.2,131.6,1.0,2.2,45.8,103.6,5.8,9.6,2.8,3.2,36.4,83.4,4.2,6.8,9.8,13.4,267.4,829.4,0.522147987147987,4.378870868058089,0.5312020340643506,5.139097764180048,0.4941916845497518,3.516653231535419,0.6196491228070176,0.4132227259524276,0.735,0.2020008624407072,0.42217669693236604,2.5794312241923576,0.4877777777777778,0.3202373887240356,0.5663919413919414,0.9036216186823374,0.07770928582487849,0.38571428571428573,0.4,0.3547388549397426,190.5,190.5,2.0,9763.0,Luis Pena
0.0,0.0,0.0,1.8,14.6,22.8,38.2,51.0,2.0,4.6,11.4,19.2,2.4,2.6,0.8,0.8,5.2,10.4,2.6,3.4,6.4,8.8,214.2,430.0,0.5276180836707153,1.9639187574671442,0.6328741221962011,4.774814814814815,0.4092950845582425,1.1155555555555554,0.76,0.6281481481481481,0.4,0.2335483870967742,0.40242690058479536,0.7609557945041815,0.61,0.7496296296296296,0.2968421052631579,0.44000000000000006,0.32673816673816675,0.5424242424242424,0.8,0.398859649122807,182.88,190.5,1.0,11959.0,Bartosz Fabinski
0.0,1.0,0.0,1.6666666666666667,14.666666666666666,20.666666666666668,36.333333333333336,45.666666666666664,3.6666666666666665,4.666666666666667,12.0,17.0,2.0,2.0,0.6666666666666666,1.6666666666666667,3.3333333333333335,9.333333333333334,3.0,3.0,8.666666666666666,9.666666666666666,177.33333333333334,369.6666666666667,0.6223410576351753,3.2751322751322753,0.7741174055829229,7.187635756056809,0.5986616868969811,2.789334447229184,1.0,0.4256474519632414,0.2222222222222222,0.06015037593984962,0.2801120448179271,0.45263157894736844,0.6666666666666666,0.5832637148426622,0.9148148148148149,1.9083001621701314,0.4291810607600081,0.8380952380952381,0.8666666666666667,0.5631853070175439,190.5,200.66,1.0,13742.666666666666,Juan Espino
0.25,0.0,0.0,2.0,19.75,48.0,37.0,68.0,0.0,0.25,8.5,34.25,3.0,5.0,8.0,8.75,19.5,46.75,0.0,1.25,0.0,0.0,53.25,528.0,0.35063468265867065,1.8628807434176564,0.4397890340544014,3.3877289377289377,0.2128787878787879,0.8956043956043955,0.5032467532467533,0.39743589743589747,0.45751633986928103,0.5333333333333333,0.3786231884057971,1.8263736263736265,0.0,0.0,0.0,0.0,0.0,0.0,1.0,0.08767704517704518,182.88,187.96,1.0,12261.5,Yorgan De Castro
0.5,0.0,0.0,2.0,24.0,50.0,32.5,60.0,0.0,0.5,14.0,37.5,6.0,7.5,4.0,5.0,13.5,34.0,10.0,14.0,0.5,0.5,102.5,436.5,0.5711722488038278,3.2981345716512145,0.6546296296296297,4.036195353127336,0.501056338028169,1.5798889966762615,0.6730769230769231,0.6424039057903023,0.75,1.0201640135069947,0.4801196340605208,2.1435727803311018,0.8166666666666667,0.9897266264849477,0.5,0.16483516483516483,0.0,0.0,1.0,0.22928229512889425,190.5,187.96,1.0,12665.5,Jarjis Danho
0.25,0.25,0.5,2.75,47.5,96.5,68.75,120.75,1.0,3.75,25.75,67.25,10.75,16.25,11.0,13.0,37.75,81.75,5.0,8.75,4.75,6.0,187.0,805.0,0.5225452281512719,3.921794871794872,0.5850440805623072,5.399358974358974,0.40665015486444056,2.167307692307692,0.7264724310776942,0.875,0.857257326007326,0.8794871794871796,0.4933721430645429,3.2352564102564108,0.5857683982683983,0.3698717948717949,0.5321428571428571,0.31666666666666665,0.08333333333333333,0.15625,0.1875,0.21926282051282053,172.72,175.26,1.0,10350.25,Hunter Azure
0.0,1.6,1.0,2.8,33.8,71.0,45.8,84.8,1.4,3.8,29.2,65.4,4.2,5.0,0.4,0.6,25.4,58.0,2.2,2.6,5.8,8.2,226.6,823.6,0.49697674527222374,2.400823680823681,0.5569889091280534,3.2499871299871304,0.46513574982231704,2.074491634491635,0.8303030303030304,0.29966537966537965,0.13333333333333333,0.026666666666666665,0.453861403557043,1.781827541827542,0.5333333333333333,0.17616473616473619,0.6105263157894737,0.4428314028314029,0.09333333333333334,0.36428571428571427,0.5,0.2525971685971686,177.8,185.42000000000002,2.0,10941.2,Jordan Griffin
0.2,0.4,0.0,2.6,58.6,121.8,71.6,135.0,0.8,2.4,35.4,91.2,9.8,14.8,13.4,16.0,50.6,110.8,4.2,6.0,3.8,5.0,180.2,738.0,0.487386453794021,4.506666666666666,0.5221282781009086,5.373333333333333,0.37883068318538027,2.4799999999999995,0.6360784313725489,0.8933333333333333,0.8210925306577481,1.1333333333333333,0.46882998530132286,3.9733333333333336,0.5333333333333333,0.28,0.152,0.2533333333333333,0.05333333333333333,0.33999999999999997,1.0,0.20022222222222225,177.8,180.34,1.0,10496.2,Mike Perry
0.4,0.0,0.0,3.4,61.8,113.4,92.6,160.2,1.4,4.4,39.4,85.8,13.6,16.8,10.6,11.0,48.6,94.2,8.6,12.0,5.6,8.6,218.0,665.0,0.6178692135846002,4.228631264297061,0.6793911007025761,6.06173785483446,0.5340257998910423,2.5557857103731783,0.8974178762414056,0.9339024161217374,0.9700534759358289,0.7389431378021457,0.5812848689771767,3.413529895691776,0.569047619047619,0.5702136401457552,0.218018018018018,0.24488772845953005,0.10239990818580895,0.35238095238095235,0.9333333333333333,0.24432064662926284,193.04,200.66,1.0,13454.4,Stipe Miocic
0.2,0.2,0.0,3.6,34.2,63.4,57.4,87.2,0.2,1.8,18.8,44.8,12.4,15.4,3.0,3.2,14.0,40.0,10.4,12.6,5.2,7.6,106.6,699.0,0.5370648416450612,2.9538670511339262,0.6463805850359343,4.284963700402385,0.38598629977940324,1.7042293664518717,0.8028723770209838,0.9754477299383385,0.9333333333333332,0.2101598229169736,0.35352158036368564,1.0329885759088104,0.888888888888889,0.8330598321680018,0.16666666666666669,0.7058823529411765,0.009382329945269743,0.2,0.4,0.16116792331693458,175.26,187.96,1.0,13601.8,Tyron Woodley
0.2,0.0,0.0,2.6,45.2,115.6,45.4,116.2,0.2,1.4,23.8,84.2,8.0,14.6,13.0,16.8,42.2,111.4,2.6,3.2,0.4,1.0,10.0,694.6,0.38863468297880155,4.061853615386361,0.3927022283984759,4.092080315638251,0.28041643461802523,2.253905997161665,0.5067651888341544,0.6484567860827306,0.7879318488529015,1.1594908321419655,0.37988867876278076,3.859674128206874,0.34285714285714286,0.17333333333333334,0.08,0.028846153846153844,0.014423076923076922,0.1,0.6,0.014112933365452256,170.18,177.8,2.0,9980.8,Thomas Almeida
0.0,0.3333333333333333,0.0,2.3333333333333335,21.0,50.333333333333336,35.0,68.0,0.6666666666666666,1.3333333333333333,12.0,39.666666666666664,6.333333333333333,7.333333333333333,2.6666666666666665,3.3333333333333335,16.0,40.333333333333336,3.0,7.0,2.0,3.0,22.666666666666668,563.3333333333334,0.43374853001175984,4.227137964714465,0.5289028491655562,5.844763423710792,0.3246157224418094,2.6435716545500205,0.8714285714285714,1.0113414850256957,0.5555555555555555,0.21648059542796383,0.4130313624157673,2.7963653323679156,0.3333333333333333,0.7023858214042263,0.2222222222222222,0.7361963190184048,0.15444015444015444,0.2222222222222222,-0.3333333333333333,0.13571006589411497,165.1,170.18,1.0,11451.333333333334,Gustavo Lopez
0.0,0.0,0.0,1.5,2.5,12.0,9.0,21.0,0.5,0.5,1.5,10.0,0.5,1.5,0.5,0.5,2.0,11.5,0.0,0.0,0.0,0.0,6.0,278.5,0.1956521739130435,1.0323886639676112,0.3321718931475029,1.6894761680037753,0.08881578947368421,0.15603271983640082,0.25,0.06134969325153374,0.5,0.7692307692307692,0.18333333333333335,0.9532798489853704,0.0,0.0,0.0,0.0,0.2,0.5,0.0,0.15384615384615385,170.18,177.8,1.0,12052.5,Ray Rodriguez
0.0,0.0,0.0,1.0,2.5,9.0,3.5,9.5,0.0,1.5,1.5,4.5,0.0,2.5,0.0,2.0,1.5,7.5,0.0,0.0,0.0,0.0,8.0,92.5,0.2163418290854573,0.9690402476780184,0.25838204663038367,1.3,0.2763157894736842,0.7392156862745097,0.0,0.0,0.0,0.0,0.14215686274509803,0.7860962566844919,0.0,0.0,0.0,0.0,0.0,0.0,1.0,0.08441176470588235,182.88,198.12,3.0,11304.5,Aalon Cruz
0.0,0.0,0.0,2.2,35.2,78.4,45.2,94.6,0.4,1.0,19.2,60.0,6.8,8.2,8.6,10.4,25.8,61.4,5.4,7.8,4.2,5.4,33.4,587.2,0.4968871400135768,3.4039653917684163,0.5541725239464442,4.40289156626506,0.38591100525565586,1.9142546657217103,0.528235294117647,0.4533333333333333,0.7361937452326468,0.9984313725490196,0.4223076923076922,2.5064209780297664,0.4295652173913044,0.48,0.28363636363636363,0.27999999999999997,0.026666666666666665,0.13333333333333333,0.2,0.09179651941097725,167.64000000000001,175.26,1.0,11156.8,Jordan Espinosa
0.4,0.0,0.4,2.2,36.2,80.2,47.6,93.4,1.0,2.6,16.6,48.4,10.8,17.6,8.8,13.4,31.8,73.0,3.4,5.4,1.0,1.8,108.6,617.8,0.47810204512205584,3.998813174332765,0.5321774314697534,5.028557637705849,0.35796612743981165,1.9635533170382442,0.6401122207590925,1.0864184134508554,0.6811111111111112,0.948841443843666,0.4679163120418128,3.5063005209490647,0.43499999999999994,0.4045171962570674,0.4,0.08799545712663259,0.09266409266409267,0.11666666666666667,0.8,0.1378500357998173,162.56,165.1,2.0,12968.0,Joseph Benavidez
0.2,0.2,0.2,1.0,5.0,10.8,13.0,19.4,0.2,0.8,4.2,9.2,0.8,1.2,0.2,0.2,2.6,6.6,0.6,1.0,2.0,2.8,43.8,168.6,0.45777777777777784,1.8661898532079302,0.5675,4.043993198329283,0.358173374613003,1.3719843565198846,0.7,0.40997785441162266,0.2,0.0975609756097561,0.3661471861471861,1.2272931340427309,0.3,0.1725676052411486,0.15384615384615385,0.5063291139240506,0.050632911392405056,0.1,1.0,0.16366842649382027,182.88,182.88,1.0,10877.0,Megan Anderson
0.0,0.5,0.5,3.0,45.5,99.0,72.0,128.0,0.0,2.0,33.0,81.5,6.5,10.5,6.0,7.0,36.0,85.0,8.0,12.0,1.5,2.0,32.0,829.0,0.41304347826086957,3.1270008795074755,0.510085933966531,4.9436235708003515,0.3394575678040245,2.2499560246262096,0.5833333333333333,0.4520668425681618,0.9,0.42497801231310467,0.3664274322169059,2.462445030782762,0.680672268907563,0.5645558487247142,0.5,0.1,0.0,0.0,-0.25,0.03930225740252125,167.64000000000001,172.72,1.0,11330.0,Vince Cachero
0.0,0.2,0.0,3.0,54.4,136.6,66.0,149.0,0.6,2.8,27.8,99.0,11.0,17.0,15.6,20.6,46.8,126.4,6.0,8.4,1.6,1.8,67.2,900.0,0.4076072053022175,3.6266666666666665,0.45386139323475233,4.3999999999999995,0.2782109476611915,1.853333333333333,0.6273809523809524,0.7333333333333334,0.7911060940118176,1.04,0.3741687197367548,3.12,0.5700000000000001,0.4,0.36,0.10666666666666666,0.04,0.17333333333333334,1.0,0.07466666666666666,162.56,172.72,1.0,11065.8,Jimmie Rivera
0.0,0.0,0.4,2.2,29.2,76.0,49.8,100.2,0.6,1.2,16.8,58.6,9.0,13.2,3.4,4.2,19.6,62.8,5.4,7.6,4.2,5.6,42.4,557.4,0.47121422267053337,3.9388068300555887,0.5438562293121855,5.704728569269894,0.3883078159533856,2.6566739005327333,0.75,1.0192502499702607,0.6833333333333333,0.2628826795525934,0.3886862589679491,2.780930114423686,0.6304347826086957,0.43955014998215647,0.41789473684210526,0.5516598989830792,0.07363484087102176,0.25,0.0,0.0912561763820167,167.64000000000001,175.26,1.0,11221.6,Shana Dobson
0.4,0.0,0.0,3.0,54.6,71.4,69.0,87.2,1.2,3.2,37.0,52.8,11.0,12.0,6.0,6.6,19.2,31.4,7.6,7.8,16.6,21.6,235.8,598.2,0.680952380952381,4.6968150565356455,0.7364616906983319,5.872943977219352,0.5819934451513399,3.406715028611579,0.9781637717121588,0.8988641382641523,0.755,0.3912358896599143,0.6096185230518156,1.3102624040658672,0.7846153846153847,0.6404660315854059,0.7267076167076167,1.8333724825974784,0.07040656541424221,0.44000000000000006,1.0,0.287384318686133,193.04,200.66,1.0,13860.0,Alistair Overeem
0.5,0.5,0.5,2.5,44.25,96.0,59.0,112.75,0.5,0.75,27.25,70.25,10.5,15.75,3.5,4.75,39.25,88.5,1.0,1.25,4.5,6.25,62.75,708.25,0.48750646997929603,3.5178220196689853,0.5818805558721294,4.754829295594467,0.4438083433220733,2.070804349564244,0.5758928571428572,0.960470136723435,0.65,0.3532142000479731,0.45365825151940153,3.1449108499240426,0.25,0.06666666666666667,0.44375,0.30624450307827616,0.07121212121212121,0.5,0.0,0.08377122144932171,177.8,185.42000000000002,1.0,11504.75,Martin Day
0.2,0.8,0.2,2.6,51.8,114.2,61.0,126.2,1.8,6.8,33.0,91.4,11.4,15.0,7.4,7.8,34.2,92.0,9.2,11.6,4.2,5.8,176.8,702.0,0.46138578260388385,4.407826759474091,0.49215835046342005,5.344686774941995,0.3579062049062049,2.7003105204100337,0.7780193236714976,0.9241891492040558,0.9277777777777778,0.591846822855767,0.40275975347403914,2.8466544637555176,0.7710924369747898,0.8870533642691415,0.35686274509803917,0.5483530764572603,0.19900899301495573,0.27263157894736845,1.0,0.2859991388581095,172.72,172.72,1.0,12806.8,Nik Lentz
0.0,0.4,0.2,2.2,22.6,56.0,46.6,85.8,2.0,6.6,16.4,49.2,2.4,3.0,3.8,3.8,17.4,48.6,1.4,2.0,3.8,5.4,301.4,647.6,0.43134477247499625,2.823615257048093,0.5820532602475147,5.296053067993366,0.36974149765874864,2.0965174129353232,0.7,0.28577114427860695,1.0,0.44132669983416245,0.3801031027795734,1.9444112769485904,0.6666666666666666,0.15621890547263684,0.6033333333333333,0.7229850746268657,0.19588723051409618,0.46439393939393947,1.0,0.50445072881208,187.96,200.66,1.0,10608.8,Antonio Carlos Junior
0.2,0.0,0.0,2.6,52.0,137.6,70.0,158.6,0.4,3.8,33.2,108.6,12.0,18.2,6.8,10.8,46.2,129.2,4.2,6.6,1.6,1.8,162.2,746.6,0.40118664703168927,4.515577478360776,0.4576508315517359,6.1266486746923,0.33474858366843374,3.063695901940371,0.6276822523881347,0.9522112945124478,0.7221678321678321,0.4996702819079579,0.384406146352735,4.061089289384398,0.35666666666666663,0.27999999999999997,0.37142857142857144,0.17448818897637794,0.026666666666666665,0.05,1.0,0.22110933437556507,185.42,187.96,1.0,11548.2,Andrew Sanchez
0.4,0.6,0.2,1.6,21.6,47.2,22.8,48.8,0.0,1.0,14.2,36.6,6.2,8.8,1.4,1.8,19.4,44.2,0.8,1.0,1.4,1.8,17.8,380.6,0.503622395263262,4.304376583810513,0.57416263475087,4.666755040044187,0.3040421146847876,3.1077091834496073,0.523063063063063,0.629848630130029,0.34285714285714286,0.30196078431372547,0.3751265418448081,3.4243920564384522,0.2,0.1672473867595819,0.27142857142857146,0.7622203811101905,0.0,0.0,0.6,0.05147488951962018,190.5,185.42000000000002,2.0,10091.4,Tom Breese
0.0,0.4,0.0,2.4,31.6,68.4,41.2,78.6,0.2,2.0,15.8,47.4,12.0,16.6,2.8,3.6,22.2,54.8,8.8,13.0,0.4,0.6,101.6,653.8,0.45776501889356574,3.0615105979262776,0.5135691240303014,3.7596032409780493,0.3206534674889105,1.5961921205744551,0.7597744360902257,1.1017055602017967,0.8400000000000001,0.36361291715002564,0.4232194965986825,2.3573870738572493,0.5115384615384615,0.6774568574023615,0.13333333333333333,0.026666666666666665,0.0326975476839237,0.02857142857142857,0.8,0.16420405691795337,185.42,185.42000000000002,1.0,11474.0,Markus Perez
0.0,0.0,0.0,1.25,10.0,19.0,10.75,20.0,0.0,2.25,1.75,6.25,4.25,7.25,4.25,5.5,8.5,16.0,1.0,1.5,0.0,0.0,43.0,213.0,0.5238095238095237,2.3470571115223278,0.5292207792207791,2.592607485010365,0.15516194331983807,0.28041794171973644,0.4305555555555556,1.016141500617277,0.886904761904762,1.0279590630054891,0.5067405010784802,1.9861659603529294,0.4,0.2349257537123144,0.0,0.0,0.0,0.0,1.0,0.2802263708809148,193.04,193.04,1.0,11201.5,Vinicius Moreira
0.0,0.5,0.0,2.5,33.5,103.5,42.0,112.5,0.5,5.5,24.0,88.0,5.5,11.5,4.5,5.0,31.0,97.5,2.0,4.5,0.5,1.5,41.0,699.0,0.4092039800995025,2.3964912280701753,0.5138888888888888,3.1333333333333333,0.1629436964504284,1.6,0.5855263157894737,0.4473895582329317,0.45,0.3,0.35789473684210527,2.1204819277108435,0.6875,0.1602409638554217,0.16666666666666666,0.03333333333333333,0.03333333333333333,0.027777777777777776,0.5,0.05138554216867469,175.26,182.88,1.0,9131.0,Jacob Kilburn
0.0,0.4,0.2,2.8,35.6,106.4,73.0,150.0,0.4,1.4,22.8,89.4,5.2,8.6,7.2,8.4,25.6,92.4,1.4,3.4,7.0,9.4,141.8,777.6,0.4320439780109945,2.6187853569969954,0.5486694840379978,5.625149798422152,0.3633890746934225,1.7406799057011955,0.47445887445887447,0.3631814119749776,0.5518518518518519,0.5149240393208222,0.3626643865671085,1.769458215652822,0.26666666666666666,0.0960857908847185,0.47428571428571437,0.7581775906898127,0.04048265460030166,0.16666666666666666,0.2,0.22771612231886634,170.18,170.18,1.0,11513.0,Sarah Moras
0.0,0.0,0.0,3.0,52.25,162.5,69.5,185.75,0.0,0.75,36.25,137.5,7.5,14.75,8.5,10.75,49.75,155.5,2.0,2.0,0.5,0.5,6.25,900.0,0.3141735700197239,3.4833333333333334,0.38492408761806757,4.633333333333333,0.2515266429666926,2.416666666666667,0.6160714285714286,0.5,0.7628787878787879,0.5666666666666667,0.30004337273163184,3.3166666666666664,0.5,0.13333333333333333,0.25,0.03333333333333333,0.0,0.0,0.75,0.006944444444444444,165.1,165.1,1.0,11708.25,Vanessa Melo
0.2,0.2,0.6,2.6,47.2,85.2,61.4,101.4,0.0,0.4,28.2,60.0,9.4,13.4,9.6,11.8,40.4,76.2,5.0,6.8,1.8,2.2,76.4,740.2,0.5544052374164158,3.72229112334589,0.5995208046466628,4.766297691490389,0.4243663067192479,2.1088534724234522,0.7152236652236653,0.8205196561383173,0.8187878787878787,0.7628899835796388,0.5282994127408734,3.1903950545735533,0.6148148148148147,0.38200328407224954,0.85,0.1498927847000869,0.0,0.0,1.0,0.08500280112044818,177.8,182.88,1.0,12042.6,Anthony Pettis
0.0,0.0,0.0,3.0,52.5,131.0,59.0,139.0,0.0,0.5,39.5,114.5,6.0,9.0,7.0,7.5,52.0,129.0,0.5,1.5,0.0,0.5,0.0,900.0,0.3865384615384615,3.5,0.40490067055210877,3.9333333333333336,0.3254734848484848,2.6333333333333333,0.6666666666666666,0.4,0.9285714285714286,0.4666666666666667,0.3895056926667138,3.466666666666667,0.25,0.03333333333333333,0.0,0.0,0.0,0.0,-1.0,0.0,177.8,190.5,1.0,10039.5,Carlton Minus
0.2,0.0,0.0,1.8,14.8,34.0,15.0,34.4,0.0,0.2,6.2,22.4,5.2,7.4,3.4,4.4,13.0,30.0,1.2,2.2,0.6,1.8,2.2,367.2,0.45168831168831164,2.5489071641010477,0.4561443705346145,2.5912566501509735,0.2745340049687876,0.9932094490760098,0.699047619047619,0.8108551272485652,0.7511904761904762,0.7448425877764719,0.45371675943104517,2.2905339583594206,0.10909090909090909,0.17224880382775118,0.06666666666666667,0.08612440191387559,0.0,0.0,1.0,0.005263157894736842,193.04,195.58,1.0,13142.6,Junior Dos Santos
0.0,0.0,0.0,3.0,35.5,72.0,64.5,103.5,0.0,1.0,15.0,47.5,9.0,12.0,11.0,12.5,31.5,67.0,4.0,5.0,0.0,0.0,79.5,841.0,0.4776164549304295,2.6080988917306054,0.6227570093457944,4.606820119352088,0.3146243291592129,1.0855072463768116,0.75,0.6452685421994885,0.7282608695652174,0.8773231031543052,0.43531976744186046,2.3414322250639383,0.4444444444444444,0.26666666666666666,0.0,0.0,0.0,0.0,0.25,0.0937823245240125,177.8,185.42000000000002,2.0,12480.0,Peter Barrett
0.0,0.0,0.2,2.2,24.6,45.8,34.8,57.2,0.2,1.4,13.6,32.6,4.0,5.2,6.6,7.8,13.0,30.0,4.6,7.4,1.6,2.4,65.0,566.6,0.4512820273471475,2.370641570004564,0.5097899928430117,3.2007843617118907,0.2880198748619801,1.229950219995504,0.605,0.33588668971213564,0.6900000000000001,0.7202720588985082,0.36010440539852306,1.4470935176970847,0.43030303030303035,0.48247422680412366,0.4,0.10666666666666666,0.017804154302670624,0.06666666666666667,0.2,0.07326541378173426,177.8,172.72,1.0,12397.8,Matt Wiman
0.2,0.0,0.0,2.2,37.6,78.6,42.0,83.6,1.4,3.8,14.6,48.0,6.2,10.2,15.2,19.4,30.6,69.6,2.4,3.8,4.4,5.2,118.6,564.6,0.4345321372383542,3.620339868466489,0.45917954877614375,4.0778392777859995,0.24415754331900627,1.2455448670514528,0.5440914158305463,0.6464565142321543,0.6767576509511993,1.32,0.3930210225492219,2.995893957728395,0.45555555555555555,0.22942923388091357,0.3666666666666667,0.32183908045977005,0.13425682008781017,0.32047619047619047,0.6714285714285715,0.16149369378257936,172.72,175.26,2.0,10613.4,Jose Quinonez
0.0,0.3333333333333333,0.3333333333333333,2.6666666666666665,30.333333333333332,68.33333333333333,36.666666666666664,76.66666666666667,1.3333333333333333,1.6666666666666667,18.333333333333332,51.0,11.0,15.666666666666666,1.0,1.6666666666666667,26.0,63.333333333333336,3.6666666666666665,4.0,0.6666666666666666,1.0,21.333333333333332,707.0,0.5195906432748538,2.3816629090660655,0.5457721872816212,2.902070096331215,0.4373875743738757,1.4639611942337911,0.7931488801054019,0.8224636195941791,0.5,0.09523809523809523,0.4715873355839087,2.0264808362369338,0.625,0.25762109721937554,0.2222222222222222,0.09756097560975611,0.13333333333333333,0.3333333333333333,-0.3333333333333333,0.04655143358156271,162.56,165.1,1.0,10350.666666666666,Rachael Ostovich
0.0,0.3333333333333333,1.3333333333333333,2.3333333333333335,26.666666666666668,49.333333333333336,40.333333333333336,68.33333333333333,2.3333333333333335,5.666666666666667,22.333333333333332,42.333333333333336,1.6666666666666667,3.6666666666666665,2.6666666666666665,3.3333333333333335,11.0,22.333333333333332,3.0,4.0,12.0,16.666666666666668,240.33333333333334,628.3333333333334,0.5614078323902657,4.155555555555556,0.60712603529941,5.711111111111111,0.5226869726869726,3.1475915221579966,0.4583333333333333,0.11111111111111112,0.9166666666666666,0.3908496732026143,0.46273620559334844,1.1594771241830064,0.7111111111111111,0.688888888888889,0.6114331723027374,1.3544477028347996,0.15555555555555556,0.2692307692307692,0.888888888888889,0.3233769063180828,172.72,180.34,3.0,9916.333333333334,Spike Carlyle
0.4,0.4,0.2,2.2,45.8,102.8,54.0,108.6,0.2,0.6,28.2,79.0,8.6,12.8,10.0,12.0,38.2,91.4,7.0,11.4,1.2,2.0,11.4,541.6,0.4745661481008471,5.089276510581156,0.48278528803685533,5.79685324158303,0.3654764691276558,3.380745170231422,0.6528071928071928,0.9312019553032249,0.8847854931446262,1.1341900103749816,0.46428960818351134,4.173303462507553,0.3027472527472527,0.6,0.24761904761904763,0.10573508005822416,0.013333333333333332,0.1,0.8,0.016526928675400294,182.88,185.42000000000002,2.0,13337.4,Alan Jouban
0.0,0.0,0.0,3.8,74.0,162.6,92.4,181.0,0.2,1.2,45.4,122.4,13.6,19.4,15.2,18.6,62.6,148.6,8.0,12.0,1.2,1.6,68.8,900.0,0.45730764950040764,3.8906666666666667,0.5072109661197585,4.810666666666667,0.36905840521554645,2.3440000000000003,0.6974182139699381,0.6986666666666667,0.8081932773109244,0.8480000000000001,0.4354740899877375,3.408,0.7288888888888889,0.40800000000000003,0.5333333333333333,0.07466666666666666,0.008,0.1,0.9,0.06728888888888887,180.34,177.8,1.0,12912.6,Paul Felder
0.0,0.0,0.6666666666666666,3.0,55.0,105.33333333333333,77.66666666666667,131.66666666666666,2.6666666666666665,6.666666666666667,39.333333333333336,86.66666666666667,12.0,14.666666666666666,3.6666666666666665,4.0,46.666666666666664,94.33333333333333,6.333333333333333,8.0,2.0,3.0,175.33333333333334,900.0,0.5318765664160402,3.6666666666666665,0.5960839740690487,5.177777777777778,0.4657692780499798,2.6222222222222222,0.8227513227513228,0.8000000000000002,0.9333333333333332,0.24444444444444446,0.5081612831612832,3.1111111111111107,0.8263888888888888,0.4222222222222222,0.45,0.13333333333333333,0.20000000000000004,0.40079365079365076,1.0,0.1948148148148148,170.18,182.88,1.0,10267.0,Geraldo de Freitas
0.0,0.0,0.0,3.0,40.25,99.5,69.0,131.25,0.0,3.5,17.75,66.0,9.0,15.25,9.5,12.75,28.5,82.0,11.75,17.5,0.0,0.0,237.0,794.5,0.3969649237666171,3.159168225506553,0.5230815186421277,5.297695163945016,0.2688144240747146,1.3965817871326895,0.5832125603864735,0.65123387092244,0.746279761904762,0.7759961127308066,0.3321178381568093,2.2897231725059966,0.7026515151515151,0.869445053000556,0.0,0.0,0.0,0.0,0.9583333333333334,0.28233614860753004,190.5,200.66,1.0,10408.0,Bevon Lewis
0.0,0.0,0.0,2.3333333333333335,35.666666666666664,69.66666666666667,41.0,75.33333333333333,0.3333333333333333,0.3333333333333333,25.666666666666668,54.666666666666664,7.333333333333333,11.333333333333334,2.6666666666666665,3.6666666666666665,29.0,61.333333333333336,3.6666666666666665,4.666666666666667,3.0,3.6666666666666665,47.333333333333336,626.3333333333334,0.46725195094760313,2.9211239626811634,0.49444444444444446,3.3334629863409417,0.4087144739318653,2.030103760316323,0.7208994708994708,0.7132424245870627,0.26666666666666666,0.17777777777777778,0.44164470794905575,2.4482877841846076,0.5166666666666667,0.25864031147050015,0.5333333333333333,0.21419586702605573,0.022222222222222223,0.3333333333333333,-1.0,0.05648955004340722,175.26,177.80000000000004,1.0,11215.333333333334,Eduardo Garagorri
0.0,0.2,0.0,3.0,47.0,117.8,76.0,149.6,1.8,6.0,38.8,104.8,5.4,9.0,2.8,4.0,41.0,108.4,2.2,5.2,3.8,4.2,216.4,900.0,0.3985163551401869,3.1333333333333337,0.5129816848474924,5.066666666666667,0.3750758057008984,2.586666666666667,0.5624242424242424,0.36,0.5657142857142856,0.18666666666666668,0.3764632429557859,2.7333333333333334,0.4333333333333333,0.14666666666666667,0.72,0.2533333333333333,0.12000000000000002,0.29000000000000004,1.0,0.24044444444444446,162.56,165.1,1.0,11208.6,Claudia Gadelha
0.0,0.0,0.0,1.0,6.0,13.0,9.0,16.0,0.0,3.0,5.0,11.0,1.0,2.0,0.0,0.0,6.0,12.0,0.0,1.0,0.0,0.0,54.0,166.0,0.46153846153846156,2.1686746987951806,0.5625,3.253012048192771,0.45454545454545453,1.8072289156626506,0.5,0.3614457831325301,0.0,0.0,0.5,2.1686746987951806,0.0,0.0,0.0,0.0,0.0,0.0,1.0,0.3253012048192771,165.1,170.18,3.0,10283.0,Victor Rodriguez
0.0,0.0,0.0,1.5,2.5,6.5,13.0,17.0,0.0,0.0,1.5,5.0,0.0,1.0,0.0,0.0,1.5,5.5,0.0,0.0,0.0,0.0,0.0,292.0,0.28735632183908044,0.7897813379519376,0.5729166666666666,2.1417249417249415,0.325,0.5272836900813989,0.0,0.0,0.0,0.0,0.26666666666666666,0.48709677419354835,0.0,0.0,0.0,0.0,0.0,0.0,0.5,0.0,182.88,185.42000000000002,1.0,13242.5,Cole Williams
0.0,0.2,0.0,1.8,14.2,41.0,21.8,49.0,0.2,0.4,11.6,37.0,2.0,2.8,0.4,0.8,12.6,38.6,1.2,1.8,0.2,0.2,29.8,432.4,0.3168057179697063,1.8772032033037764,0.42020266205021145,2.8520426904939193,0.2783638422476898,1.4989674857284685,0.14285714285714285,0.13333333333333333,0.2,0.1518987341772152,0.2842923886252437,1.6347164872853628,0.15,0.08,0.2,0.08823529411764705,0.08823529411764705,0.2,0.8,0.12673856209150328,193.04,200.66,1.0,11081.4,Justin Ledet
0.0,0.0,0.0,2.2,20.8,98.0,23.2,105.4,0.0,0.0,10.4,82.2,6.4,10.2,3.8,6.8,20.0,93.8,0.4,0.6,0.0,0.0,0.0,608.4,0.20591561362176058,1.543859649122807,0.2532173172971399,1.8800000000000001,0.10079168881800463,0.6933333333333332,0.5628351309707241,0.45777777777777784,0.35505279034690795,0.2533333333333333,0.16676479987968343,1.3831966726084375,0.13333333333333333,0.026666666666666665,0.0,0.0,0.0,0.0,0.2,0.0,182.88,185.42000000000002,1.0,10693.0,Jack Marshman
0.0,0.0,0.0,2.8,30.4,63.6,36.6,69.8,0.0,0.0,14.0,40.4,9.2,14.0,7.2,9.2,26.0,58.2,3.4,4.4,1.0,1.0,6.2,777.4,0.47846759183968485,2.1941695702671313,0.525824505082932,2.6029500580720093,0.3110984721757556,0.9436004645760743,0.663032581453634,0.6782810685249709,0.7348917748917748,0.5722880371660859,0.4474901750304269,1.8746341463414633,0.8666666666666666,0.25286875725900115,0.2,0.06666666666666667,0.0,0.0,0.4,0.0063008130081300805,187.96,195.58,2.0,13578.4,Anderson Silva
0.0,0.2,0.2,2.2,26.8,51.0,30.0,54.8,0.2,1.2,10.4,30.8,7.0,10.4,9.0,9.6,23.8,47.0,2.0,2.0,0.6,1.4,39.0,627.4,0.49415937637353247,2.6148062557706337,0.515165824966188,3.02807078872624,0.35621794871794876,0.9650855953047935,0.5018181818181818,0.7092118339747792,0.7541666666666667,0.8355097673428457,0.4600595592614651,2.273028912679339,0.4,0.18070351758793973,0.18,0.04,0.0272108843537415,0.2,0.2,0.0691138686630431,193.04,200.66,1.0,11392.6,Stefan Struve
0.0,0.2,0.0,2.2,12.4,26.0,20.0,33.8,1.2,2.6,5.6,16.8,4.0,5.6,2.8,3.4,7.6,19.6,1.8,2.0,2.8,3.8,126.2,602.4,0.564876127601233,1.2199776193250655,0.6335910929225642,2.5593403117704647,0.29282323455698067,0.5530034892185657,0.5999999999999999,0.3465200692823255,0.925,0.2951909029294375,0.4372642645574977,0.7408369104099205,0.55,0.17578231292517005,0.315,0.2647619047619048,0.15329668398724805,0.475,0.2,0.26497693804005706,190.5,187.96,2.0,12468.6,Alexander Yakovlev
0.0,0.0,0.0,2.0,23.0,75.0,27.0,80.0,0.0,3.0,7.0,45.0,7.0,17.0,9.0,13.0,23.0,75.0,0.0,0.0,0.0,0.0,29.0,511.0,0.30666666666666664,2.7005870841487276,0.3375,3.170254403131115,0.15555555555555556,0.821917808219178,0.4117647058823529,0.821917808219178,0.6923076923076923,1.0567514677103718,0.30666666666666664,2.7005870841487276,0.0,0.0,0.0,0.0,0.0,0.0,0.6666666666666667,0.05675146771037182,162.56,165.1,1.0,10593.0,Liliya Shakirova
0.0,1.0,0.0,3.4,62.4,129.6,94.8,163.8,3.8,8.0,46.4,111.8,7.2,9.2,2.8,2.8,36.2,94.2,0.8,1.4,18.0,25.6,455.2,764.0,0.47868699848251567,4.189804471589924,0.5606743414526544,6.2661280600303595,0.4319839119026111,3.458012106616222,0.8313519813519814,0.5473350695790133,1.0,0.18445729539468791,0.37302929026611575,2.419305220501303,0.4,0.054275924696473674,0.7918890633176348,1.6887723459999902,0.2881521288110992,0.5355860805860806,1.0,0.5350537720216945,177.8,177.8,1.0,11097.6,Khabib Nurmagomedov
0.6,1.2,0.4,2.8,66.0,117.2,83.0,135.8,0.8,4.0,45.0,95.0,10.0,13.2,8.2,9.0,54.0,105.4,4.4,5.8,4.2,6.0,213.0,801.4,0.5612787396783163,5.311936498697267,0.6097536147075318,6.675621292754587,0.4919887504913323,3.8687278951161375,0.7421303258145364,0.8594547923942569,0.8228070175438595,0.5837538111868728,0.5254092698164088,4.498452380952381,0.41904761904761906,0.4666666666666667,0.27045454545454545,0.28318199456732635,0.05333333333333333,0.10454545454545454,0.4,0.2763041535007484,187.96,185.42000000000002,1.0,12078.2,James Krause
0.0,0.2,0.0,1.2,8.6,15.2,15.2,22.6,1.2,3.6,5.6,11.8,2.0,2.2,1.0,1.0,3.4,8.0,2.4,3.0,3.0,4.4,116.0,239.6,0.5674888517279821,3.6383943519405095,0.6407925407925409,5.102519721506335,0.45952380952380956,2.7684842028618752,0.76,0.6793200783356649,0.6,0.190590070742969,0.38166343460461105,1.800997938468941,0.3,0.44686733556298774,0.6428571428571429,0.7336909509154838,0.27273098229619974,0.41500000000000004,1.0,0.4530767458291772,180.34,177.8,1.0,11765.0,Gadzhimurad Antigulov
0.4,0.0,0.2,2.4,19.2,55.6,22.0,59.4,0.0,0.0,8.4,40.0,5.4,9.4,5.0,5.8,16.2,49.2,2.0,4.2,0.6,1.6,17.4,617.0,0.43003075871496926,3.110597338427678,0.5009891219891219,3.939329388560158,0.316031746031746,1.816187865054277,0.6170114942528736,0.7605522682445759,0.5447058823529412,0.3454832347140039,0.40102453102453106,2.4373175542406313,0.20750000000000002,0.13940828402366864,0.23333333333333334,0.5068698051328324,0.0,0.0,-0.6,0.04312704490080056,180.34,190.5,2.0,12563.4,John Phillips
0.0,1.0,0.0,3.0,36.5,86.0,56.0,110.5,3.5,10.0,20.0,64.0,5.0,7.5,11.5,14.5,31.5,78.5,4.5,6.0,0.5,1.5,237.5,900.0,0.4259417199715707,2.433333333333333,0.5103669573802863,3.7333333333333334,0.30564784053156147,1.3333333333333335,0.6388888888888888,0.33333333333333337,0.8184210526315789,0.7666666666666666,0.4088114754098361,2.1,0.611111111111111,0.3,0.16666666666666666,0.03333333333333333,0.23333333333333334,0.2777777777777778,0.8888888888888888,0.2638888888888889,167.64000000000001,172.72,1.0,10943.5,Ali AlQaisi
0.0,0.3333333333333333,0.0,2.3333333333333335,31.0,86.66666666666667,36.0,92.0,0.0,1.6666666666666667,23.666666666666668,78.0,4.0,5.0,3.3333333333333335,3.6666666666666665,25.0,77.33333333333333,4.666666666666667,7.666666666666667,1.3333333333333333,1.6666666666666667,17.333333333333332,624.0,0.30217391304347824,2.577777777777778,0.33967955268970923,2.8888888888888893,0.24331955922865012,1.8333333333333333,0.5925925925925926,0.26666666666666666,0.9583333333333334,0.4777777777777778,0.2738472790746272,2.1777777777777776,0.38730158730158726,0.3111111111111111,0.26666666666666666,0.08888888888888889,0.0,0.0,0.8666666666666667,0.01925925925925926,182.88,185.42,1.0,9708.333333333334,Jessin Ayari
0.0,0.0,0.0,2.75,15.0,43.0,36.25,66.75,0.0,0.0,6.0,31.5,7.5,9.75,1.5,1.75,9.0,36.25,5.25,6.0,0.75,0.75,6.0,734.25,0.3431200206650896,1.295923325731491,0.5400897170462388,2.9173605210988387,0.20356907585168454,0.5217643726989522,0.7065390749601275,0.6086094590767488,0.6875,0.133970546587369,0.2552012383900929,0.7967198094190948,0.95,0.40430472953837443,0.25,0.07009345794392524,0.0,0.0,-0.75,0.010980836401397149,190.5,200.66,1.0,12327.75,Dequan Townsend
0.0,0.0,0.0,2.4,29.2,55.2,43.4,72.6,1.6,2.8,18.2,40.4,6.2,9.6,4.8,5.4,8.8,27.0,3.0,3.6,11.6,16.8,230.8,695.4,0.5572172739988832,2.965787508444887,0.6170633807520203,3.9267842073538275,0.4308476319002635,1.8473014089108966,0.49111111111111105,0.6025738396624473,0.75,0.49091320072332734,0.3625180375180375,1.0742796865581676,0.6818181818181819,0.36414104882459314,0.5860294117647059,1.3458823529411765,0.14013261000602775,0.45,1.0,0.3899085669077758,177.8,182.88,2.0,13527.0,Diego Sanchez
0.0,0.0,0.3333333333333333,2.3333333333333335,34.0,75.33333333333333,39.333333333333336,81.33333333333333,0.0,0.3333333333333333,17.666666666666668,52.333333333333336,5.666666666666667,8.0,10.333333333333334,14.666666666666666,30.333333333333332,70.0,2.3333333333333335,2.6666666666666665,1.0,1.6666666666666667,40.333333333333336,676.0,0.36480041697432997,2.3976608187134505,0.4057263892531398,2.9111111111111114,0.22084874926039197,1.1777777777777778,0.4666666666666666,0.37777777777777777,0.47907647907647916,0.6888888888888888,0.3251516433911694,2.053475935828877,0.5833333333333334,0.15555555555555556,0.19999999999999998,0.06666666666666667,0.0,0.0,-0.3333333333333333,0.044814814814814814,187.96,195.58,1.0,11519.0,Jeff Hughes
0.0,0.25,0.25,2.5,41.0,82.25,52.75,96.0,0.75,2.5,33.0,76.75,2.5,3.75,1.75,1.75,32.0,69.25,7.75,10.25,1.25,2.0,172.0,693.5,0.43632792872421033,3.2711772887179906,0.5403048564338887,4.336821293190433,0.36137892760211954,2.6440269749518306,0.7,0.22560609779377677,1.0,0.2473328969974638,0.38945017549032146,2.553498868253839,0.6272727272727273,0.5921882243857209,0.29166666666666663,0.12549019607843137,0.05419564209550301,0.16666666666666666,1.0,0.22828619996909288,190.5,198.12,1.0,9064.0,Khadis Ibragimov
0.0,0.0,0.3333333333333333,3.0,50.333333333333336,114.33333333333333,55.0,119.0,1.0,6.0,33.0,88.66666666666667,9.666666666666666,17.333333333333332,7.666666666666667,8.333333333333334,45.333333333333336,106.66666666666667,2.0,4.0,3.0,3.6666666666666665,27.666666666666668,900.0,0.4383600284394513,3.3555555555555556,0.4631412542195598,3.6666666666666674,0.37972168710821325,2.1999999999999997,0.5462962962962964,0.6444444444444444,0.7666666666666666,0.5111111111111111,0.4215115143601676,3.022222222222222,0.2916666666666667,0.13333333333333333,0.5833333333333334,0.20000000000000004,0.06666666666666667,0.17037037037037037,0.9166666666666666,0.03074074074074074,167.64000000000001,170.18,2.0,11484.0,Irwin Rivera
0.2,0.2,0.0,2.2,16.6,53.6,44.8,89.8,2.0,4.6,10.0,44.6,4.2,6.0,2.4,3.0,10.4,44.0,3.4,6.0,2.8,3.6,283.2,582.6,0.3611272541169952,2.1841805276488833,0.45663494593391196,4.334312686239192,0.2835628618693135,1.3705151379561549,0.5666666666666667,0.37476045166752353,0.6933333333333334,0.4389049380252047,0.2730771449125175,1.5566880236700567,0.2217391304347826,0.22666666666666666,0.43,0.4008258373121598,0.15933075933075933,0.31555555555555553,1.0,0.3550056969394544,172.72,177.8,1.0,10316.6,Mirsad Bektic
0.0,0.0,0.0,2.2,17.0,44.8,43.8,74.2,1.2,2.8,10.4,36.2,2.2,3.0,4.4,5.6,11.6,37.8,2.4,3.4,3.0,3.6,161.0,574.2,0.4932216785048171,1.8282702646750024,0.6326098422650147,4.942954541133524,0.3935447214076246,1.1724170157571303,0.5055555555555555,0.18888888888888888,0.8800000000000001,0.46696436002898345,0.3919657403528371,1.2071964391716468,0.47777777777777786,0.2444444444444444,0.75,0.37662938105891125,0.19255272269436574,0.44666666666666666,0.9,0.36760426088829246,167.64000000000001,175.26,1.0,12256.8,Mara Romero Borella
0.0,0.0,0.5,2.0,35.0,64.0,43.0,73.5,0.5,3.0,11.0,34.5,11.5,15.0,11.5,14.5,29.0,55.5,5.0,7.5,1.0,1.0,84.0,533.0,0.49583333333333335,3.8300395256916997,0.562618595825427,4.755787690570299,0.3214285714285714,1.2071569734613212,0.777511961722488,1.283596837944664,0.46296296296296297,1.0,0.45528455284552843,3.1643139469226425,0.6607142857142857,0.5585827216261998,0.5,0.10714285714285714,0.05357142857142857,0.08333333333333333,0.5,0.1633399209486166,182.88,185.42000000000002,2.0,10456.5,Brok Weaver
0.0,0.0,0.0,2.0,20.0,47.5,29.0,58.0,2.0,5.5,13.5,39.5,5.0,6.0,2.0,2.0,11.5,32.0,5.5,10.5,3.0,5.0,175.0,484.0,0.39610389610389607,3.233898305084746,0.43896103896103894,3.8338983050847455,0.23824786324786323,1.006853582554517,0.4166666666666667,0.3333333333333333,0.5,1.0,0.36106346483704976,2.667231638418079,0.2619047619047619,0.36666666666666664,0.3,0.2,0.16666666666666666,0.10416666666666667,1.0,0.19444444444444445,187.96,187.96,1.0,11144.5,Anthony Ivy
0.0,0.0,0.0,2.6666666666666665,38.333333333333336,103.66666666666667,46.666666666666664,113.33333333333333,0.3333333333333333,0.6666666666666666,23.666666666666668,82.33333333333333,9.333333333333334,14.666666666666666,5.333333333333333,6.666666666666667,29.333333333333332,90.0,9.0,13.0,0.0,0.6666666666666666,121.33333333333333,791.0,0.35886280646844027,2.88830512175222,0.3962814962814963,3.5588696981188455,0.2660324708269914,1.7548040128244906,0.6595959595959596,0.7398857746980614,0.7833333333333333,0.3936153342296687,0.31880534446693226,2.1847439123889636,0.5921717171717172,0.7035612093632571,0.0,0.0,0.03367003367003367,0.3333333333333333,-0.6666666666666666,0.16350513094540398,182.88,193.04,1.0,9084.333333333334,Zelim Imadaev
0.0,1.6666666666666667,0.0,3.0,26.666666666666668,75.33333333333333,50.333333333333336,102.33333333333333,1.6666666666666667,5.0,11.0,42.0,8.0,22.0,7.666666666666667,11.333333333333334,18.666666666666668,64.0,5.666666666666667,9.0,2.3333333333333335,2.3333333333333335,386.6666666666667,900.0,0.35197118051524184,1.8017897091722597,0.4738063683518228,3.3555555555555556,0.2681836031240456,0.7379023883696781,0.3776068376068376,0.5333333333333333,0.4334554334554334,0.5111111111111111,0.2811062611470947,1.2444444444444445,0.5972222222222222,0.37777777777777777,0.6666666666666666,0.15555555555555556,0.11111111111111112,0.35555555555555557,1.0,0.43925925925925924,180.34,170.18,1.0,11193.666666666666,Cole Smith
0.2,0.2,0.0,1.8,36.6,86.0,52.4,103.6,0.2,0.2,19.4,61.6,8.0,12.8,9.2,11.6,28.8,72.4,6.6,11.4,1.2,2.2,30.2,435.4,0.3911471926898756,4.758057910384402,0.4600619937299644,6.636594887902308,0.27059360338344113,2.454990431982852,0.6074269005847952,1.1727519255725767,0.848969696969697,1.1303155528289723,0.34363349068664173,3.3903123943573865,0.5667460317460318,1.1075928442712895,0.26666666666666666,0.14880407124681932,0.013333333333333332,0.2,0.8,0.11401661555860029,162.56,165.1,1.0,10138.4,Hannah Cifers
0.0,0.4,0.6,2.2,47.4,81.4,61.0,95.4,1.6,4.2,23.2,51.6,12.6,14.6,11.6,15.2,29.8,61.4,8.6,9.4,8.6,10.6,115.8,633.6,0.5314824034811012,4.162017894197503,0.5774326500043985,5.076693983714582,0.32311657081357414,1.740665856594496,0.8492753623188406,1.1154926523675985,0.7728571428571429,1.266298945674969,0.4569384456759318,2.9670591191680566,0.5433333333333333,0.5813427561837455,0.35858585858585856,0.6136160188457008,0.10906949352179034,0.21090909090909088,1.0,0.13069572045543776,172.72,180.34,1.0,13376.4,Ricardo Lamas
0.0,0.0,0.0,1.0,14.0,32.0,14.0,32.0,0.0,1.0,3.0,17.0,2.0,5.0,9.0,10.0,13.0,31.0,1.0,1.0,0.0,0.0,3.0,218.0,0.4375,3.853211009174312,0.4375,3.853211009174312,0.17647058823529413,0.8256880733944955,0.4,0.5504587155963303,0.9,1.8666666666666667,0.41935483870967744,3.5779816513761467,1.0,0.27522935779816515,0.0,0.0,0.0,0.0,1.0,0.013761467889908258,172.72,180.34,1.0,12163.0,Austin Springer
0.2,0.4,0.0,2.8,55.8,107.4,86.8,138.4,1.6,2.4,40.6,85.6,4.8,7.4,7.4,9.0,44.4,92.6,7.2,10.0,8.8,11.2,130.6,585.4,0.6391165185006735,5.268871860894096,0.7235694215828294,8.486016458063961,0.6075967911561132,4.1966039748614365,0.8916666666666666,0.3098217897658646,0.8929292929292929,0.5284840162785079,0.6043872697596769,3.8115965424154004,0.7972222222222223,0.5005972920366923,0.653968253968254,0.9250992416999324,0.16825081403671482,0.5,0.8,0.23487269006015743,180.34,182.88,1.0,13719.2,Daniel Cormier
0.4,0.0,0.0,3.0,42.6,108.0,48.0,113.6,0.4,1.8,25.6,87.6,11.8,15.0,5.2,5.4,38.4,101.6,3.2,5.2,1.0,1.2,32.4,843.2,0.39789227081947,3.0797402597402597,0.4282531287384675,3.5503896103896104,0.29364243225017883,1.8972294372294372,0.8036559029206088,0.8174025974025974,0.96,0.36510822510822505,0.3775069747479737,2.7505627705627704,0.5159523809523809,0.23792207792207792,0.36,0.09125541125541124,0.026666666666666665,0.05,1.0,0.04819191919191919,162.56,167.64000000000001,1.0,12642.2,John Dodson
0.4,0.0,0.0,2.6,41.4,82.8,51.0,92.8,1.0,4.2,17.4,52.0,13.2,19.2,10.0,11.6,24.4,60.6,11.6,14.8,2.6,4.0,98.6,688.4,0.48323899371069184,3.4637013161428962,0.5233574389275951,4.167810905183991,0.3016029357479426,1.3470212194466828,0.6578705978705979,1.100628525382756,0.8792717086834735,1.0160515713134568,0.40482257660515986,2.2859844211657268,0.6639766081871346,0.937716894977169,0.5176470588235295,0.1733333333333333,0.07159817351598173,0.13,1.0,0.11530898021308982,167.64000000000001,167.64000000000001,1.0,13562.8,Frankie Saenz
0.4,0.0,0.0,2.0,22.2,49.2,31.0,58.8,0.0,0.0,19.6,45.2,2.4,3.8,0.2,0.2,18.6,44.6,1.4,2.2,2.2,2.4,19.2,502.0,0.39544827586206893,3.3850690040817724,0.48570768127823705,4.126381188652788,0.38571428571428573,3.0297938124926906,0.2984126984126984,0.26,0.2,0.03333333333333333,0.37355388471177947,2.768789246282645,0.44761904761904764,0.22885844748858447,0.5333333333333333,0.32547945205479456,0.0,0.0,-0.2,0.027885844748858447,187.96,190.5,2.0,13648.8,Rogerio Nogueira
0.8,0.2,0.0,2.4,26.2,57.8,44.6,78.8,0.8,2.4,18.2,48.0,3.2,4.8,4.8,5.0,20.6,47.6,0.4,0.6,5.2,9.6,150.2,653.8,0.4224977963216762,2.5346497385062743,0.5103165045545778,3.817148279082673,0.35862329770258156,1.920841407381945,0.543939393939394,0.22677055178855002,0.78,0.3870377793357794,0.41125618823521715,2.0273743281476557,0.3,0.040074222533822534,0.21875,0.4672011878247958,0.053348164627363734,0.16999999999999998,0.95,0.214107565605405,182.88,190.5,2.0,11218.8,Peter Sobotta
0.0,0.6,0.6,2.8,42.6,83.2,61.2,101.6,1.8,5.2,25.8,62.6,11.0,14.0,7.6,8.4,30.0,65.0,6.4,9.0,6.4,9.0,194.4,583.6,0.548725413275507,3.0048948007872562,0.6059527920479533,3.9899959919839683,0.4173536989326463,1.688796209240912,0.5066666666666666,0.6136219104876419,0.7309523809523809,0.5974776219104877,0.4971995198732621,2.0938623914495658,0.3904347826086957,0.34535738142952577,0.711111111111111,0.44460120240480966,0.25673623695266984,0.4809523809523809,1.0,0.3477000907798503,193.04,195.58,1.0,13789.6,Fabricio Werdum
0.3333333333333333,0.0,0.0,2.0,19.333333333333332,71.66666666666667,21.666666666666668,74.33333333333333,0.0,1.0,11.0,58.666666666666664,2.3333333333333335,4.333333333333333,6.0,8.666666666666666,16.666666666666668,65.66666666666667,2.6666666666666665,6.0,0.0,0.0,2.3333333333333335,536.0,0.26908212560386474,1.9485380116959063,0.29594100325807643,2.240016708437761,0.18320105820105823,1.1488721804511277,0.6805555555555555,0.3131161236424394,0.48148148148148145,0.48654970760233923,0.2536731016731017,1.7136173767752716,0.26282051282051283,0.2349206349206349,0.0,0.0,0.0,0.0,1.0,0.0035449735449735453,190.5,198.12,1.0,11253.333333333334,Raphael Pessoa
0.0,0.0,0.0,2.75,45.5,106.5,64.25,129.25,1.25,4.25,33.25,89.25,6.75,10.5,5.5,6.75,29.75,86.25,4.75,6.0,9.25,13.5,186.25,820.5,0.43581512511995274,3.2336769759450172,0.4934741511526776,4.483676975945017,0.3817518861099628,2.3623711340206186,0.5625,0.45910652920962197,0.8705357142857143,0.41219931271477667,0.35584804979657647,2.165463917525773,0.7808441558441559,0.33487972508591063,0.6301282051282051,0.7333333333333334,0.11666666666666667,0.18636363636363634,0.25,0.23744152046783626,172.72,177.8,1.0,11692.5,Nad Narimani
0.2,0.2,0.2,2.0,21.6,64.0,25.8,69.0,0.8,1.2,13.0,51.6,4.6,7.8,4.0,4.6,19.2,60.8,0.6,0.8,1.8,2.8,69.8,522.4,0.3825182064312499,3.9794554141960736,0.4095544000660573,4.2528221365110435,0.2901168831168831,2.7435188916393223,0.4885714285714286,0.6312682056300731,0.6900000000000001,0.6046683169266787,0.3875471171296943,2.879422025214438,0.5,0.04670005564830273,0.255,0.7992156862745099,0.13615873198626063,0.4666666666666666,0.8,0.20798604314982186,177.8,185.42000000000002,1.0,11005.6,Joe Duffy
0.0,1.0,0.2,2.6,29.8,66.4,47.2,85.4,2.2,6.2,25.0,59.6,3.6,5.2,1.0,1.6,18.0,53.0,6.4,7.4,5.2,6.0,284.0,708.2,0.4482959291242272,2.4532687371031834,0.548729383560804,3.649055627425615,0.3966965689229279,2.125623113410953,0.5333333333333333,0.24438119879258302,0.5333333333333333,0.06885726606295817,0.2778174621553545,1.5932384648555413,0.7138461538461538,0.4441914618369987,0.2785714285714286,0.40143165157395433,0.19866151866151865,0.25754385964912274,0.8800000000000001,0.3316564611182981,170.18,180.34,1.0,9841.4,Brett Johns
0.0,0.4,0.0,2.2,22.6,58.8,33.8,72.0,1.0,3.0,15.4,45.0,4.0,10.2,3.2,3.4,16.2,51.0,2.2,2.8,4.4,5.2,104.8,614.4,0.45953152192427044,2.077872509327618,0.5503873926619829,3.0486877828054295,0.4219809307727629,1.4629864253393665,0.48539682539682544,0.38962292609351434,0.5846153846153846,0.21333333333333332,0.29518384428870365,1.275294117647059,0.5142857142857142,0.14666666666666667,0.6,0.6839819004524887,0.17972291619350442,0.48571428571428577,1.0,0.3146205065359477,167.64000000000001,177.8,1.0,11877.8,Davi Ramos
0.0,0.75,0.25,2.0,17.5,54.25,20.5,57.75,1.25,3.25,11.0,43.0,2.5,4.25,4.0,7.0,14.75,48.75,2.25,4.0,0.5,1.5,66.0,521.5,0.3391716401414677,2.5208987854688236,0.36923076923076925,2.840268154838193,0.2609501865262234,1.6865417704133636,0.6410714285714285,0.2632808477482877,0.5212418300653594,0.5710761673071725,0.3169413919413919,2.151227919383615,0.4166666666666667,0.28858978500412763,0.08333333333333333,0.08108108108108107,0.1597609561752988,0.25,-0.025000000000000022,0.1721603376284651,172.72,172.72,1.0,9879.75,Chris Fishgold
0.0,0.0,1.0,3.0,50.0,117.0,81.0,155.0,1.0,11.0,24.0,82.0,20.0,29.0,6.0,6.0,37.0,96.0,6.0,7.0,7.0,14.0,367.0,900.0,0.42735042735042733,3.3333333333333335,0.5225806451612903,5.4,0.2926829268292683,1.6,0.6896551724137931,1.3333333333333333,1.0,0.4,0.3854166666666667,2.466666666666667,0.8571428571428571,0.4,0.5,0.4666666666666667,0.06666666666666667,0.09090909090909091,0.9090909090909091,0.4077777777777778,172.72,185.42000000000002,1.0,10801.0,Roman Bogatov
0.5,0.75,0.0,1.5,26.5,51.0,39.75,69.25,0.25,0.75,18.5,38.75,5.5,9.5,2.25,2.5,15.25,36.25,1.5,2.0,6.5,9.75,91.5,310.0,0.47022783251231526,3.5599900099900097,0.4940145502645503,4.55999000999001,0.3907673860911271,2.3857642357642357,0.5123152709359606,0.7255744255744256,0.6666666666666666,0.4486513486513486,0.46542070217917675,2.8266566766566763,0.1875,0.1,0.19791666666666666,0.6333333333333333,0.016666666666666666,0.08333333333333333,0.75,0.18138888888888888,182.88,185.42000000000002,1.0,11076.75,Danny Henry
0.2,0.4,0.2,1.8,20.8,45.2,34.8,61.2,0.0,0.8,11.6,29.2,5.0,9.8,4.2,6.6,13.4,34.6,1.2,2.4,6.2,8.0,94.4,393.8,0.5001497623531521,2.717759826980127,0.5831430606430607,4.292016105629379,0.427394355453852,1.4419308013194274,0.5125,0.5400908361171751,0.7016317016317015,0.735738189543525,0.4228476285619143,1.7416232596819718,0.419047619047619,0.1999328279736962,0.45870129870129867,0.7762037393244595,0.0,0.0,0.8,0.22153672014873044,162.56,165.1,1.0,9030.6,Paige VanZant
0.0,0.0,0.0,3.0,53.0,127.5,62.5,137.5,2.5,5.5,28.5,95.5,18.0,22.5,6.5,9.5,34.5,101.0,16.5,22.0,2.0,2.5,277.5,900.0,0.4425133689839572,3.533333333333333,0.47624965479149406,4.166666666666666,0.2714403973509934,1.9000000000000001,0.8033596837944664,1.2,0.6794871794871795,0.43333333333333335,0.3453447604207246,2.3,0.7447817836812144,1.1,0.4,0.13333333333333333,0.16666666666666669,0.5178571428571428,0.75,0.30833333333333335,162.56,165.1,2.0,9645.5,Brianna Fortino
0.4,0.0,0.0,2.2,48.0,99.8,53.2,106.2,0.2,0.2,34.8,84.0,9.0,10.8,4.0,4.6,36.0,86.2,10.8,12.0,1.0,1.0,11.8,554.6,0.45212127157209636,5.139980819810667,0.479773570755364,5.949009561609237,0.38223965048123515,3.660751698839377,0.6168333333333333,0.8537879607913885,0.6818181818181819,0.5335113356184978,0.32285864883587845,2.845541572081246,0.7244444444444444,1.0127800829875517,0.6,0.4212351915328643,0.013333333333333332,0.2,0.2,0.023413594724076413,182.88,187.96,1.0,12330.2,Lyman Good
0.0,1.0,0.0,2.0,17.0,54.0,17.0,55.0,2.0,6.0,9.0,44.0,1.0,1.0,7.0,9.0,17.0,54.0,0.0,0.0,0.0,0.0,67.0,600.0,0.3148148148148148,1.7,0.3090909090909091,1.7,0.20454545454545456,0.9,1.0,0.1,0.7777777777777778,0.7,0.3148148148148148,1.7,0.0,0.0,0.0,0.0,0.2,0.3333333333333333,1.0,0.11166666666666666,185.42,180.34,1.0,9398.0,Max Rohskopf
0.0,0.0,0.0,2.8,46.8,137.6,58.6,151.6,0.2,3.8,27.8,109.8,9.2,13.8,9.8,14.0,40.4,126.2,4.6,9.0,1.8,2.4,82.8,836.4,0.3377776491789581,3.4478350515463916,0.3901212027260756,4.234501718213059,0.24373772727613136,2.006323024054983,0.7170300751879699,0.7226116838487973,0.6905369484316852,0.7189003436426116,0.31125350337987084,3.0138831615120276,0.6140151515151515,0.31395189003436424,0.15,0.12,0.013333333333333332,0.02857142857142857,0.43809523809523815,0.092,167.64000000000001,165.1,1.0,9132.4,Mark De La Rosa
0.0,0.6,0.4,3.0,35.0,111.0,46.6,122.8,0.2,0.4,21.0,93.6,3.2,4.4,10.8,13.0,32.4,107.4,1.4,1.8,1.2,1.8,116.2,855.8,0.31906012905206865,2.441826215022091,0.38362692662998177,3.2498772704958276,0.2305137411784949,1.4650957290132547,0.6766666666666667,0.21767304860088363,0.8776190476190477,0.7590574374079528,0.302854323970603,2.259813451153657,0.72,0.09767304860088366,0.325,0.08433971526755032,0.013333333333333332,0.1,0.4,0.1341741122565865,182.88,185.42000000000002,1.0,10822.8,Anthony Rocco Martin
0.0,0.25,0.25,1.5,15.5,27.0,28.0,41.0,0.5,1.75,13.5,24.5,1.0,1.25,1.0,1.25,8.5,17.5,3.25,4.75,3.75,5.25,127.75,278.25,0.4862513166975409,2.8383079250625354,0.5615047592601163,5.211414258325014,0.42527910685805426,2.2137475523328263,0.4375,0.14351536891582659,0.4375,0.4977116704805492,0.3160650623885918,1.5767511475547549,0.17105263157894737,0.4462242562929062,0.33653846153846156,0.7779979392882619,0.10356575062457415,0.375,1.0,0.35224847272902193,177.8,185.42000000000002,1.0,12910.25,Charles Byrd
0.0,0.4,0.0,2.0,47.0,111.6,62.6,123.0,1.0,2.8,32.8,92.2,7.4,10.8,2.2,2.2,39.6,102.2,8.2,10.8,3.0,4.6,114.0,499.6,0.4064774163739324,5.5038729807485725,0.4396389773748264,6.489902801600914,0.3686421466574138,4.370341034068751,0.5717183425094176,0.6554545454545455,0.4,0.15515151515151515,0.3711931628660423,4.0854242322747405,0.7403846153846153,1.0406575185820468,0.2333333333333333,0.2084848484848485,0.07515151515151515,0.2333333333333333,1.0,0.14258080808080809,177.8,177.8,2.0,13129.8,Evan Dunham
0.0,0.2,0.2,2.4,18.4,41.8,47.0,74.2,1.4,4.4,15.4,37.6,1.8,2.8,1.2,1.4,15.0,37.0,0.6,1.0,2.8,3.8,225.2,706.6,0.4433129596598032,1.971359399454301,0.5780328561832627,3.8780487804878048,0.4111200089122692,1.7359122449827562,0.32666666666666666,0.12,0.7333333333333333,0.11544715447154472,0.413046218487395,1.7092455783160898,0.4,0.07544715447154472,0.5285714285714286,0.18666666666666668,0.10044293015332198,0.28888888888888886,1.0,0.25330304751088395,165.1,170.18,1.0,12541.6,Jussier Formiga
0.0,0.2,0.6,3.4,25.4,44.6,36.0,57.0,3.4,8.4,19.2,35.8,5.6,7.8,0.6,1.0,12.4,28.6,6.8,9.2,5.8,6.8,303.8,900.0,0.5626347786199439,1.631827956989247,0.6262778957736941,2.333333333333333,0.4887134400606537,1.2421505376344084,0.6261562998405104,0.35440860215053765,0.5,0.03526881720430107,0.3356776556776557,0.812300615260767,0.6296992481203008,0.4296774193548387,0.7464646464646465,0.4086021505376344,0.2784705442769959,0.4385964912280701,0.13999999999999999,0.35186002641011127,162.56,165.1,1.0,9430.0,Ray Borg
0.0,0.0,0.0,3.0,55.0,124.0,100.0,174.25,0.25,0.75,31.25,90.5,8.5,14.5,15.25,19.0,43.0,108.0,9.5,12.5,2.5,3.5,32.5,900.0,0.4538585298460469,3.666666666666667,0.5805825503340503,6.816666666666666,0.35723117634511814,2.083333333333333,0.5953022875816993,0.5666666666666667,0.7787878787878788,1.0166666666666666,0.40822126196170483,2.8666666666666667,0.7468750000000001,0.6333333333333333,0.5875,0.16666666666666669,0.016666666666666666,0.125,-0.25,0.03611111111111111,172.72,177.8,1.0,12792.0,Aleksei Kunchenko
0.8,0.0,0.0,4.2,67.2,148.0,92.6,173.4,1.6,5.6,40.0,110.2,11.8,19.0,15.0,18.6,52.6,129.6,9.4,12.6,4.8,5.6,119.4,861.6,0.4579615225882687,4.021378531073447,0.5170847814129825,4.972022598870057,0.36149475337389214,2.5978305084745763,0.6094134405899112,0.6201581920903954,0.8052464494569758,0.8033898305084746,0.4123808780711039,3.0815420720088254,0.7873015873015874,0.5776723163841808,0.5739130434782609,0.20894915254237287,0.06933333333333333,0.15444444444444444,1.0,0.08194877589453861,182.88,185.42000000000002,2.0,13719.2,Yoel Romero
0.0,0.0,0.0,1.75,30.0,62.25,46.5,80.75,1.25,3.0,24.5,55.25,2.5,3.5,3.0,3.5,15.0,43.5,2.25,4.0,5.0,7.5,136.75,446.5,0.46415135687936004,3.2717215700432885,0.5206106870229008,4.7184660240911125,0.37142857142857144,2.502521799065676,0.9,0.3715789780787647,0.95,0.3976207928988472,0.4240362811791383,2.052020174392525,0.41666666666666663,0.32226549821486533,0.3482142857142857,0.6799383412286638,0.15000000000000002,0.25,0.5,0.24789456601581852,185.42,198.12,1.0,11623.75,Saparbeg Safarov
0.0,0.25,0.5,3.0,47.5,89.75,82.75,136.25,1.25,1.75,23.75,59.25,11.75,15.25,11.25,14.0,36.25,73.5,4.25,6.25,6.5,10.0,153.25,900.0,0.5182322456002589,3.166666666666667,0.6167552646339456,5.8,0.39826773138832994,1.5833333333333333,0.8068181818181819,0.7833333333333332,0.596263319223471,0.8,0.4739448392917153,2.416666666666667,0.5142857142857142,0.2833333333333333,0.5673076923076923,0.4666666666666667,0.08333333333333334,0.5,-0.75,0.17027777777777778,177.8,187.96,1.0,8799.5,Ismail Naurdiev
0.0,0.5,0.5,3.0,19.5,56.5,50.5,94.0,1.5,6.0,14.5,49.5,3.0,5.0,2.0,2.0,16.5,50.5,1.5,3.5,1.5,2.5,207.5,900.0,0.4097938144329897,1.3,0.5735432330827068,3.3666666666666667,0.37941176470588234,0.9666666666666666,0.3333333333333333,0.2,1.0,0.13333333333333333,0.401685393258427,1.1,0.41666666666666663,0.1,0.3,0.1,0.1,0.25,0.5,0.23055555555555557,167.64000000000001,180.34,1.0,9206.0,Gabriel Silva
0.0,0.0,0.0,1.0,5.0,17.0,5.0,17.0,0.0,0.0,4.0,16.0,1.0,1.0,0.0,0.0,5.0,17.0,0.0,0.0,0.0,0.0,0.0,88.0,0.29411764705882354,3.409090909090909,0.29411764705882354,3.409090909090909,0.25,2.7272727272727275,1.0,0.6818181818181819,0.0,0.0,0.29411764705882354,3.409090909090909,0.0,0.0,0.0,0.0,0.0,0.0,1.0,0.0,182.88,182.88,2.0,11031.0,Ben Sosoli
0.4,0.2,0.0,1.8,18.8,32.0,25.2,39.2,0.8,3.2,10.8,21.8,4.6,6.6,3.4,3.6,9.6,20.2,4.8,7.2,4.4,4.6,115.8,435.0,0.6071910673070925,4.310902168874718,0.6696547630720099,5.477038670475725,0.5259319907145994,2.8993296222334783,0.7891774891774891,0.8696291210656055,0.7833333333333333,0.6024281634318354,0.5079365079365079,2.182395621685665,0.5856410256410257,0.7222850471186724,0.7777777777777778,1.3682649267728213,0.08,0.14545454545454545,0.1484848484848485,0.1669960686208931,172.72,180.34,1.0,10578.2,Magomed Mustafaev
0.0,0.0,0.3333333333333333,1.6666666666666667,19.333333333333332,39.333333333333336,46.333333333333336,74.66666666666667,1.3333333333333333,2.0,17.0,36.666666666666664,1.0,1.3333333333333333,1.3333333333333333,1.3333333333333333,16.333333333333332,35.0,2.0,2.3333333333333335,1.0,1.0,169.33333333333334,369.3333333333333,0.5666666666666667,3.19874213836478,0.6206674589027531,5.097154836777478,0.47069597069597063,2.2122791254866727,0.5555555555555555,0.1873015873015873,0.6666666666666666,0.7111111111111111,0.5146691635455681,2.757472297094939,0.5555555555555555,0.3746031746031746,0.3333333333333333,0.06666666666666667,0.20952380952380953,0.5833333333333334,1.0,0.1941798941798942,182.88,182.88,1.0,12868.333333333334,Callan Potter
0.0,1.0,0.0,3.0,37.75,95.75,84.0,149.5,0.25,0.75,25.0,77.0,8.75,12.25,4.0,6.5,19.25,70.25,6.75,11.0,10.5,14.0,118.75,900.0,0.392626695072539,2.5166666666666666,0.5716107663844372,5.6,0.33116250221513377,1.6666666666666667,0.6265151515151515,0.5833333333333333,0.5303030303030303,0.26666666666666666,0.28012092074592077,1.2833333333333334,0.6122844827586207,0.4833333333333333,0.8388111888111889,0.75,0.016666666666666666,0.125,-1.375,0.14527777777777778,180.34,187.96,3.0,10878.5,Emil Meek
0.2,0.0,0.0,2.2,37.0,80.6,53.8,99.8,2.0,5.6,28.8,68.8,5.8,9.2,2.4,2.6,24.6,62.0,6.6,11.6,5.8,7.0,195.6,603.0,0.4669497941563656,4.638219050843338,0.5212143637084125,6.208794326241135,0.39857255178322964,3.2999297408364816,0.7477777777777778,0.6193108840118389,0.7666666666666667,0.3619858156028369,0.39408165198446526,2.6012352711230244,0.41894355644355646,0.6933333333333334,0.49393939393939396,0.954750656167979,0.26532818532818536,0.3582995951417004,1.0,0.2496149364308185,190.5,200.66,1.0,10751.8,Corey Anderson
0.0,0.0,0.0,2.0,44.25,86.75,59.5,102.5,0.5,0.75,32.25,75.25,7.75,8.75,2.5,3.0,24.5,62.75,8.0,10.5,5.0,7.0,90.0,436.25,0.5249987812487812,5.19283926336492,0.5604685670723406,6.415686274509804,0.5076067467602883,3.872178235456032,0.6032608695652174,0.7844716610048275,0.6166666666666667,0.4099529173371476,0.46245793157557863,3.5819476726860957,0.42500000000000004,0.7296859169199594,0.44886363636363635,0.6325024437927664,0.04559270516717325,0.25,0.375,0.12819655521783183,193.04,200.66,1.0,10024.25,Juan Adams
0.0,0.0,0.0,2.5,31.5,69.25,38.5,79.25,2.25,5.5,18.0,49.5,3.25,5.75,8.0,10.0,21.5,52.0,5.25,9.25,4.75,8.0,147.5,723.25,0.47838600557816974,2.649481865284974,0.49852090131511495,3.116148531951641,0.4324107142857143,1.6884283246977547,0.45158730158730154,0.21666666666666667,0.525,0.7110535405872194,0.3549494024070295,1.4943868739205528,0.296875,0.35,0.5984848484848484,0.7991691104594331,0.18333333333333335,0.35,1.0,0.17609959700633276,182.88,193.04,1.0,9970.75,Darko Stosic
0.2,0.0,0.0,2.0,22.6,59.2,25.0,61.6,0.2,0.6,14.2,46.0,2.6,5.8,5.8,7.4,21.2,56.8,0.2,0.2,1.0,2.2,8.4,544.6,0.36458641127615465,3.211929824561403,0.3966489555553284,3.5599999999999996,0.2686867038397026,1.9933333333333334,0.5536842105263158,0.42666666666666664,0.6950000000000001,0.7648354792560801,0.3438447308748061,2.511502145922747,0.2,0.02,0.09090909090909091,0.49266862170087977,0.02,0.06666666666666667,0.9333333333333333,0.027222222222222224,180.34,177.8,1.0,11034.2,Dong Hyun Ma
0.25,1.0,0.25,3.0,34.75,103.25,68.25,140.0,0.25,1.25,22.5,85.75,7.0,11.5,5.25,6.0,24.25,88.25,3.0,5.25,7.5,9.75,105.5,883.5,0.3855489184308142,2.3522781774580332,0.5184159805496298,4.585611510791367,0.29845784142659143,1.5158273381294962,0.7147058823529411,0.47853717026378895,0.9087301587301587,0.3579136690647482,0.27943520535571964,1.6483213429256593,0.4285714285714286,0.2039568345323741,0.5428571428571428,0.5,0.016666666666666666,0.25,-0.5,0.11722222222222223,167.64000000000001,182.88,1.0,9539.5,Pingyuan Liu
0.0,0.0,0.0,2.0,19.0,44.0,36.5,62.5,0.0,0.5,7.5,26.0,5.5,11.0,6.0,7.0,16.0,40.5,2.0,2.5,1.0,1.0,31.5,517.0,0.4866385372714487,2.219402985074627,0.5913043478260869,3.5766169154228855,0.24893617021276596,0.690547263681592,0.7105263157894737,0.9383084577114427,0.9230769230769231,0.590547263681592,0.41023166023166024,1.6383084577114428,0.8333333333333333,0.5144278606965175,0.5,0.06666666666666667,0.0,0.0,1.0,0.14297678275290215,172.72,182.88,1.0,9859.5,Suman Mokhtarian
0.4,0.2,0.0,3.0,31.0,97.6,40.0,107.8,1.2,4.6,24.2,85.4,3.8,8.2,3.0,4.0,18.2,81.4,2.8,4.2,7.4,10.2,83.2,682.2,0.39618935649685916,3.744016741191109,0.4421839266263186,4.8212172109901505,0.34729945399659373,2.8872191973953862,0.5784126984126984,0.47952793743097344,0.8266666666666665,0.44752793743097347,0.3084628452233717,1.9025464872540403,0.5533333333333333,0.17065422498703992,0.5259574468085106,1.2498823529411767,0.07466666666666666,0.13333333333333333,0.7666666666666667,0.12589261387968537,167.64000000000001,170.18,1.0,13648.4,Urijah Faber
0.2,0.8,0.0,1.6,16.4,32.6,32.6,48.2,0.0,0.0,5.8,18.4,7.6,10.8,3.0,3.2,8.2,21.6,6.2,8.2,1.8,2.4,7.0,352.6,0.5061559696342306,4.407297574859924,0.6227465701999864,6.095619091029148,0.2996567505720824,1.4857357875684007,0.7071428571428571,1.2157439631854638,0.1875,0.4,0.3843877551020408,1.8091830071722481,0.4372727272727273,1.08,0.3083333333333333,0.34807302231237325,0.0,0.0,0.2,0.01658885776532835,187.96,195.58,1.0,13064.8,Ben Saunders
0.0,0.2,0.0,2.4,33.0,70.6,40.0,78.8,0.4,2.2,17.4,46.8,4.0,4.8,10.2,14.6,22.8,55.2,5.4,8.0,4.8,7.4,119.2,643.8,0.44560827565953404,2.6828510683858733,0.4825589408657406,3.5159430398140072,0.3564027433626958,1.4990646497686761,0.680952380952381,0.33256611450159834,0.3795454545454545,0.7733333333333333,0.4189164086687306,1.7812849345696062,0.5121212121212121,0.39200232490555076,0.4258585858585858,0.4918918918918919,0.04576576576576576,0.23333333333333334,0.7,0.1808789557157817,165.1,175.26,1.0,11250.6,Daniel Teymur
0.6,1.0,0.2,1.8,25.2,45.6,38.0,60.4,0.4,0.8,18.6,36.6,3.8,5.8,2.8,3.2,13.8,31.8,6.2,7.6,5.2,6.2,96.4,474.4,0.5503324554779094,3.9537466371720926,0.6294000842326202,5.23267328113778,0.4998149193801368,2.8910932062807553,0.719047619047619,0.6240425411707672,0.6777777777777778,0.43861088972056894,0.4220568783068783,2.168009213203166,0.6417582417582418,0.7185759851464397,0.85,1.0362016865005048,0.03350140056022409,0.26666666666666666,-0.4,0.1504102363004156,182.88,193.04,2.0,10496.0,Oskar Piechota
0.2,0.0,0.2,3.0,46.8,96.2,70.4,123.8,1.4,4.2,23.6,68.2,14.6,17.2,8.6,10.8,27.2,69.0,10.0,14.4,7.6,11.4,200.0,889.8,0.5038637595283089,3.151236749116608,0.5668299332951383,4.724570082449941,0.3671317302652372,1.5893521790341578,0.8290027605244996,0.9773380447585394,0.6904201680672267,0.5845465253239105,0.4109578880593373,1.8437691401648997,0.7571111111111111,0.7741342756183744,0.5830769230769232,0.5333333333333334,0.09333333333333334,0.16883116883116883,0.8,0.2456287053396152,190.5,190.5,1.0,13457.6,Trevor Smith
0.0,0.0,0.0,2.4,48.6,117.8,51.2,120.4,0.4,1.0,20.2,79.2,7.6,11.8,18.4,22.2,44.6,112.8,4.0,5.0,0.0,0.0,32.4,683.0,0.4281386785322095,4.324959964850882,0.43827518427518425,4.531135907400253,0.27630283348620444,1.809610859865615,0.7523809523809524,0.7191467248445182,0.8322072072072071,1.6145147679324894,0.4169331133506442,3.9956772644289402,0.4333333333333333,0.3292827004219409,0.0,0.0,0.03487731897067624,0.26666666666666666,0.8,0.03791581887093557,175.26,177.8,1.0,12889.4,Thiago Alves
0.0,1.0,0.0,3.0,15.0,42.0,90.0,128.0,2.0,3.0,15.0,42.0,0.0,0.0,0.0,0.0,6.0,26.0,0.0,0.0,9.0,16.0,279.0,900.0,0.35714285714285715,1.0,0.703125,6.0,0.35714285714285715,1.0,0.0,0.0,0.0,0.0,0.23076923076923078,0.4,0.0,0.0,0.5625,0.6,0.13333333333333333,0.6666666666666666,1.0,0.31,162.56,165.1,1.0,10300.0,Isabela de Padua
0.0,0.4,0.0,2.8,34.0,88.6,38.4,93.0,1.2,2.0,26.6,78.2,6.0,8.8,1.2,1.2,33.4,87.2,0.2,0.6,0.4,0.6,141.8,818.8,0.4170858777239947,2.4285260871687964,0.45684363485976387,2.7252707911630987,0.37660805860805857,1.8344677376345753,0.5347763347763348,0.40705183058174005,0.8,0.08200745980426542,0.31277295447536246,2.293384266354772,0.06666666666666667,0.01406799531066823,0.2,0.04123711340206186,0.09520684564886046,0.45,1.0,0.19966838863019015,182.88,182.88,1.0,13327.6,Sergio Moraes
0.0,0.4,0.0,2.8,53.2,130.0,87.8,165.8,1.4,3.8,28.8,88.2,17.2,27.4,7.8,12.4,41.6,115.0,7.4,8.4,5.2,6.6,180.2,792.2,0.4095708052722305,4.489639889196676,0.5307494799397932,6.776214219759926,0.3141113445718206,2.2257433056325024,0.5575964047297003,1.2311111111111113,0.6223809523809524,0.5797229916897508,0.3433772858736991,3.5168605724838415,0.95,0.626112650046168,0.4446455505279035,0.3466666666666667,0.09333333333333334,0.2977777777777778,0.9333333333333333,0.20022222222222222,167.64000000000001,177.8,1.0,11544.6,Renan Barao
0.0,0.0,0.0,3.0,29.6,91.0,52.4,116.2,3.4,9.2,21.8,77.4,5.2,9.6,2.6,4.0,23.0,79.0,2.2,5.0,4.4,7.0,257.6,900.0,0.338105019785692,1.974407158836689,0.461556234573033,3.4933333333333336,0.2835695828719084,1.4533333333333334,0.5638528138528138,0.3466666666666667,0.6380952380952382,0.17333333333333334,0.29571095889436944,1.5333333333333334,0.26666666666666666,0.14666666666666667,0.4838095238095238,0.29333333333333333,0.22666666666666666,0.40621212121212125,1.0,0.3022222222222223,172.72,185.42000000000002,1.0,11549.8,Rustam Khabilov
0.0,0.0,1.0,2.5,45.0,119.0,56.0,130.5,0.0,0.5,20.0,77.0,17.0,28.0,8.0,11.5,38.5,105.5,3.5,4.5,3.0,9.0,29.0,743.5,0.3821969696969697,3.977569562748439,0.44009009009009004,4.710902896081771,0.264062217399168,1.7599091425326518,0.5745920745920745,1.4666666666666668,0.6706349206349207,0.728847245883021,0.37038988408851425,3.4909142532651902,0.775,0.28665530948324813,0.16666666666666666,0.2,0.0,0.0,1.0,0.03222222222222222,170.18,172.72,3.0,12911.0,Grigory Popov
0.0,0.4,0.2,2.8,67.0,140.0,80.8,160.2,3.8,8.2,42.6,111.6,8.4,14.8,12.4,15.4,55.6,122.8,1.4,2.0,9.0,12.4,248.0,819.2,0.5152671369998834,4.842552335999301,0.5587573187455008,5.859829552904156,0.4493878931488826,3.1660294567545124,0.6165011459129105,0.5983811896333202,0.8437721755368814,0.9981416896114681,0.473868670620897,4.016778986932389,0.4428571428571429,0.14073510773130543,0.8376262626262626,0.685038241335606,0.30532818532818534,0.534004329004329,1.0,0.3244578179858107,185.42,185.42000000000002,1.0,10085.2,Zabit Magomedsharipov
0.0,0.0,0.0,3.0,30.333333333333332,76.33333333333333,46.666666666666664,94.33333333333333,0.6666666666666666,3.3333333333333335,12.666666666666666,49.666666666666664,6.333333333333333,14.333333333333334,11.333333333333334,12.333333333333334,27.333333333333332,71.33333333333333,3.0,4.666666666666667,0.0,0.3333333333333333,62.0,900.0,0.3952395114047887,2.022222222222222,0.48784259636584015,3.1111111111111107,0.2521341463414634,0.8444444444444444,0.4358974358974359,0.4222222222222222,0.9013888888888889,0.7555555555555555,0.3738487450590961,1.8222222222222222,0.6759259259259259,0.19999999999999998,0.0,0.0,0.044444444444444446,0.27777777777777773,0.9333333333333332,0.06888888888888889,182.88,187.96,1.0,9692.333333333334,Klidson Abreu
0.0,0.25,0.0,2.5,12.25,59.75,25.0,85.5,1.0,3.75,5.0,45.25,4.75,11.5,2.5,3.0,10.75,57.0,1.0,1.0,0.5,1.75,149.75,667.0,0.3315959490134451,1.496113692444016,0.38146027812455363,2.888672676110078,0.21834150326797386,0.7917227071111748,0.2715201465201465,0.373789764868603,0.9285714285714286,0.2656889397624839,0.2795441347270615,1.1453975294510421,0.5,0.0789073305670816,0.25,0.20689655172413796,0.13333333333333333,0.22916666666666666,0.6875,0.322626240566839,187.96,190.5,2.0,11762.75,Chance Rencountre
0.0,0.2,0.0,2.2,38.4,88.8,46.2,97.0,0.8,1.8,20.6,65.8,2.6,4.2,10.4,13.0,29.8,75.8,1.4,2.0,5.2,7.2,75.8,614.8,0.4134387564854041,2.8816803720471835,0.4844267969850633,3.7436286919831225,0.2776060388209921,1.4906739224732837,0.5757575757575758,0.2479324894514768,0.8642857142857142,0.9858153931442297,0.36360095085948657,2.209781637869968,0.42000000000000004,0.2052320675105485,0.27729468599033813,0.4666666666666667,0.05333333333333333,0.2,1.0,0.14949648382559774,177.8,177.8,2.0,10420.8,Stevie Ray
0.0,0.3333333333333333,0.3333333333333333,1.6666666666666667,22.333333333333332,46.333333333333336,36.0,60.666666666666664,1.6666666666666667,3.0,18.666666666666668,41.333333333333336,1.3333333333333333,2.0,1.6666666666666667,1.6666666666666667,16.0,38.0,3.6666666666666665,4.333333333333333,2.0,2.0,77.66666666666667,367.3333333333333,0.2928905625927194,1.8616685598889309,0.4809717382888114,3.157154276578737,0.19026013309134907,1.3394084732214229,0.2222222222222222,0.09592326139088729,0.3333333333333333,0.1199040767386091,0.22040668119099494,1.2100693776529579,0.28205128205128205,0.26378896882494,0.3333333333333333,0.14388489208633093,0.1959232613908873,0.35714285714285715,0.8333333333333334,0.2438968824940048,180.34,185.42,1.0,12766.333333333334,Ben Askren
0.0,0.0,0.0,2.3333333333333335,50.0,115.0,63.333333333333336,133.66666666666666,1.6666666666666667,3.6666666666666665,34.666666666666664,94.33333333333333,13.666666666666666,18.0,1.3333333333333333,2.0,27.666666666666668,85.66666666666667,12.666666666666666,17.333333333333332,5.666666666666667,7.333333333333333,91.0,622.6666666666666,0.42235047096221745,3.9224043715846997,0.42561280022580333,4.789071038251366,0.37604166666666666,2.9224043715846997,0.5098850574712643,0.9111111111111111,0.5,0.08888888888888889,0.34627510806000505,2.455737704918033,0.5145299145299146,1.0222222222222221,0.4444444444444445,0.37777777777777777,0.13333333333333333,0.3194444444444444,0.8472222222222223,0.10111111111111111,162.56,165.1,1.0,10339.333333333334,Aleksandra Albu
0.6,0.6,0.0,2.4,44.4,94.2,60.0,112.2,0.6,3.0,31.8,77.0,11.6,15.6,1.0,1.6,24.8,67.2,14.0,19.4,3.4,5.0,67.2,673.0,0.4609669446283773,3.99499063670412,0.5089514020675037,5.07249063670412,0.3945713927494823,2.8294943820224723,0.7518853695324283,1.0913295880149814,0.45,0.07416666666666667,0.3782416696369417,2.3493258426966293,0.6972868352223192,1.1748314606741572,0.40952380952380957,0.2341666666666667,0.04,0.3333333333333333,0.2,0.07654166666666667,182.88,180.34,2.0,10911.8,Alex White
0.0,0.2,0.0,3.0,63.8,160.8,77.2,180.4,2.6,8.2,37.0,124.2,14.4,20.4,12.4,14.8,53.2,141.2,2.8,5.0,7.8,13.0,162.8,900.0,0.41733698887605775,4.253333333333334,0.4466127707619484,5.1466666666666665,0.3122908960561076,2.466666666666667,0.6879976970109796,0.9600000000000002,0.8595874713521772,0.8266666666666665,0.3920897464019226,3.546666666666667,0.4125396825396825,0.18666666666666668,0.3528205128205128,0.5199999999999999,0.21266409266409267,0.359047619047619,1.0,0.18088888888888888,170.18,177.8,1.0,10846.8,Enrique Barzola
0.0,0.0,0.0,1.0,7.5,14.5,10.0,17.5,0.0,0.5,2.5,9.0,3.5,4.0,0.5,0.5,6.0,12.5,0.5,0.5,0.0,0.0,21.5,101.5,0.3934169278996865,3.0693512304250556,0.4481881754609027,4.322222222222222,0.21153846153846156,1.0290758047767392,0.4375,1.0,0.5,0.2222222222222222,0.33333333333333337,2.5444444444444447,0.5,0.2222222222222222,0.0,0.0,0.0,0.0,1.0,0.15925925925925927,175.26,175.26,2.0,10465.0,Boston Salmon
0.0,0.0,0.0,3.0,36.6,121.8,44.2,129.8,1.2,7.0,24.0,100.2,7.0,13.2,5.6,8.4,31.8,113.0,4.2,7.8,0.6,1.0,129.8,900.0,0.3206392806378381,2.4400000000000004,0.37006719207244865,2.9466666666666668,0.2541182756993049,1.6,0.596068376068376,0.4666666666666667,0.44642857142857145,0.37333333333333335,0.30519814652691063,2.12,0.5028571428571429,0.27999999999999997,0.26666666666666666,0.04,0.08,0.08666666666666667,0.5,0.1442222222222222,170.18,177.8,1.0,11477.6,Kyle Bochniak
0.0,0.4,0.0,2.0,28.4,63.6,38.0,73.8,1.4,2.6,24.8,59.4,3.0,3.8,0.2,0.4,14.6,45.6,5.0,8.4,8.4,9.6,126.0,512.2,0.4428065042697898,3.9285292022141434,0.5071487834028546,5.153333333333334,0.4043667214012042,3.2237150695122514,0.6900000000000001,0.36236559139784946,0.1,0.02,0.31306103784116457,2.413728133525919,0.51,0.5223655913978494,0.5599137931034482,1.07921568627451,0.17266409266409266,0.34285714285714286,1.0,0.22098924731182795,177.8,180.34,1.0,12296.0,Joe Lauzon
0.2,1.2,0.6,1.6,17.2,28.2,28.0,40.2,1.2,2.2,14.4,24.4,2.8,3.6,0.0,0.0,6.6,15.0,0.6,0.8,8.6,11.2,147.2,355.2,0.6132432776857397,3.5591613973385217,0.6861388992635293,5.20095683516045,0.5591185410334346,2.753748056665066,0.5333333333333333,0.5052132338879327,0.0,0.0,0.40548347613219093,1.0583266753119087,0.4,0.09015873015873015,0.8415476190476191,1.282300436861935,0.2022712863437351,0.5900000000000001,0.96,0.4277082824420525,177.8,180.34,1.0,8990.0,Manny Bermudez
0.0,0.0,0.0,2.25,26.25,73.0,32.0,79.25,0.5,0.75,14.75,54.5,6.0,11.5,5.5,7.0,23.25,69.0,2.0,3.25,1.0,1.0,16.5,616.75,0.4466461292119187,3.9257095158597664,0.4908895502645503,4.9423761825264325,0.310455695765885,2.469068711178876,0.39302884615384615,0.4418753478018921,0.5744047619047619,0.45879243183082913,0.3876629242482901,2.3007095158597664,0.15384615384615385,0.13333333333333333,0.25,0.6158357771260997,0.11666666666666667,0.375,1.0,0.03861111111111111,193.04,200.66,1.0,10115.0,Daniel Spitz
0.2,0.0,0.0,1.8,31.0,68.0,33.8,70.8,0.2,0.4,11.8,43.0,9.8,13.6,7.2,8.8,27.8,62.6,1.6,3.0,1.6,2.4,34.8,428.8,0.44777196086547166,4.6867914911322615,0.4667602609489682,5.100107140999636,0.2836666666666666,1.9029635408540073,0.6293809523809524,1.1731623931623933,0.818,1.258788162479846,0.43519702347342104,4.019276018099548,0.22222222222222224,0.10666666666666666,0.2742857142857143,0.5148717948717948,0.013333333333333332,0.1,1.0,0.06077777777777778,190.5,193.04,1.0,11652.0,James Vick
0.0,0.0,0.0,2.5,44.0,115.5,65.5,140.25,0.75,1.0,25.5,88.5,11.5,19.25,7.0,7.75,40.0,109.0,3.5,4.75,0.5,1.75,98.75,735.0,0.38491576539319694,3.7125000000000004,0.4673364389308662,5.604166666666667,0.2908160383459736,2.1125,0.5974137931034482,1.0875,0.8210227272727273,0.5125,0.3635364680513141,3.2166666666666663,0.7928571428571429,0.41666666666666663,0.20833333333333331,0.07916666666666666,0.05,0.5,0.625,0.1326388888888889,165.1,170.18,1.0,9930.5,Lauren Mueller
0.0,0.0,0.0,2.3333333333333335,38.666666666666664,100.66666666666667,40.333333333333336,102.33333333333333,0.6666666666666666,0.6666666666666666,21.333333333333332,75.0,4.333333333333333,8.666666666666666,13.0,17.0,36.333333333333336,96.33333333333333,2.0,4.0,0.3333333333333333,0.3333333333333333,21.0,645.6666666666666,0.34350667803353224,3.220648967551622,0.3658698342449622,3.3572649572649573,0.22856153760939404,1.6696921564178202,0.39444444444444443,0.36068376068376073,0.7615440115440114,1.1902730504500416,0.33872555327540393,3.0531276000302547,0.16666666666666666,0.13333333333333333,0.3333333333333333,0.034188034188034185,0.06837606837606837,0.3333333333333333,0.6666666666666666,0.028830900335325118,180.34,182.88,1.0,11109.666666666666,Hector Aldana
0.0,0.0,0.0,3.0,27.0,105.0,27.5,106.5,1.0,2.5,19.0,92.5,6.0,10.5,2.0,2.0,21.0,97.5,6.0,7.5,0.0,0.0,101.5,900.0,0.2906521739130435,1.8,0.312060936143342,1.8666666666666667,0.20738835632452654,1.2666666666666666,0.7,0.4,1.0,0.13333333333333333,0.22915319974143505,1.4000000000000001,0.7777777777777777,0.4,0.0,0.0,0.06666666666666667,0.2,1.0,0.11277777777777777,177.8,182.88,3.0,10089.0,Rostem Akman
0.0,2.0,0.6666666666666666,2.3333333333333335,34.0,81.0,66.66666666666667,121.0,0.3333333333333333,1.0,11.666666666666666,45.333333333333336,15.0,21.666666666666668,6.0,8.0,26.333333333333332,68.66666666666667,5.333333333333333,7.666666666666667,2.3333333333333335,4.666666666666667,67.0,652.0,0.5164252871364161,2.876878109922243,0.5960525697089388,5.4038489467209105,0.2840923587192244,0.899820066428893,0.7277336860670194,1.162282194667315,0.798076923076923,0.5204581588489122,0.46750748492167954,2.2668502938887936,0.7619047619047619,0.42176404713748133,0.4583333333333333,0.18826376889596771,0.0333889816360601,0.16666666666666666,-1.0,0.10412075343445278,165.1,167.64000000000001,2.0,8802.666666666666,Nadia Kassem
0.0,0.0,0.0,3.0,44.0,100.75,50.0,107.0,0.25,0.25,27.0,78.5,7.0,11.75,10.0,10.5,33.0,85.25,7.5,12.0,0.75,1.25,58.5,900.0,0.43374103702258426,2.933333333333333,0.46942760579797965,3.3333333333333335,0.34993017734953225,1.8,0.5503787878787879,0.4666666666666667,0.9166666666666666,0.6666666666666666,0.3788665658250268,2.2,0.44047619047619047,0.6166666666666667,0.15,0.05,0.016666666666666666,0.25,0.75,0.065,180.34,182.88,1.0,11010.0,Luke Jumeau
0.8,0.4,0.2,2.6,42.4,100.0,63.2,131.6,1.4,2.2,32.6,86.0,7.4,10.6,2.4,3.4,20.2,68.6,7.4,10.0,9.2,14.0,155.8,720.2,0.44542853448925984,3.7928267852066258,0.5252318275322037,6.042188701567584,0.3735894047530567,2.881475974643677,0.7038095238095239,0.6977270438140003,0.5333333333333333,0.21254994124559343,0.33383866963601183,1.86738898614675,0.5403333333333333,0.6896178165743383,0.5524305555555555,1.0646650724550946,0.10839012925969446,0.48571428571428577,0.9333333333333333,0.21569990220921897,180.34,185.42000000000002,1.0,12375.8,Siyar Bahadurzada
0.0,0.0,0.5,2.5,14.0,41.0,18.5,46.0,0.5,1.0,9.0,34.0,2.0,2.5,3.0,4.5,5.5,24.5,2.0,3.5,6.5,13.0,108.0,638.0,0.3347826086956522,1.570088587806149,0.382037122258015,2.1966996699669967,0.2647058823529412,0.9668297569056516,0.4,0.23762376237623764,0.6071428571428572,0.3359402088068729,0.26838235294117646,0.5714836075047194,0.5833333333333333,0.19663289286127056,0.25,0.7722772277227723,0.05940594059405941,0.25,-1.25,0.20019776296695815,177.8,180.34,1.0,9300.0,Nohelin Hernandez
0.0,0.0,0.0,1.5,7.5,13.0,29.5,37.5,1.0,1.0,5.0,10.0,0.0,0.0,2.0,2.0,4.5,8.0,0.0,0.0,2.5,3.5,131.0,257.0,0.4206521739130435,1.1455108359133128,0.5178861788617887,4.3342383107088995,0.3075657894736842,0.6441930618401207,0.0,0.0,0.5,0.2714932126696833,0.36651583710407243,0.6232003290826821,0.0,0.0,0.35714285714285715,0.3393665158371041,0.13574660633484165,0.5,0.5,0.29638009049773756,182.88,187.96,2.0,9140.5,Danilo Belluardo
0.0,0.0,0.0,2.0,2.5,9.0,4.5,11.5,0.0,0.0,1.5,6.5,1.0,1.5,0.5,1.0,1.5,7.5,0.0,0.0,1.0,1.5,24.0,597.5,0.2777777777777778,0.568242640499554,0.39015151515151514,1.0666666666666667,0.16917293233082706,0.2367231638418079,0.3333333333333333,0.06666666666666667,0.25,0.10169491525423728,0.19642857142857142,0.1819088189975528,0.0,0.0,0.5,0.20338983050847456,0.0,0.0,-1.5,0.02666666666666667,185.42,193.04,3.0,11920.0,Marcos Mariano
0.0,0.0,0.0,2.5,26.0,121.0,28.5,124.0,0.0,0.0,19.5,102.0,4.0,15.5,2.5,3.5,24.5,116.5,0.5,2.5,1.0,2.0,0.0,744.5,0.23478260869565218,2.085342388228636,0.27077874084525966,2.2520090548953027,0.2017857142857143,1.5992076966610074,0.2866666666666666,0.301867572156197,0.8333333333333333,0.1842671194114318,0.21422758212488902,1.967741935483871,0.16666666666666666,0.050933786078098474,0.25,0.06666666666666667,0.0,0.0,0.0,0.0,162.56,170.18,2.0,8790.0,Carlos Huachin
0.4,0.0,0.0,1.2,13.8,42.4,14.6,43.2,0.0,0.2,7.6,33.4,3.2,5.6,3.2,3.8,12.2,40.0,1.4,2.2,0.2,0.2,0.0,162.8,0.40478655301085203,5.227253955034142,0.4175981969101235,5.915658210353291,0.2297214798931046,2.616257010678457,0.5666666666666667,1.157919621749409,0.74,0.8760193712289617,0.3604594820384294,4.190367162581312,0.4,0.6768867924528302,0.2,0.2,0.0,0.0,0.6,0.0,180.34,180.34,1.0,12382.0,Marco Polo Reyes
0.0,0.0,0.0,3.0,59.2,155.8,80.0,183.0,0.2,0.6,46.4,136.4,4.6,8.8,6.6,7.2,55.6,148.6,3.0,3.4,0.6,2.4,3.6,900.0,0.353617401181594,3.9466666666666668,0.4373088095982518,5.333333333333333,0.31637843901534823,3.2,0.5794017094017094,0.30666666666666664,0.7208333333333333,0.44000000000000006,0.34605616902190656,3.706666666666667,0.5428571428571429,0.2,0.45,0.04,0.013333333333333332,0.1,-0.2,0.004,167.64000000000001,175.26,1.0,9178.6,Sergio Pettis
0.25,0.0,0.0,2.0,55.75,137.0,67.5,147.25,1.25,3.5,40.5,109.75,11.25,18.0,3.75,7.0,51.0,129.75,2.5,5.25,1.75,3.25,65.25,443.5,0.38970313232126924,6.287800368217999,0.42115434468110013,7.723509422304602,0.30223524058597817,4.354973163682769,0.7152406417112299,1.78380187416332,0.44999999999999996,0.419134851426165,0.3832630819472924,5.227218934911242,0.484375,0.2273189946486714,0.29166666666666663,0.15562248995983935,0.12672634271099745,0.18333333333333335,1.0,0.08689038335781317,172.72,180.34,2.0,9051.5,Martin Bravo
0.0,0.0,0.0,3.0,48.0,137.5,49.5,139.0,0.0,1.5,25.0,100.5,15.5,24.5,7.5,12.5,46.5,135.5,1.5,2.0,0.0,0.0,24.0,900.0,0.3502625093753349,3.2,0.35756179304566404,3.3,0.25015084473049076,1.6666666666666667,0.6035087719298246,1.0333333333333332,0.55,0.5,0.3438741721854305,3.0999999999999996,0.75,0.1,0.0,0.0,0.0,0.0,1.0,0.02666666666666667,177.8,177.8,2.0,10905.5,Kyle Prepolec
0.0,0.0,0.0,2.0,22.5,77.5,23.0,78.0,0.0,1.5,12.0,60.5,3.5,8.5,7.0,8.5,22.5,76.5,0.0,1.0,0.0,0.0,26.0,591.5,0.3081896551724138,3.6802120141342756,0.33185389245995306,4.052885747938752,0.21153846153846156,2.260328258644034,0.356060606060606,0.6693757361601884,0.8846153846153846,0.7573616018845701,0.29122476907287037,3.6802120141342756,0.0,0.0,0.0,0.0,0.0,0.0,1.0,0.03494503337259521,180.34,180.34,3.0,9588.5,Ryan MacDonald
1.0,0.5,0.0,2.5,21.0,40.0,57.0,82.0,1.5,5.5,12.5,29.5,6.0,7.0,2.5,3.5,10.0,24.5,3.0,5.5,8.0,10.0,297.5,607.0,0.5529953917050691,2.706369426751592,0.720550739418664,6.412738853503184,0.45712560386473433,1.7042462845010615,0.8571428571428571,0.7732484076433122,0.8333333333333333,0.2288747346072187,0.42087542087542085,1.4131634819532908,0.6875,0.3866242038216561,0.8571428571428572,0.9065817409766455,0.1,0.125,0.5,0.3715109695682944,182.88,182.88,2.0,10368.5,Don Madge
0.6,0.0,0.0,2.0,25.8,70.2,26.4,71.0,0.0,0.4,17.0,55.6,3.6,8.6,5.0,6.0,23.6,66.4,0.4,0.6,1.6,2.6,4.4,499.6,0.42132616543449625,3.372692307692307,0.4250565513208457,3.437747252747253,0.36309694325987174,2.2486813186813186,0.3544230769230769,0.4022893772893773,0.9071428571428571,0.7217216117216118,0.4100474868497955,3.0824358974358974,0.3,0.0441025641025641,0.12307692307692308,0.24615384615384617,0.0,0.0,1.0,0.012077228327228327,175.26,185.42000000000002,1.0,10576.6,Mairbek Taisumov
0.25,0.5,0.0,1.5,12.75,24.25,14.5,26.75,0.75,3.0,9.5,20.25,3.0,3.25,0.25,0.5,8.5,17.5,1.25,1.75,2.75,4.25,51.0,312.25,0.5627009961565612,4.0334945207762285,0.5880553656869446,4.763380281690141,0.34165116073010804,2.517030845509192,0.7083333333333334,0.952112676056338,0.25,0.016666666666666666,0.458712715855573,2.4279342723004698,0.20833333333333334,0.35211267605633806,0.32575757575757575,0.9990196078431374,0.05,0.06818181818181818,1.0,0.15805555555555556,185.42,190.5,1.0,10870.25,Teemu Packalen
0.2,0.0,0.0,1.6,31.0,68.2,31.2,68.8,0.2,0.4,10.0,39.8,8.6,14.0,10.4,12.4,30.2,66.2,0.4,0.8,0.4,0.8,2.8,399.0,0.4855473991205497,3.9288187051798973,0.5103339192467414,3.989298476035608,0.30534978047956773,1.485842701963221,0.592809364548495,0.9901087099421669,0.8875675675675676,1.2272890619819923,0.4617971179775949,3.623534655729233,0.13333333333333333,0.08856088560885608,0.3,0.2167231638418079,0.04428044280442804,0.1,0.9,0.008784747847478475,185.42,187.96,1.0,13638.6,Nordine Taleb
0.0,0.5,0.5,2.0,19.5,51.5,30.5,64.0,2.0,4.0,14.0,45.0,3.5,4.5,2.0,2.0,17.5,47.5,0.5,2.0,1.5,2.0,217.0,566.0,0.3607843137254902,1.8758620689655174,0.4432712215320911,2.897126436781609,0.3116554054054054,1.4132183908045977,0.6785714285714286,0.32931034482758625,0.5,0.13333333333333333,0.3393665158371041,1.646551724137931,0.125,0.03333333333333333,0.8333333333333333,0.1959770114942529,0.22931034482758622,0.5,1.0,0.3946743295019157,177.8,182.88,1.0,11500.5,Derrick Krantz
0.6,0.2,0.0,2.8,35.4,76.2,46.2,87.4,1.6,2.8,14.2,50.8,10.0,14.4,8.2,9.4,20.4,56.4,6.0,8.0,4.0,5.4,144.0,793.2,0.4401218224550222,2.7490710382513663,0.5030128154190343,3.527431693989071,0.2624367683191212,1.2579234972677598,0.7155555555555555,0.809471766848816,0.8925837320574164,0.566120218579235,0.35240100728976503,1.5545355191256829,0.85,0.578360655737705,0.5433333333333333,0.4028415300546449,0.10666666666666666,0.5142857142857142,0.33333333333333337,0.16,175.26,177.8,1.0,10944.2,Andre Soukhamthath
0.0,0.0,0.0,3.0,61.5,179.0,68.25,192.0,0.75,3.5,40.0,139.5,17.5,30.5,3.25,3.75,54.0,165.25,6.0,10.5,1.5,1.75,94.25,900.0,0.33143635639538027,4.1,0.3691446482642835,4.55,0.27561852306760554,2.6666666666666665,0.5304589598997493,1.2166666666666668,0.375,0.21666666666666665,0.3124451855932827,3.5999999999999996,0.6086538461538462,0.4,0.41666666666666663,0.1,0.05,0.09375,0.71875,0.10472222222222223,162.56,165.1,1.0,11861.0,Jodie Esquibel
0.25,0.25,0.0,2.0,17.25,42.25,24.5,49.75,1.5,3.25,9.75,32.5,5.0,6.25,2.5,3.25,13.75,37.25,3.0,3.75,0.5,0.5,57.5,484.0,0.5561745083504122,3.919230769230769,0.6181620924231762,5.019230769230769,0.4560893931109896,2.528642359567215,0.6666666666666666,0.8166666666666667,0.6818181818181819,0.9846153846153846,0.4871106337271751,3.269230769230769,0.41666666666666663,0.2,0.25,0.6158357771260997,0.1,0.26666666666666666,0.725,0.08256410256410257,180.34,180.34,2.0,8881.5,Humberto Bandenay
0.0,1.0,0.5,3.0,49.5,131.5,61.5,154.0,2.0,4.5,30.5,108.5,11.0,17.0,8.0,9.5,46.5,122.0,1.5,3.0,0.0,0.0,192.5,900.0,0.29782082324455206,3.3,0.39679326521431785,4.1,0.21650373778033352,2.033333333333333,0.578125,0.7333333333333333,0.90625,0.5333333333333333,0.28803716608594654,3.1999999999999997,0.7,0.1,0.0,0.0,0.16666666666666666,0.3125,-0.5,0.21388888888888888,177.8,185.42000000000002,1.0,10592.0,Bobby Moffett
0.0,0.4,0.0,3.4,32.2,63.6,92.4,137.0,2.8,4.4,14.2,37.4,7.6,9.8,10.4,15.8,19.6,50.2,4.0,4.4,8.6,9.0,305.6,900.0,0.502220750102083,2.050666666666667,0.7139221559902188,5.896,0.33639397406559873,0.9627414330218069,0.7304761904761905,0.48533333333333334,0.7132107279693487,0.624,0.40674481658692185,1.216,0.917948717948718,0.2613333333333333,0.7788888888888889,0.5733333333333333,0.18666666666666668,0.6642857142857143,0.9,0.3395555555555556,167.64000000000001,167.64000000000001,1.0,12522.0,Liz Carmouche
0.0,0.0,0.0,3.0,39.0,83.0,52.0,97.66666666666667,0.0,1.0,16.333333333333332,51.666666666666664,19.333333333333332,27.333333333333332,3.3333333333333335,4.0,25.666666666666668,65.33333333333333,11.0,13.333333333333334,2.3333333333333335,4.333333333333333,53.666666666666664,900.0,0.4677842399361387,2.6,0.5301414200449851,3.4666666666666663,0.312099358974359,1.0888888888888888,0.7148989898989898,1.288888888888889,0.9047619047619048,0.2222222222222222,0.39063004224042847,1.711111111111111,0.8333333333333334,0.7333333333333334,0.1794871794871795,0.15555555555555556,0.0,0.0,0.888888888888889,0.05962962962962964,177.80000000000004,182.88,1.0,10602.333333333334,Salim Touahri
0.2,0.2,0.0,2.6,23.0,48.0,35.0,61.0,1.2,3.2,15.2,37.4,5.8,8.0,2.0,2.6,15.2,38.6,4.8,5.2,3.0,4.2,131.6,733.6,0.5269784515636919,3.0533333333333337,0.6167043375567965,4.359999999999999,0.4399647737883032,2.1418882466281306,0.741969696969697,0.7333333333333334,0.4083333333333333,0.13333333333333336,0.4288170680617573,1.6525786163522014,0.9577777777777777,0.56,0.6066666666666667,0.6261635220125786,0.08,0.18095238095238092,0.8666666666666668,0.1710817610062893,175.26,177.8,2.0,10761.0,Olivier Aubin-Mercier
0.0,0.0,0.0,3.0,39.0,79.0,41.0,81.0,0.0,1.0,24.0,62.0,7.0,8.0,8.0,9.0,35.0,68.0,4.0,11.0,0.0,0.0,2.0,849.0,0.4936708860759494,2.756183745583039,0.5061728395061729,2.897526501766784,0.3870967741935484,1.696113074204947,0.875,0.4946996466431095,0.8888888888888888,0.5653710247349824,0.5147058823529411,2.4734982332155475,0.36363636363636365,0.2826855123674912,0.0,0.0,0.0,0.0,1.0,0.002355712603062426,172.72,177.8,1.0,8844.0,Yoshinori Horie
0.0,0.2,0.2,2.4,25.2,61.8,34.4,72.8,1.4,3.2,19.4,53.8,3.8,5.0,2.0,3.0,17.4,51.8,2.8,3.8,5.0,6.2,189.4,676.6,0.38798217003696456,2.1200900063995376,0.4377691197691197,2.825926797547532,0.3210669271222145,1.4668937470324726,0.8800000000000001,0.3228273569909787,0.6476190476190475,0.33036890237608635,0.32450789660091983,1.553838277492207,0.6428571428571429,0.2213554633471646,0.5138755980861245,0.344896265560166,0.1164591977869986,0.37272727272727274,0.6,0.25977962194559706,177.8,180.34,2.0,10379.8,Erik Koch
0.0,0.0,0.0,2.0,13.0,37.5,36.0,65.0,0.0,4.0,7.0,27.0,2.5,5.5,3.5,5.0,10.5,34.0,2.0,3.5,0.0,0.0,67.5,522.5,0.3003771551724138,1.1804597701149426,0.4262101534828807,3.033333333333333,0.20213675213675214,0.5735202492211838,0.6666666666666666,0.5137931034482759,0.35,0.23333333333333334,0.25757575757575757,1.047126436781609,0.2857142857142857,0.13333333333333333,0.0,0.0,0.0,0.0,0.75,0.075,182.88,193.04,1.0,11039.5,Kyle Stewart
0.2,0.0,0.0,2.6,64.0,128.0,78.0,136.8,0.2,0.6,38.0,90.6,16.4,22.2,12.0,13.0,48.4,101.4,11.2,15.4,5.4,8.4,43.4,557.8,0.5172315916076548,6.4261972078971965,0.5444178104851293,7.264198926497974,0.4019904988546103,3.506637170742394,0.7889537264537264,1.816729981378026,0.5541125541125541,0.7706219739292365,0.4768466267737212,4.151315245705858,0.6507936507936508,1.0936908752327748,0.403030303030303,0.8830145689560741,0.05853658536585367,0.2,1.0,0.062416544791146236,172.72,172.72,1.0,12031.4,Cristiane Justino
0.0,0.0,0.0,2.5,20.5,55.0,55.5,94.5,0.0,0.0,15.5,45.5,4.0,6.5,1.0,3.0,13.0,44.0,2.0,2.0,5.5,9.0,138.0,726.5,0.4027777777777778,1.5549125979505727,0.6314229249011858,4.390235081374322,0.3702485380116959,1.2006630500301387,0.7916666666666667,0.28758288125376735,0.16666666666666666,0.06666666666666667,0.33125,0.9294153104279688,0.5,0.13333333333333333,0.6666666666666667,0.4921639541892706,0.0,0.0,-2.0,0.15333333333333332,167.64000000000001,175.26,2.0,11704.5,Sarah Frota
0.0,0.0,0.0,3.0,76.5,210.0,84.5,219.5,1.5,6.0,59.0,176.0,9.0,16.0,5.0,6.5,62.5,191.5,12.0,15.5,2.0,3.0,126.5,900.0,0.36931818181818177,5.1,0.3882068220532635,5.633333333333333,0.3407320426165655,4.166666666666667,0.5222672064777327,0.6,0.7638888888888888,0.33333333333333337,0.3312011371712864,4.166666666666667,0.7414529914529915,0.8,0.3333333333333333,0.13333333333333333,0.1,0.27142857142857146,1.0,0.14055555555555554,167.64000000000001,175.26,1.0,9452.0,Jin Soo Son
0.0,0.6,0.0,2.6,25.6,53.8,40.0,69.4,2.4,5.8,11.2,33.0,5.8,10.0,8.6,10.6,20.4,47.2,2.2,3.8,3.0,3.2,195.6,777.0,0.5037926044066395,1.8505263157894736,0.5654927760577916,3.136140350877193,0.38571230034644677,0.8617543859649123,0.6172161172161172,0.4154385964912281,0.6370927318295739,0.5733333333333333,0.4724841236731098,1.3887719298245615,0.37142857142857144,0.14666666666666667,0.36,0.31508771929824564,0.21754385964912276,0.4242424242424242,0.8866666666666667,0.30799305555555556,185.42,198.12,2.0,12136.4,Cezar Ferreira
0.4,0.0,0.0,2.6,37.6,89.0,40.8,92.8,0.0,0.8,16.6,58.8,13.4,20.0,4.0,4.8,30.0,76.8,6.0,8.0,1.6,4.2,38.0,751.4,0.45528327495632626,3.074158215010142,0.46980691517624285,3.2897903989181883,0.2865958823700462,1.2115606367939022,0.651010101010101,1.1557317597885548,0.835,0.5618390804597702,0.42156619169406895,2.567031778228533,0.45209790209790207,0.4,0.27,0.1071264367816092,0.0,0.0,0.0,0.04228352490421456,172.72,182.88,1.0,10243.0,Sheymon Moraes
0.0,0.5,0.5,4.0,71.5,155.0,102.0,181.0,3.0,5.5,41.5,117.5,11.5,16.5,19.0,24.0,58.0,136.5,8.0,14.5,10.5,13.5,371.5,900.0,0.44445369753497665,4.986666666666666,0.5173237975246424,6.806666666666667,0.3038035264483627,3.1933333333333334,0.7826086956521738,0.5933333333333333,0.8808479532163742,1.2,0.41882846927745904,4.086666666666667,0.5505050505050505,0.4,0.7414772727272727,0.5,0.16,0.55,0.8,0.3303333333333333,165.1,165.1,2.0,10871.5,Nicco Montano
0.0,0.0,0.0,2.8,31.0,115.6,50.2,137.6,0.2,3.2,26.0,105.4,4.0,8.4,1.0,1.8,27.2,108.6,3.0,5.6,0.8,1.4,53.0,802.6,0.2802973289741534,2.4911702986279254,0.36419994538163314,4.274285714285715,0.24620917805351814,1.9848910411622278,0.41571428571428576,0.4238902340597256,0.4666666666666666,0.08238902340597257,0.2493246121022675,2.0491686844229213,0.5583333333333333,0.3572235673930589,0.4,0.08477804681194512,0.029055690072639223,0.025,0.96,0.1266198830409357,175.26,185.42000000000002,1.0,12619.0,Gilbert Melendez
0.2,0.0,0.0,1.6,23.2,45.4,32.0,54.4,0.6,1.6,14.0,33.6,5.4,7.6,3.8,4.2,18.0,38.2,4.4,6.0,0.8,1.2,89.6,349.6,0.5635963407661521,4.91258240454191,0.6201333120034127,6.1868011967408805,0.456637022397892,2.8263433424176205,0.7442424242424243,1.195587444743097,0.9083333333333332,0.659072670012771,0.5252987281869269,3.8082644178476044,0.6321428571428571,0.7516090958230595,0.26666666666666666,0.20814748736247396,0.14779661016949153,0.26666666666666666,1.0,0.20633904020924126,190.5,187.96,1.0,9960.6,Junior Albini
0.0,0.3333333333333333,0.0,2.6666666666666665,32.0,73.0,35.666666666666664,77.33333333333333,1.0,3.6666666666666665,16.666666666666668,53.0,9.333333333333334,13.333333333333334,6.0,6.666666666666667,18.666666666666668,52.333333333333336,10.666666666666666,16.666666666666668,2.3333333333333335,3.0,195.0,719.6666666666666,0.42928457937905273,2.8030950170225934,0.44667329796640143,3.047539461467038,0.29515109606822676,1.4459919529557412,0.6430976430976431,0.7561745589600744,0.9027777777777778,0.6009285051067781,0.3585434173669468,1.8807180439492417,0.7373737373737373,0.7668214175177964,0.4523809523809524,0.15555555555555556,0.06666666666666667,0.3703703703703704,-0.07407407407407407,0.21666666666666665,182.88,185.42,2.0,11723.666666666666,Dan Moret
0.0,0.3333333333333333,0.0,2.3333333333333335,37.0,89.0,41.333333333333336,94.66666666666667,0.0,0.0,26.0,72.33333333333333,6.0,10.666666666666666,5.333333333333333,5.666666666666667,30.333333333333332,75.66666666666667,5.666666666666667,9.0,1.0,1.0,6.666666666666667,622.6666666666666,0.5436023127199597,3.634343434343434,0.5602689793866263,3.901010101010101,0.2997582689353553,1.7333333333333332,0.44571428571428573,0.4000000000000001,0.6444444444444445,0.9333333333333332,0.4521541950113379,3.1898989898989902,0.3920454545454546,0.37777777777777777,0.3333333333333333,0.06666666666666667,0.0,0.0,0.6666666666666666,0.007407407407407408,162.56,167.64000000000001,1.0,10888.0,Syuri Kondo
0.0,0.4,0.0,2.0,30.0,72.0,46.0,88.4,0.6,2.8,22.2,61.0,3.8,5.0,1.0,1.0,20.4,58.8,4.0,6.0,4.4,5.4,74.4,481.6,0.4518177502882731,2.894720962742693,0.6003467472082191,4.949084201128035,0.4245214979195562,2.410468737561245,0.3333333333333333,0.2814611872146119,0.4,0.13126945126945128,0.2736818615850874,1.8023825334381336,0.37894736842105264,0.3740639269406393,0.5266666666666666,0.5894875004782907,0.13963380909884635,0.20666666666666664,0.9,0.2214334357922322,185.42,185.42000000000002,1.0,11437.4,Eric Spicely
0.0,0.0,0.0,1.0,9.0,22.5,10.5,25.0,0.0,0.0,3.5,17.0,0.5,0.5,4.0,4.0,7.0,17.5,1.0,3.5,0.0,0.0,0.0,110.5,0.3180580762250454,3.3438610343466246,0.34781294093932674,4.1000000000000005,0.16114058355437666,1.3166575041231448,0.5,0.19607843137254904,0.5,0.9333333333333333,0.28110599078341014,2.6490196078431376,0.14285714285714285,0.3921568627450981,0.0,0.0,0.0,0.0,1.0,0.0,190.5,193.04,1.0,10534.5,Allen Crowder
0.2,0.0,0.0,1.6,15.2,35.8,16.2,37.2,0.0,0.8,7.6,26.0,6.0,7.4,1.4,2.2,9.8,29.0,4.8,5.4,0.4,0.6,32.6,312.4,0.5214851814851815,2.9147360193894167,0.5262470862470863,3.020307866896748,0.35449234309993805,1.3769108104856247,0.5478260869565217,0.9346683424102779,0.7,0.659231632848654,0.39575091575091575,1.6480190804144133,0.5456140350877193,0.8400000000000001,0.13333333333333333,0.07038123167155425,0.0,0.0,1.0,0.15799808522389167,185.42,200.66,1.0,13759.8,Jimi Manuwa
0.0,0.0,0.0,2.0,42.0,106.0,48.0,112.0,3.0,5.0,36.0,90.0,2.0,10.0,4.0,6.0,40.0,102.0,0.0,2.0,2.0,2.0,155.0,419.0,0.39622641509433965,6.014319809069212,0.42857142857142855,6.873508353221957,0.4,5.155131264916467,0.2,0.2863961813842482,0.6666666666666666,0.5727923627684964,0.39215686274509803,5.727923627684964,0.0,0.0,1.0,0.2863961813842482,0.4,0.6,1.0,0.36992840095465396,170.18,185.42000000000002,1.0,8790.0,Duda Santana
0.0,1.0,0.0,3.0,21.0,63.0,23.0,65.0,1.0,3.0,13.0,53.0,7.0,9.0,1.0,1.0,12.0,52.0,8.0,10.0,1.0,1.0,9.0,900.0,0.3333333333333333,1.4,0.35384615384615387,1.5333333333333334,0.24528301886792453,0.8666666666666667,0.7777777777777778,0.4666666666666667,1.0,0.06666666666666667,0.23076923076923078,0.8,0.8,0.5333333333333333,1.0,0.06666666666666667,0.06666666666666667,0.3333333333333333,0.6666666666666667,0.01,182.88,182.88,1.0,9815.0,Sung Bin Jo
0.0,0.0,0.0,2.4,31.2,97.0,40.6,107.0,0.8,2.2,20.4,79.8,6.4,12.0,4.2,5.2,29.8,94.4,1.2,2.6,0.0,0.0,18.4,710.2,0.31855348237178643,2.410229600847757,0.3907977891843781,3.186040268456376,0.2602114552114552,1.529743387287801,0.4518872939925572,0.48107382550335565,0.5136363636363637,0.3412080536912752,0.30551604704147073,2.2652243716278457,0.375,0.08680089485458613,0.0,0.0,0.060134228187919456,0.21333333333333332,0.8,0.02675939816642541,167.64000000000001,167.64000000000001,2.0,12192.6,Nick Hein
0.0,0.0,0.0,2.3333333333333335,15.666666666666666,37.333333333333336,39.0,64.0,0.6666666666666666,3.0,5.666666666666667,22.666666666666668,6.333333333333333,9.333333333333334,3.6666666666666665,5.333333333333333,11.666666666666666,32.0,3.6666666666666665,5.0,0.3333333333333333,0.3333333333333333,152.0,607.3333333333334,0.4948083778966132,2.0360975322092685,0.628374259839777,3.917142461113823,0.27072310405643735,0.6507611928268987,0.7955182072829131,0.9228098087782418,0.4047619047619048,0.3764169875793242,0.3789173789173789,1.162273929839152,0.8095238095238096,0.7117318435754191,0.3333333333333333,0.022222222222222223,0.05015518311607697,0.16666666666666666,1.0,0.25081814145870124,170.18,177.80000000000004,1.0,13524.0,Tonya Evinger
0.0,0.0,0.0,2.2,43.0,88.2,54.6,100.8,1.0,5.4,35.6,78.4,5.2,7.4,2.4,2.8,26.8,66.8,9.6,13.2,5.4,7.8,154.2,615.8,0.5311262474898839,3.9638127853881278,0.5936496811881233,4.922146118721461,0.40213181343456517,3.2440182648401823,0.5873737373737373,0.5316666666666666,0.6799999999999999,0.20146118721461187,0.3614469671862929,2.5517202646936736,0.7715538847117795,0.9908447488584475,0.36097560975609755,0.4533333333333334,0.10812785388127852,0.17818181818181816,0.13333333333333336,0.2666324200913242,187.96,193.04,1.0,13513.0,Patrick Cummins
0.2,0.0,0.0,2.6,48.0,102.2,52.8,107.4,1.6,3.2,31.8,79.4,10.6,15.4,5.6,7.4,38.6,90.4,4.6,6.0,4.8,5.8,58.8,754.4,0.5043238310178678,4.5600000000000005,0.5403628969593349,4.930852713178295,0.4046049351944167,3.07937984496124,0.739433551198257,1.0266666666666666,0.755,0.4862015503875969,0.45995645116878975,3.137674418604651,0.6625,0.36310077519379846,0.3295238095238095,0.6260019550342131,0.16310077519379845,0.4,0.9,0.07285788113695091,177.8,185.42000000000002,2.0,10588.2,Desmond Green
0.2,0.0,0.0,2.4,28.2,76.0,42.8,92.4,0.0,0.0,24.2,70.4,3.8,5.0,0.2,0.6,24.2,69.8,3.0,4.0,1.0,2.2,47.4,629.2,0.3315132492147141,2.1605919420152047,0.45275916415314804,3.5320273409317435,0.28299762710545767,1.7760136287621928,0.5,0.31228915662650597,0.1,0.07228915662650602,0.3184537100326574,1.811265748351662,0.5666666666666667,0.22370370370370368,0.16666666666666666,0.12562248995983935,0.0,0.0,0.4,0.1537221478506619,175.26,177.8,1.0,13615.4,BJ Penn
0.0,0.5,0.5,3.0,43.5,103.25,62.25,125.5,1.5,6.75,26.5,83.5,6.0,7.5,11.0,12.25,37.0,94.75,1.75,2.25,4.75,6.25,294.5,835.5,0.42630155510480056,3.200608998260005,0.4960937607448872,4.484806114839672,0.3268701226309922,1.9493785732040763,0.8041666666666667,0.4522992791449167,0.8913690476190477,0.7989311459110117,0.39928320246158766,2.760346756152125,0.7916666666666666,0.12326000497141437,0.5763888888888888,0.3170022371364653,0.10033557046979866,0.21320346320346317,0.9583333333333334,0.3292362664678101,162.56,172.72,1.0,11432.5,Talita Bernardo
0.6,0.8,0.2,2.2,27.2,56.6,32.8,62.4,0.4,2.8,17.6,42.4,6.0,9.8,3.6,4.4,16.8,42.0,5.8,8.0,4.6,6.6,115.4,589.4,0.4697059930744141,3.640881744001949,0.5159262844436449,4.183374219252919,0.42840966051492374,2.652182264210032,0.4918803418803419,0.5964625850340136,0.65,0.3922368947579032,0.3513310450038139,2.0417641839344434,0.6018939393939394,0.5788395358143258,0.5309523809523808,1.0202780242531797,0.062312925170068034,0.15,0.9428571428571428,0.24010450557034407,165.1,165.1,2.0,11236.6,Mitch Gagnon
0.0,0.0,0.2,3.0,74.6,166.4,104.2,198.0,0.6,2.2,30.2,98.6,22.2,33.0,16.8,20.6,50.0,130.2,15.6,22.2,0.8,1.0,118.8,900.0,0.4525954118713319,5.1466666666666665,0.5312880759108608,6.946666666666667,0.31298295135712895,2.013333333333333,0.6290903311679281,1.7333333333333336,0.7298035298035298,1.32,0.38724839328590877,3.5333333333333337,0.6892592592592592,1.2666666666666668,0.35,0.05333333333333333,0.04,0.08571428571428572,0.17142857142857143,0.13199999999999998,185.42,190.5,1.0,10957.6,Elias Theodorou
0.25,0.0,0.0,2.75,30.25,53.5,67.5,97.5,1.5,2.0,26.0,48.75,3.25,3.5,1.0,1.25,15.75,34.25,9.25,12.0,5.25,7.25,324.5,779.75,0.5502035330261137,2.188862370723946,0.6915463525835865,5.303579952267302,0.5273140102615028,1.9055290373906124,0.625,0.21666666666666667,0.4375,0.06666666666666667,0.4563809799103917,1.145664280031822,0.7991071428571428,0.635799522673031,0.7357954545454546,0.4073985680190931,0.13826571201272872,0.7916666666666666,1.0,0.4577690972222222,185.42,190.5,1.0,11750.0,Arjan Bhullar
0.0,0.0,0.0,3.0,30.0,70.0,86.0,130.0,1.0,1.0,16.0,53.0,5.0,7.0,9.0,10.0,24.0,63.0,4.0,5.0,2.0,2.0,101.0,900.0,0.42857142857142855,2.0,0.6615384615384615,5.733333333333333,0.3018867924528302,1.0666666666666667,0.7142857142857143,0.3333333333333333,0.9,0.6,0.38095238095238093,1.6,0.8,0.26666666666666666,1.0,0.13333333333333333,0.06666666666666667,1.0,-1.0,0.11222222222222222,185.42,190.5,1.0,9771.0,Thomas Gifford
0.4,0.4,0.0,3.4,83.0,190.8,91.4,210.8,0.4,0.8,44.0,136.8,25.4,36.4,7.8,11.8,70.6,173.6,5.0,11.0,4.6,6.2,38.8,884.6,0.4026330472005572,5.177908464965573,0.42790305820150143,5.732963953017416,0.3183782830011369,2.76375212636695,0.5510876045820627,1.8622222222222224,0.7185026737967914,0.46881814499797486,0.38573055994383004,4.57502470635885,0.3575757575757576,0.28873228027541514,0.44666666666666666,0.31415147833130824,0.026666666666666665,0.2,0.5,0.04450411772647495,162.56,170.18,1.0,10009.6,John Lineker
0.0,0.0,0.0,1.3333333333333333,7.0,16.666666666666668,32.333333333333336,45.666666666666664,0.0,1.3333333333333333,3.6666666666666665,11.666666666666666,2.3333333333333335,3.3333333333333335,0.6666666666666666,1.0,4.0,11.666666666666666,2.3333333333333335,3.6666666666666665,0.3333333333333333,0.3333333333333333,0.0,278.0,0.4150326797385621,1.3170027055678635,0.6093567251461988,6.2873480236337835,0.34700854700854705,0.6939931226338208,0.4666666666666666,0.5213696922117804,0.2222222222222222,0.07434944237918216,0.3686868686868687,0.9923144877080549,0.21212121212121213,0.26022304832713755,0.3333333333333333,0.03717472118959108,0.0,0.0,0.6666666666666666,0.0,187.96,187.96,3.0,12800.666666666666,Dmitrii Smoliakov
0.0,0.0,0.0,1.3333333333333333,14.0,32.666666666666664,15.666666666666666,35.0,0.0,0.0,9.333333333333334,27.0,2.0,2.6666666666666665,2.6666666666666665,3.0,11.666666666666666,30.0,2.0,2.0,0.3333333333333333,0.6666666666666666,0.0,222.66666666666666,0.4149870801033592,4.440795090447062,0.42444444444444446,4.672813651931982,0.3207407407407407,2.6892960094816245,0.5714285714285715,0.4224947519611093,0.5833333333333334,1.1936507936507936,0.38492975734355045,3.9718966261889697,0.6666666666666666,0.4224947519611093,0.16666666666666666,0.04640371229698376,0.0,0.0,-1.0,0.0,187.96,187.96,2.0,10134.333333333334,Jason Gonzalez
0.0,0.0,0.0,2.3333333333333335,35.666666666666664,63.0,51.0,79.0,0.0,0.3333333333333333,20.333333333333332,45.666666666666664,7.666666666666667,9.333333333333334,7.666666666666667,8.0,21.666666666666668,47.333333333333336,9.666666666666666,12.666666666666666,0.0,0.0,30.666666666666668,622.6666666666666,0.5019157088122604,3.7818181818181817,0.5513493423259271,4.804040404040404,0.40098428236684325,2.4787878787878785,0.565934065934066,0.5111111111111111,0.9803921568627452,0.7919191919191918,0.4188948306595366,2.5676767676767676,0.9296296296296296,1.0808080808080807,0.0,0.0,0.0,0.0,0.6666666666666666,0.03407407407407407,190.5,190.5,1.0,9507.666666666666,Marcelo Golm
0.0,0.0,0.25,2.25,15.0,32.75,35.0,54.75,1.25,3.25,12.75,29.25,1.75,2.75,0.5,0.75,9.25,24.25,3.25,5.75,2.5,2.75,237.75,640.5,0.4934371184371184,1.7074074074074073,0.5738095238095238,3.057407407407407,0.45429425837320575,1.3129629629629629,0.5,0.36111111111111105,0.375,0.03333333333333333,0.39736992567181245,1.1305555555555555,0.5813492063492063,0.41018518518518515,0.475,0.16666666666666666,0.09166666666666667,0.3214285714285714,1.0,0.3363117283950617,180.34,187.96,1.0,11947.0,Sultan Aliev
0.2,0.0,0.0,3.0,29.0,81.0,46.2,101.4,1.8,3.6,19.6,65.6,6.4,10.6,3.0,4.8,24.6,74.8,2.6,4.0,1.8,2.2,124.4,900.0,0.3595216644111103,1.9333333333333336,0.4431613394581005,3.0799999999999996,0.2968178730304823,1.3066666666666666,0.5745454545454545,0.42666666666666664,0.46984126984126984,0.2,0.3284243998694477,1.64,0.605,0.17333333333333334,0.34285714285714286,0.12,0.12,0.44666666666666666,0.6,0.13822222222222222,180.34,185.42000000000002,2.0,12349.0,Keita Nakamura
0.0,0.2,0.0,2.4,13.6,75.2,25.8,91.4,2.2,6.6,6.2,62.2,1.4,6.2,5.8,6.8,12.8,74.0,0.4,1.0,0.0,0.0,173.4,638.4,0.2304647676161919,1.149402705663341,0.3125941574376374,2.1229696287964,0.12957393483709273,0.5507636994692702,0.14523809523809522,0.09366329208848893,0.9266666666666667,0.46631855979108916,0.19026106144717522,1.0280041183270416,0.1,0.026666666666666665,0.0,0.0,0.252743915665264,0.23235294117647057,0.5666666666666667,0.23413258735916437,162.56,165.1,2.0,12153.8,Wilson Reis
0.4,0.0,0.0,2.4,44.8,93.4,46.2,94.8,0.2,0.2,26.6,66.6,6.4,11.4,11.6,14.2,41.6,88.6,2.0,2.6,1.0,1.6,10.6,682.4,0.41566996655681143,3.451163816183187,0.43018990241574195,3.6392339916217837,0.3159084494787841,2.02786355475763,0.4699999999999999,0.4841412327947337,0.613274044795784,0.8472292040694196,0.3911459382367494,3.1533542628737474,0.5,0.13333333333333336,0.3,0.09129862357869538,0.013333333333333332,0.2,0.6,0.013830440853780171,187.96,193.04,1.0,11288.2,Curtis Millender
0.0,0.2,0.0,2.6,58.2,124.0,80.4,142.8,0.8,3.2,31.2,90.4,16.0,21.4,11.0,11.8,39.0,92.4,13.0,18.4,4.8,7.2,135.2,764.2,0.5400890213693056,4.555354449472096,0.6046899281130529,5.810618401206637,0.3049147869674186,2.2533333333333334,0.8002249212775527,1.4666666666666668,0.7904761904761906,0.8142986425339366,0.35534489762417526,2.618752228163993,0.7679385964912282,1.3066666666666669,0.3314285714285714,0.32,0.05333333333333333,0.16,0.5333333333333334,0.18231171442936148,162.56,165.1,1.0,12993.4,Jessica Aguilar
0.0,0.0,0.0,2.4,45.0,120.2,47.6,123.8,0.0,0.6,20.6,83.8,13.6,22.2,10.8,12.6,44.0,115.2,1.0,1.6,0.0,0.0,5.6,670.8,0.4054171372106155,4.116600726945222,0.4170194112671989,4.289934060278555,0.21149340372082595,1.603211425262955,0.5593939393939393,1.282721219724018,0.9058922558922559,1.142295988934993,0.40098906595358264,4.02680819582489,0.4333333333333333,0.08979253112033195,0.0,0.0,0.0,0.0,1.0,0.006607653296449976,172.72,175.26,1.0,12167.6,Ross Pearson
0.2,0.0,0.0,1.8,16.4,45.0,33.2,63.0,1.2,4.0,8.6,34.6,4.6,7.0,2.8,3.2,10.0,36.2,4.0,5.8,2.0,2.8,115.0,400.4,0.3481626692508547,2.0693389756649596,0.44287483147291307,3.5297794376336227,0.2784126984126984,1.4276556653350632,0.2904761904761905,0.3935168195718654,0.5151515151515151,0.2481664907580309,0.2594309619858701,1.2890623931638092,0.4822222222222223,0.35821168574598794,0.4095238095238095,0.42206489675516223,0.14134910795461253,0.21714285714285717,0.7714285714285715,0.20917522212262352,185.42,198.12,1.0,13351.8,David Branch
0.4,0.0,0.0,2.6,42.2,71.2,56.6,86.6,0.8,1.2,35.2,62.0,3.8,5.2,3.2,4.0,33.6,59.2,2.8,5.4,5.8,6.6,77.2,750.6,0.512742806810679,4.324086687306502,0.6140102410062769,5.4941176470588236,0.4935042266343778,3.5246105919003115,0.6272727272727272,0.31843137254901965,0.3120879120879121,0.21333333333333332,0.5041719478195917,3.1567914438502673,0.3753501400560224,0.49333333333333335,0.5518181818181819,0.5168627450980392,0.05333333333333333,0.25,0.2,0.08794771241830066,185.42,198.12,2.0,11262.2,Justin Willis
0.0,0.2,0.2,3.0,39.8,90.0,67.8,131.8,1.8,4.2,29.6,78.4,6.0,7.2,3.4,4.4,20.8,67.0,0.6,1.6,8.2,10.0,180.2,900.0,0.40646773471107317,2.6533333333333333,0.5302765948294403,4.96,0.33965597025821886,2.0266666666666664,0.7516666666666667,0.39999999999999997,0.6599999999999999,0.22666666666666666,0.3276678436570882,1.3866666666666665,0.3,0.04,0.75,0.7860019550342131,0.16,0.38285714285714284,0.9514285714285714,0.21777777777777776,167.64000000000001,172.72,1.0,9952.6,Eric Shelton
0.0,0.8,0.2,2.2,16.2,46.0,37.0,69.2,1.0,2.8,7.8,31.6,2.2,5.4,6.2,8.2,13.6,40.6,0.2,0.8,2.4,4.6,142.2,621.4,0.407261273209549,1.7954142826870096,0.5078411172161171,3.280881542699724,0.3477234918840345,0.920644204280568,0.4523076923076923,0.17529137529137528,0.7766666666666666,0.6994787031150668,0.40501168644372526,1.6220809493536765,0.06666666666666667,0.013333333333333332,0.3,0.15999999999999998,0.06666666666666668,0.20714285714285713,0.9142857142857143,0.21530307863322218,177.8,182.88,1.0,11064.0,Jordan Rinaldi
0.2,0.0,0.0,1.6,21.8,43.6,28.2,50.2,0.0,0.4,10.8,28.8,6.0,9.2,5.0,5.6,17.2,37.8,3.8,5.0,0.8,0.8,2.4,387.4,0.5149020955461222,3.439539843927089,0.5811909210683914,4.158142593004395,0.38298086418602917,1.7479814322652694,0.43000000000000005,0.708626504441489,0.9350649350649352,0.8724630568670874,0.4841830065359477,2.7598191319714998,0.3038461538461538,0.4668208092485549,0.4,0.21289990270703368,0.0,0.0,0.8,0.00871421844971142,182.88,187.96,1.0,13396.4,Tim Boetsch
0.4,0.2,0.0,1.6,11.4,37.0,19.2,46.6,0.6,2.2,7.2,27.8,2.4,6.6,1.8,2.6,7.2,29.4,0.6,1.0,3.6,6.8,103.2,387.6,0.33461552051298826,2.92577533914531,0.4128206803234972,4.0356168431450286,0.27783882783882785,1.9089672523866636,0.3071428571428571,0.38566779267884455,0.6,0.49805018572957743,0.31824444485678655,1.7797816438615535,0.2333333333333333,0.05100743745774172,0.3904761904761905,0.6033650381985133,0.09374887047954857,0.2833333333333333,0.95,0.19597916342825344,180.34,182.88,1.0,11532.6,Zak Ottow
0.0,0.0,0.0,1.6666666666666667,28.666666666666668,76.66666666666667,29.333333333333332,77.66666666666667,1.3333333333333333,3.0,15.666666666666666,57.666666666666664,10.666666666666666,15.333333333333334,2.6666666666666665,3.3333333333333335,27.0,73.66666666666667,1.0,1.3333333333333333,0.6666666666666666,1.0,35.0,422.3333333333333,0.41735981791847715,3.6516536603493126,0.41782279517086146,3.6738758825715347,0.18535103726469457,1.3571163136380529,0.8155844155844156,1.6037160906726122,0.7857142857142857,0.7130434782608696,0.4035938654841094,3.4065403195837973,0.25,0.20066889632107024,0.2222222222222222,0.044444444444444446,0.1335562987736901,0.31666666666666665,1.0,0.053033568685742605,180.34,190.5,2.0,9249.0,Carlo Pedersoli Jr.
0.2,0.0,0.2,1.8,32.2,61.2,38.0,67.6,0.6,0.8,22.8,47.4,5.2,7.6,4.4,6.2,22.0,46.8,1.4,1.6,7.0,11.0,123.0,473.4,0.4560504254781363,4.0030513745079235,0.4820932904378653,4.870990990990991,0.3843251193251193,2.695279952850046,0.6984848484848485,0.45463230672533,0.45272727272727276,0.45773308191912837,0.34652985074626863,1.9374361737152435,0.175,0.09333333333333334,0.3628250591016548,0.8258823529411765,0.0838095238095238,0.3333333333333333,0.8,0.32774680930930933,177.8,185.42000000000002,1.0,10572.4,Myles Jury
0.6,0.2,0.0,2.2,52.6,96.6,74.6,123.8,1.4,4.4,35.2,77.8,4.0,4.8,10.8,13.2,28.8,57.2,9.2,13.0,8.2,10.4,182.0,415.8,0.5483504452549199,6.783677743054237,0.601790840981982,9.570791852781486,0.4433750642632221,4.598830521997829,0.8916666666666668,0.9088699787311075,0.7296969696969697,1.1209343252539796,0.4620105820105819,3.92599012594357,0.5936274509803922,1.1133698053752625,0.48232323232323226,1.5050620549286537,0.12316696916510103,0.2574358974358974,1.0,0.3446006449580517,185.42,195.58,1.0,12085.2,Cain Velasquez
0.0,0.0,0.0,2.75,51.5,120.75,57.75,128.0,0.5,2.75,40.25,101.0,7.75,11.75,0.75,1.0,42.25,106.5,4.75,7.5,4.5,5.5,106.5,807.0,0.4250357341968851,3.809090909090909,0.4403845388969673,4.260984848484848,0.40521158882690267,3.1071969696969695,0.6829268292682926,0.6518939393939395,0.375,0.05,0.4045864997357535,3.180681818181818,0.7234848484848485,0.3284090909090909,0.20454545454545456,0.3,0.045075757575757575,0.2916666666666667,0.9166666666666667,0.13164141414141414,182.88,182.88,1.0,9807.5,Austin Arnett
0.6,0.0,0.0,2.2,23.8,59.4,31.0,67.0,0.6,2.4,11.8,43.0,4.0,7.2,8.0,9.2,15.6,46.4,3.4,5.0,4.8,8.0,83.4,629.4,0.4313419569842982,2.7015052033043667,0.48002465996871296,3.2450477416586203,0.30301920301920304,1.40661302435361,0.5366666666666667,0.3922604870722025,0.6508058608058608,0.9026316918785537,0.3687513649527608,1.844865357794228,0.7842857142857144,0.5366398455101383,0.3243243243243243,0.32,0.04,0.11666666666666665,0.2,0.11334953331187643,170.18,175.26,2.0,9726.6,Teruto Ishihara
0.0,0.3333333333333333,0.6666666666666666,2.6666666666666665,21.666666666666668,50.666666666666664,36.666666666666664,67.0,3.0,7.0,11.666666666666666,34.0,5.666666666666667,11.0,4.333333333333333,5.666666666666667,15.0,42.666666666666664,3.0,3.6666666666666665,3.6666666666666665,4.333333333333333,209.33333333333334,797.6666666666666,0.4466390504730007,1.8010867528574106,0.5564300411522634,3.0081693835488106,0.37891296869625046,0.9618512272812442,0.5328947368421052,0.4813190931234776,0.8666666666666667,0.3579164324526887,0.3819444444444444,1.2185872212853663,0.5357142857142857,0.2690275435637999,0.5714285714285715,0.31347198800824433,0.2230091811879333,0.4545454545454546,0.9166666666666666,0.2684485666104553,175.26,175.26,1.0,10727.0,Wulijiburen
0.0,0.0,0.0,2.3333333333333335,38.0,74.33333333333333,55.0,94.0,2.0,5.0,19.666666666666668,50.666666666666664,13.0,19.666666666666668,2.6666666666666665,3.3333333333333335,20.333333333333332,48.333333333333336,6.0,7.666666666666667,7.666666666666667,10.666666666666666,198.33333333333334,632.6666666666666,0.5117716651878143,3.442630385487528,0.5621731332011706,4.575963718820862,0.3687495893291281,1.6748299319727888,0.6968061178587495,1.3711262282690855,0.9047619047619048,0.35963718820861673,0.4153158463503291,2.0829931972789115,0.48214285714285715,0.39999999999999997,0.79,0.9596371882086169,0.13333333333333333,0.2619047619047619,1.0,0.2313151927437642,165.1,165.1,1.0,10738.333333333334,Bibulatov Magomed
0.25,0.0,0.0,2.75,58.75,142.25,67.25,153.0,0.75,2.5,27.25,98.25,13.25,23.25,17.0,20.5,52.5,132.75,5.25,7.75,1.0,1.75,35.0,763.75,0.42429171289623635,4.581924882629108,0.4538960151549808,5.276525821596244,0.29213351459845965,2.226056338028169,0.604814990512334,1.0368544600938967,0.8637321937321938,1.3190140845070422,0.41153383016649603,4.088497652582159,0.40740740740740744,0.35,0.375,0.14342723004694835,0.05,0.15476190476190477,0.7142857142857143,0.053814553990610324,175.26,185.42000000000002,2.0,10525.75,David Teymur
0.0,0.4,0.0,2.6,59.4,125.2,79.4,147.6,2.4,8.0,34.6,94.2,12.2,16.8,10.2,12.6,41.4,97.2,9.2,14.2,6.8,10.6,133.4,749.8,0.4859619986907619,5.304071588366891,0.5453937724704906,6.906219239373601,0.37970211322909975,3.0459060402684566,0.75994005994006,1.1777777777777778,0.8722661122661123,0.9749440715883668,0.4317290301803459,3.7141834451901565,0.6594117647058824,0.9466666666666667,0.2517857142857143,0.5466666666666666,0.17333333333333334,0.24834054834054836,1.0,0.17062341536167042,167.64000000000001,167.64000000000001,1.0,11363.8,Dennis Bermudez
0.5,0.0,0.0,2.5,14.0,35.5,15.0,36.5,0.5,0.5,10.0,30.0,2.0,3.0,2.0,2.5,10.0,27.0,2.0,2.0,2.0,6.5,342.0,607.0,0.37202380952380953,1.2443736730360935,0.3980263157894737,1.5666666666666669,0.3167701863354037,0.9154989384288748,0.8,0.19554140127388536,0.4,0.13333333333333333,0.375234521575985,0.9777070063694268,0.5,0.13333333333333333,0.18181818181818182,0.13333333333333333,0.09554140127388534,0.5,-1.0,0.6530573248407643,172.72,182.88,1.0,10315.0,Te Edwards
0.4,0.0,0.8,2.0,23.4,56.0,46.4,82.4,2.4,5.8,11.2,40.0,7.0,10.0,4.4,6.0,12.0,41.4,5.8,7.8,5.0,6.8,153.2,528.6,0.450919540229885,3.8136203833830153,0.5597120683854229,5.980532655117808,0.3342018494560868,2.371621804850389,0.615,0.9684004884004883,0.4207792207792208,0.46656173520802346,0.3446320346320346,2.4485739632666066,0.4413043478260869,0.4612454212454212,0.7912698412698413,1.1203769704052262,0.22057618057618056,0.27166666666666667,0.825,0.24039943268764227,165.1,165.1,1.0,10640.4,Dustin Ortiz
0.0,0.0,0.4,2.2,21.6,39.8,40.2,60.8,1.6,3.2,11.0,25.8,6.2,8.6,4.4,5.8,10.0,22.6,5.8,7.2,5.6,9.2,219.2,567.2,0.4610232718794526,2.083167584490989,0.5446368243243243,3.39016393442623,0.2820556198187777,0.7760747663551403,0.4898461538461539,0.4133333333333333,0.6336363636363637,0.6533333333333334,0.3677323103154305,1.2355828292568893,0.4694444444444444,0.3866666666666666,0.3924615384615385,0.37333333333333335,0.12000000000000002,0.27,1.0,0.28574603174603175,167.64000000000001,172.72,2.0,12775.6,Cat Zingano
0.8,0.0,0.0,1.4,21.6,35.0,23.6,37.0,1.4,2.2,17.0,29.4,1.4,1.6,3.2,4.0,10.0,20.0,2.0,3.0,9.6,12.0,85.8,327.2,0.5703867102396514,4.730490414470811,0.5929024335100916,5.24884092970415,0.4928234828234828,3.56468854354584,0.37142857142857144,0.15006440142953031,0.7880952380952382,0.7824384883087008,0.4885046888320546,1.7098392836064487,0.36952380952380953,0.4703794654269048,0.4852525252525252,1.5201590148430615,0.145383959508735,0.2642857142857143,1.0,0.20237267014249904,167.64000000000001,167.64000000000001,1.0,11512.2,Chad Mendes
0.0,0.5,0.0,2.0,30.5,66.25,42.75,81.0,1.0,3.25,23.0,58.0,5.5,6.25,1.75,2.0,21.0,54.0,4.25,6.25,5.0,6.0,139.75,450.0,0.4087665824085333,3.4541848894165597,0.4594113301294132,4.776633358073639,0.33613428492239467,2.702684599071446,0.6818181818181819,0.5619291859815904,0.75,0.189571104363523,0.3304864200959174,2.44213721423137,0.5032467532467533,0.4598883658904359,0.4545454545454546,0.5521593092947531,0.10722411993818326,0.3125,1.0,0.26518197185021847,190.5,200.66,1.0,13527.5,Chris de la Rocha
0.0,0.0,0.0,2.0,42.0,90.0,51.0,99.33333333333333,0.0,0.0,34.666666666666664,81.33333333333333,4.333333333333333,5.666666666666667,3.0,3.0,33.333333333333336,77.66666666666667,7.333333333333333,11.0,1.3333333333333333,1.3333333333333333,6.666666666666667,540.0,0.47076023391812866,4.5503847738112855,0.5474741620786245,6.268739293512371,0.39563702015911023,3.525469651230966,0.8273809523809524,0.5416399040331547,1.0,0.48327521854716476,0.4364601769911505,3.7208874753169923,0.4423558897243108,0.6216060792770589,1.0,0.20789121921723455,0.0,0.0,0.3333333333333333,0.012322858903265559,190.5,193.04,1.0,11082.333333333334,Adam Milstead
0.0,0.8,0.2,2.4,39.6,76.4,51.8,89.6,2.6,4.8,26.8,59.0,9.0,13.2,3.8,4.2,27.4,60.4,1.4,2.0,6.8,10.4,160.4,641.8,0.5457399746526699,4.093728347094059,0.6097926062185717,5.304082888133398,0.4529103621716481,2.654149862299169,0.6359932088285228,0.7104031083050024,0.6833333333333333,0.28439695645135177,0.4519513867612087,2.349282603863979,0.5,0.10298850574712644,0.5876190476190477,0.711978966528466,0.27366353586157505,0.6357142857142857,0.9666666666666666,0.3013090881152883,170.18,175.26,2.0,11261.8,Matthew Lopez
0.6,0.0,0.0,1.4,26.8,59.6,32.8,66.6,0.4,0.6,14.6,45.2,6.0,8.4,5.0,5.4,18.4,46.2,2.2,3.0,6.4,10.4,51.0,277.2,0.4742783332380712,5.796001363282255,0.516793905909928,7.437719469829981,0.345991937764995,3.488101321803221,0.365,0.5850694444444444,0.76,1.1721069868995633,0.37385830429732875,3.8194696517804894,0.44666666666666666,0.5248362445414847,0.3843137254901961,1.453153095299255,0.06546724890829694,0.4,1.0,0.22525961608442505,177.8,180.34,1.0,11443.8,Chad Laprise
0.2,0.4,0.4,2.4,34.4,84.4,43.6,98.2,0.2,0.4,22.8,68.2,7.2,11.4,3.4,4.2,27.6,77.0,5.8,6.6,0.4,0.6,44.4,630.4,0.40295288177641114,3.118420762330537,0.5265337364387821,5.0040959541711425,0.32183580383093247,2.325892910627035,0.5741379310344827,0.5246843908860396,0.6214285714285714,0.2451964819244464,0.30760170365979495,2.3839252501631343,0.8912820512820513,0.6741247872437293,0.4,0.03772374603065789,0.08,0.2,-0.8,0.1848997349555371,165.1,165.1,3.0,10589.2,Ben Nguyen
0.0,0.2,0.0,2.2,13.4,36.2,27.8,52.0,1.4,5.6,9.4,31.6,2.2,2.6,1.2,1.6,7.8,29.6,1.6,1.6,3.4,4.4,176.6,595.4,0.3600639242767735,1.1207441422347817,0.4278844990929248,2.453333333333333,0.2553911806543386,0.685189620758483,0.3333333333333333,0.14666666666666667,0.5333333333333333,0.08,0.28101240496198476,0.6026940770864687,0.2,0.10666666666666666,0.2958333333333333,0.22666666666666666,0.12000000000000002,0.2123076923076923,1.0,0.22061988304093566,187.96,190.5,2.0,12711.0,Yushin Okami
0.0,0.0,0.0,3.0,10.0,31.0,22.0,43.0,0.0,0.0,5.0,21.0,3.0,5.0,2.0,5.0,5.0,26.0,5.0,5.0,0.0,0.0,0.0,900.0,0.3225806451612903,0.8053691275167785,0.5116279069767442,1.5333333333333334,0.23809523809523808,0.3333333333333333,0.6,0.2,0.4,0.13333333333333333,0.19230769230769232,0.3333333333333333,1.0,0.3333333333333333,0.0,0.0,0.0,0.0,1.0,0.0,187.96,187.96,3.0,8828.0,Alex Gorgees
0.5,1.0,0.5,2.5,17.5,63.5,30.5,76.5,0.5,3.5,9.5,51.5,2.0,4.0,6.0,8.0,16.0,62.0,1.5,1.5,0.0,0.0,14.0,660.0,0.29661558109833974,1.8904761904761904,0.4102327098738582,3.695238095238095,0.18034825870646765,0.861904761904762,0.5,0.2476190476190476,0.6666666666666667,0.780952380952381,0.2676282051282051,1.7142857142857142,1.0,0.17619047619047618,0.0,0.0,0.03333333333333333,0.07142857142857142,0.0,0.015555555555555555,165.1,170.18,2.0,9505.0,Elias Garcia
0.0,0.2,0.0,3.0,59.4,146.0,84.0,181.6,0.8,2.8,41.2,122.6,8.0,12.8,8.6,10.2,47.6,128.6,2.6,4.6,4.8,6.6,110.2,900.0,0.40564890783150054,4.013333333333334,0.4903766566264087,6.040000000000001,0.34075461443398053,2.746666666666667,0.6501298701298701,0.6133333333333333,0.742003367003367,0.6266666666666667,0.3760733319418867,3.3733333333333335,0.72,0.1733333333333333,0.4632075471698113,0.4666666666666667,0.08,0.17142857142857143,0.44000000000000006,0.14684210526315788,170.18,170.18,1.0,13014.2,Mizuto Hirota
0.2,0.0,0.0,2.8,23.8,59.0,29.2,64.8,0.0,0.0,13.4,43.6,5.6,10.0,4.8,5.4,20.0,54.8,3.6,4.0,0.2,0.2,1.4,734.0,0.37586213657876943,1.6946259321440809,0.4375325758676981,2.166221967687485,0.2728819567529245,0.9167520624407846,0.38888888888888895,0.3592148943011012,0.8933333333333333,0.43473374175733515,0.331775439963634,1.4269462842058123,0.5636363636363637,0.2543463146049353,0.2,0.013333333333333332,0.0,0.0,1.0,0.0015555555555555555,177.8,182.88,1.0,13719.2,Mark Hunt
0.0,0.0,0.0,2.6,37.6,113.0,64.8,145.2,1.2,8.2,30.6,102.2,3.4,6.0,3.6,4.8,32.8,101.6,4.6,11.2,0.2,0.2,168.6,751.8,0.3367839710162503,3.7494339622641513,0.46385933344111996,5.624905660377358,0.30698464578899365,3.048554913294798,0.6120634920634921,0.2888050314465409,0.7076923076923076,0.3021383647798742,0.3360526284959394,3.253333333333333,0.26431372549019605,0.30666666666666664,0.2,0.013333333333333332,0.08,0.15869565217391304,0.9166666666666667,0.2049392033542977,172.72,172.72,1.0,11750.2,Bryan Caraway
0.0,0.5,0.25,2.25,22.25,49.75,38.25,67.5,0.25,0.5,17.0,43.0,3.25,4.5,2.0,2.25,9.75,33.0,6.25,8.25,6.25,8.5,147.0,652.0,0.39588080048606367,1.9076532197221854,0.532878909382518,3.4373274752585097,0.33382217621348054,1.3577841388186218,0.7202380952380952,0.404244885279368,0.75,0.14562419562419562,0.28973694745801837,0.9919140815692541,0.6285714285714286,0.48678160919540225,0.6239130434782609,0.428957528957529,0.016666666666666666,0.25,-0.5,0.1960536398467433,177.8,177.8,2.0,10988.75,Darrell Horcher
0.0,0.0,0.0,1.5,12.5,28.0,13.5,29.0,0.0,0.5,6.0,18.5,3.0,4.0,3.5,5.5,10.5,23.0,2.0,5.0,0.0,0.0,2.5,315.0,0.46590909090909094,3.3403010033444813,0.4782608695652174,3.4489966555183944,0.3881118881118881,2.6337792642140467,0.42857142857142855,0.32608695652173914,0.3181818181818182,0.3804347826086957,0.47058823529411764,3.122909698996655,0.2,0.2173913043478261,0.0,0.0,0.0,0.0,0.0,0.004528985507246377,185.42,195.58,3.0,12823.0,Ricky Rainey
0.0,0.0,0.0,1.0,4.0,6.0,17.0,19.0,0.0,0.0,1.0,4.0,4.0,4.0,0.0,0.0,1.0,3.0,4.0,5.0,0.0,0.0,0.0,216.0,0.6666666666666666,1.1111111111111112,0.8,4.722222222222222,0.05263157894736842,0.06666666666666667,1.0,1.1111111111111112,0.0,0.0,0.11764705882352941,0.16042780748663102,0.8,1.1111111111111112,0.0,0.0,0.0,0.0,-1.0,0.0,182.88,190.5,2.0,10760.0,Justin Frazier
0.25,0.0,0.0,2.0,43.5,79.0,48.25,84.0,0.0,0.75,31.75,70.25,6.5,6.75,2.0,2.0,30.0,61.25,11.0,15.0,0.5,1.25,12.75,556.0,0.5276425850906139,4.069577180240822,0.5690635836167892,4.727152937816579,0.4156052603256865,3.1043641176369476,0.95,0.7815978406165588,0.75,0.183615221987315,0.43273071050081047,2.6913688126960955,0.8014204545454546,1.328208367544726,0.16666666666666666,0.03333333333333333,0.0,0.0,1.0,0.03834783103075786,180.34,193.04,1.0,13235.5,Rashad Coulter
0.0,0.4,0.6,1.8,20.6,49.0,34.4,64.4,1.2,2.2,13.2,37.6,5.4,8.0,2.0,3.4,13.2,35.6,2.0,2.8,5.4,9.2,126.2,470.2,0.4837593707105903,2.829620704893732,0.5759804946011842,4.566854578722664,0.4109221263275978,1.7833270120804268,0.7315384615384616,0.7981204181594219,0.3888888888888889,0.24817327465388295,0.4260855471220747,1.7709290305532916,0.58,0.26260180491702356,0.4382352941176471,0.7960898694234164,0.12809619238476955,0.2761904761904762,-0.06666666666666661,0.2898357447159766,177.8,180.34,2.0,10287.0,Yuta Sasaki
0.25,0.0,0.25,2.25,33.0,92.5,45.25,105.0,0.0,0.5,23.0,77.75,9.25,13.75,0.5,0.75,29.25,85.75,2.25,4.25,1.25,2.25,24.0,619.5,0.3083123459436288,2.8388284250960307,0.45350667148579865,4.150949637217242,0.2671846846846847,1.9452838241570634,0.46590909090909094,0.7722222222222223,0.375,0.04307511737089202,0.2946840482554768,2.556786171574904,0.3214285714285714,0.1987089201877934,0.1388888888888889,0.08333333333333333,0.0,0.0,-0.75,0.02666666666666667,167.64000000000001,172.72,1.0,9365.75,Joby Sanchez
0.3333333333333333,1.6666666666666667,0.0,2.0,15.0,40.333333333333336,18.0,44.0,0.3333333333333333,0.6666666666666666,10.333333333333334,34.0,3.3333333333333335,4.333333333333333,1.3333333333333333,2.0,8.0,26.333333333333332,0.6666666666666666,2.3333333333333335,6.333333333333333,11.666666666666666,37.666666666666664,570.0,0.39497116689280864,1.8638713360499224,0.4285249961306299,2.2766839242242303,0.3345959595959596,1.5022762915280488,0.46296296296296297,0.24746418892760355,0.5,0.11413085559427023,0.29696969696969694,0.6842037572918102,0.25,0.10696798493408662,0.5606060606060607,1.0726995938240256,0.022222222222222223,0.3333333333333333,0.3333333333333333,0.10541745134965473,167.64000000000001,175.26,3.0,8821.333333333334,Joseph Morales
0.0,0.0,0.0,2.0,14.5,38.5,48.5,79.5,2.5,5.5,11.5,32.5,1.0,3.0,2.0,2.5,10.5,32.5,2.5,3.5,1.0,1.0,281.5,508.5,0.3568075117370892,1.1631578947368422,0.4342105263157895,3.6666666666666665,0.20664365832614323,0.7666666666666666,0.16666666666666666,0.06666666666666667,0.875,0.3564102564102565,0.3279569892473118,0.9230769230769231,0.35714285714285715,0.16666666666666666,0.5,0.06666666666666667,0.23166023166023167,0.21052631578947367,0.5,0.37109375,175.26,182.88,1.0,11975.5,John Gunther
0.0,1.0,0.2,1.6,21.2,44.8,43.2,73.2,0.6,2.0,14.8,36.8,3.2,4.2,3.0,3.4,11.2,32.6,0.8,1.4,7.4,10.4,167.0,408.6,0.3784761904761905,2.5334065628238127,0.47161916739387094,4.494121282106821,0.3367037037037037,1.9079186967866346,0.5285714285714286,0.30573704760737486,0.375,0.2682993197278912,0.27832075137338297,1.5560084903704485,0.2333333333333333,0.06847851335656215,0.3481781376518219,0.8525490196078431,0.0475725900116144,0.13333333333333333,0.3666666666666667,0.24486699676133536,162.56,165.1,3.0,9481.8,Amanda Cooper
0.6,0.8,0.6,2.6,28.8,91.0,49.2,112.0,0.6,2.6,18.0,73.6,5.6,10.2,5.2,7.2,21.0,79.0,2.8,5.6,4.2,6.0,119.0,722.6,0.3252989765691442,2.486086676330949,0.4848264524096256,4.18231177821185,0.24091103341103343,1.663752441657243,0.6606060606060605,0.4419176861656558,0.6277777777777778,0.3793427230046948,0.27139546241871826,1.715691717213255,0.42714285714285716,0.28026729721394056,0.45862068965517244,0.48905383640039757,0.05089201877934272,0.22222222222222224,0.7,0.14175273865414711,177.8,180.34,1.0,9310.0,Jason Knight
0.0,0.3333333333333333,0.0,2.6666666666666665,20.666666666666668,53.333333333333336,39.333333333333336,74.0,0.3333333333333333,1.0,9.333333333333334,38.666666666666664,7.0,9.333333333333334,4.333333333333333,5.333333333333333,14.333333333333334,45.333333333333336,4.0,4.333333333333333,2.3333333333333335,3.6666666666666665,88.66666666666667,739.6666666666666,0.38832201832806795,1.8223147688381305,0.514271516597098,2.9793688676743564,0.18968418968418965,0.7000344488310942,0.6458333333333334,0.5687085653672765,0.7666666666666666,0.4674622116149562,0.32713232713232715,1.2106603023070803,0.6666666666666666,0.2921771413418191,0.4047619047619048,0.20657650490586052,0.022222222222222223,0.16666666666666666,-0.3333333333333333,0.09851851851851852,193.04,200.66,1.0,9583.666666666666,Adam Wieczorek
0.2,0.2,0.0,2.4,18.0,63.6,26.4,72.6,1.8,5.0,13.6,57.2,2.8,4.8,1.6,1.6,13.6,56.2,3.0,5.0,1.4,2.4,147.6,683.2,0.3196765708389367,1.861806357126013,0.4370971638242329,2.79407925928684,0.27779332476048146,1.5257315907708728,0.5051948051948052,0.22940809968847353,0.6,0.10666666666666666,0.2729270497351092,1.4618480594754937,0.5062271062271062,0.24274143302180687,0.5333333333333333,0.15721686462871257,0.2077879137654987,0.37857142857142856,0.9714285714285715,0.2605224129442769,175.26,182.88,1.0,11092.0,Alex Garcia
0.0,0.0,0.0,3.4,65.0,158.8,78.8,171.4,0.6,2.2,35.0,119.2,12.0,20.2,17.8,21.2,60.2,151.2,2.4,6.0,1.0,1.2,76.2,900.0,0.40563335395794164,4.010666666666667,0.43375403535278145,4.565333333333333,0.2847056702525047,2.072,0.6094805194805195,0.7093333333333335,0.8661904761904762,1.2293333333333334,0.39708969730935545,3.816,0.4333333333333333,0.13333333333333336,0.36,0.06133333333333333,0.029333333333333333,0.25,0.75,0.07497777777777778,175.26,165.1,2.0,11240.0,Artem Lobov
0.2,0.2,0.2,2.2,36.0,93.6,47.0,107.2,0.8,1.0,28.0,77.4,4.4,8.0,3.6,5.4,29.0,79.4,3.4,6.6,3.6,4.6,85.6,582.4,0.36918487053706867,4.214394870566951,0.4180540701128937,5.1027349881608,0.33225340967276445,3.119637329868226,0.40840579710144925,0.3957900337882779,0.7353535353535353,0.5001950142336447,0.3315168790520903,3.1725591294862587,0.19722222222222222,0.4508377896613191,0.4833333333333333,0.39557506584723445,0.05333333333333333,0.16,0.36,0.11205175548283539,177.8,182.88,1.0,11100.4,Thibault Gouti
0.2,0.0,0.2,2.8,31.6,82.0,44.4,95.6,0.4,3.0,13.0,55.8,15.4,22.4,3.2,3.6,24.8,71.4,3.8,6.0,3.0,4.6,171.6,754.0,0.4068890804184922,2.3707707952003254,0.497226326066598,3.3442424242424247,0.2174766582985761,0.9373244641537324,0.7101481481481481,1.171441241685144,0.7083333333333333,0.24727272727272726,0.33748504784688993,1.8355062823355504,0.5480769230769231,0.2678787878787879,0.6933333333333334,0.2526533628972653,0.026666666666666665,0.08333333333333333,1.0,0.2614151268785415,185.42,187.96,2.0,12340.8,Ryan LaFlare
0.0,0.4,0.0,2.6,15.4,39.0,23.8,48.4,1.8,5.2,9.6,29.6,4.8,7.6,1.0,1.8,10.2,31.0,2.2,3.6,3.0,4.6,199.2,694.8,0.4269659103701657,1.5217128600490732,0.4998973482293462,2.331103169566815,0.3473450767841012,0.9977774482962911,0.7242063492063492,0.4589363526045668,0.2857142857142857,0.06666666666666668,0.3418642951251647,1.1128419224474801,0.5357142857142858,0.2344637787649043,0.24117647058823533,0.2,0.1800902530016454,0.3235294117647059,1.0,0.26784338342258296,175.26,177.8,1.0,13488.0,Gray Maynard
0.0,0.6,0.0,2.6,20.2,50.2,54.2,94.8,1.8,7.0,13.6,42.4,4.8,5.8,1.8,2.0,10.0,33.6,5.0,8.4,5.2,8.2,281.8,727.4,0.46285852194538374,1.6030030457419886,0.622410949303324,4.771824278427546,0.3885734698737795,1.1187554662993997,0.7285714285714285,0.36185855603661665,0.5333333333333333,0.12238902340597255,0.32092959295929596,0.7814881199774331,0.4674710910005027,0.3847479829938402,0.2596491228070176,0.45432465923172244,0.14459168001439776,0.18917748917748917,0.9818181818181818,0.44552457588329364,187.96,187.96,1.0,8879.8,Luis Henrique
0.0,0.6,0.0,2.2,27.0,50.0,42.8,68.2,1.4,3.4,15.6,32.4,5.8,8.4,5.6,9.2,17.6,35.8,6.4,11.0,3.0,3.2,124.6,546.0,0.5679591000404258,2.892840462251127,0.6327884909703092,4.135578071552834,0.5229584599797366,1.859951364057443,0.5341991341991341,0.4810282857959992,0.6126666666666667,0.551860812397685,0.5263200385049125,1.880521433061093,0.5752380952380952,0.7846967311240499,0.3,0.22762229806598405,0.12447764397793377,0.3942857142857143,0.45,0.17646404135280824,162.56,165.1,2.0,13474.8,Alex Chambers
0.0,0.8,0.0,3.0,30.6,69.6,35.6,75.2,1.4,6.8,14.8,50.8,5.2,7.2,10.4,11.6,27.6,64.6,2.2,3.4,0.8,1.6,185.0,866.0,0.4603239897357545,2.181895743311575,0.49317801496402164,2.688767123287671,0.32116819455054746,1.0049332138437246,0.5750649350649352,0.3497716894977169,0.7644444444444445,0.7221917808219178,0.459378062974761,1.8586301369863016,0.4636363636363637,0.14977168949771688,0.11428571428571428,0.06575342465753425,0.10264840182648402,0.25357142857142856,1.0,0.22941248097412484,185.42,198.12,1.0,13195.4,Thales Leites
0.6,0.4,0.0,2.8,46.2,87.4,58.6,100.4,1.2,3.2,28.0,63.8,4.2,6.6,11.0,13.6,30.4,65.2,6.2,10.0,6.6,10.0,144.6,717.2,0.5427213741851953,3.9702526185368208,0.6054516475056542,5.272203030343885,0.4450751879699249,2.606275814016595,0.6316666666666666,0.32637990625158664,0.6627777777777778,0.9276367389060887,0.4954424628710343,2.454696250876208,0.6688888888888889,0.5821066878476924,0.40068027210884355,0.8777221256333536,0.12319427691590419,0.41111111111111115,0.6,0.2290089398806722,175.26,180.34,2.0,13648.8,Hector Lombard
0.0,0.0,0.0,3.0,60.25,157.0,76.0,179.5,0.5,2.25,41.25,128.75,11.75,17.25,7.25,10.5,52.5,142.0,4.0,10.0,3.75,5.0,43.25,900.0,0.3134846438082428,4.016666666666667,0.3906191335902203,5.066666666666666,0.2506574021648188,2.75,0.673478835978836,0.7833333333333332,0.5527777777777778,0.4833333333333334,0.2757007591818486,3.5,0.319683257918552,0.26666666666666666,0.5257936507936508,0.25,0.03333333333333333,0.08333333333333333,-1.375,0.04805555555555556,172.72,180.34,1.0,11630.0,Terrion Ware
0.4,0.0,0.0,2.6,33.4,72.2,37.2,76.6,0.4,0.8,16.0,47.4,8.0,12.0,9.2,12.4,24.2,59.2,1.0,1.8,6.0,8.0,64.4,726.4,0.46827494600091446,2.5642260540361996,0.48494976870408085,2.827406266050334,0.2755464243240479,1.1455046584968969,0.6667857142857143,0.6824216289988585,0.7678113553113552,0.7923745328955847,0.42927224141997006,1.940579418186174,0.27999999999999997,0.06666666666666668,0.5031712473572939,0.556979969183359,0.026666666666666665,0.1,0.05,0.07164149974319464,180.34,190.5,1.0,12227.6,Kajan Johnson
0.0,0.0,0.0,2.0,3.0,12.0,4.0,12.0,0.0,0.0,1.0,9.0,0.0,2.0,1.0,1.0,1.0,10.0,0.0,2.0,0.0,0.0,0.0,342.0,0.2413793103448276,0.8053691275167785,0.2809917355371901,1.5333333333333334,0.11538461538461539,0.28037383177570097,0.0,0.0,1.0,0.17543859649122806,0.14285714285714285,0.2,0.0,0.0,0.0,0.0,0.0,0.0,1.0,0.0,175.26,187.96,1.0,10996.0,Adam Yandiev
0.0,1.0,0.0,2.75,43.75,91.75,88.25,157.0,2.75,6.5,38.0,83.75,3.25,4.75,2.5,3.25,29.5,72.0,2.0,3.75,9.5,13.25,303.5,760.5,0.5193038088921608,3.8684210526315783,0.5963980749115111,7.895614035087719,0.49870632706987666,3.430701754385965,0.6944444444444444,0.243859649122807,0.7222222222222222,0.193859649122807,0.38144529170659003,2.0482456140350878,0.6499999999999999,0.187719298245614,0.5504934210526315,0.9325024437927664,0.23333333333333334,0.5162878787878789,1.0,0.4651608187134503,187.96,200.66,1.0,10586.5,Jordan Johnson
0.0,0.0,1.0,2.0,48.0,69.0,53.0,74.0,5.0,5.0,33.0,53.0,11.0,12.0,4.0,4.0,8.0,12.0,3.0,3.0,26.0,38.0,359.0,600.0,0.6956521739130435,4.8,0.7162162162162162,5.3,0.6226415094339622,3.3,0.9166666666666666,1.1,1.0,0.4,0.6666666666666666,0.8,1.0,0.3,0.6851851851851852,3.5294117647058827,0.46332046332046334,1.0,1.0,0.5983333333333334,182.88,193.04,1.0,9193.0,Khalid Murtazaliev
0.2,0.8,0.2,2.2,24.4,52.6,40.2,69.6,1.6,3.6,17.0,42.0,3.0,5.6,4.2,4.8,14.4,37.2,2.2,3.0,5.0,8.2,126.4,559.2,0.3799414067861323,2.1059734702610187,0.48705571719615753,3.3554471544715447,0.29480167810831426,1.3492682926829267,0.4333333333333334,0.30634146341463414,0.7083333333333333,0.3331707317073171,0.3396799070505395,1.284443285074562,0.4416666666666667,0.2164227642276423,0.22793650793650794,0.5066666666666666,0.14666666666666667,0.3833333333333333,0.6333333333333333,0.17689359577806305,187.96,193.04,1.0,12012.0,CB Dollaway
0.5,0.5,0.0,2.0,12.0,29.5,38.5,61.0,0.0,1.0,8.5,24.5,2.0,2.5,1.5,2.5,6.5,14.5,1.0,3.0,4.5,12.0,58.5,586.0,0.3907563025210084,1.261764705882353,0.5725683890577508,3.5671568627450982,0.2551282051282051,0.6436274509803921,0.8333333333333333,0.2872549019607843,0.3,0.33088235294117646,0.44362745098039214,0.8181372549019608,0.6,0.14362745098039215,0.1875,0.3,0.0,0.0,-0.5,0.20481209150326798,187.96,193.04,1.0,10244.0,Craig White
0.0,0.3333333333333333,0.0,1.6666666666666667,7.0,17.666666666666668,45.666666666666664,63.333333333333336,1.6666666666666667,2.6666666666666665,4.333333333333333,13.333333333333334,2.0,3.3333333333333335,0.3333333333333333,0.6666666666666666,2.0,9.333333333333334,0.3333333333333333,1.3333333333333333,4.333333333333333,6.0,171.66666666666666,415.3333333333333,0.4666666666666666,0.8946305156831472,0.6817197314273337,4.216949152542373,0.41111111111111115,0.5735319294641329,0.2222222222222222,0.13333333333333333,0.3333333333333333,0.18181818181818185,0.38095238095238093,0.5150487930148947,0.08333333333333333,0.022222222222222223,0.37777777777777777,0.35141242937853107,0.26140813937424107,0.75,1.0,0.5527756198995606,167.64000000000001,167.64000000000001,1.0,11674.666666666666,Robert Sanchez
0.0,0.5,0.0,2.75,28.0,60.75,59.5,96.75,3.0,7.0,18.25,49.0,8.0,9.25,1.75,2.5,11.25,40.75,5.0,6.0,11.75,14.0,329.0,793.75,0.48378175266762224,2.3289473684210527,0.5960545520890349,4.592982456140351,0.3992789508250357,1.4701754385964914,0.8631944444444444,0.7421052631578947,0.375,0.11666666666666667,0.27045126226591265,0.9736842105263157,0.8416666666666667,0.4078947368421053,0.8865914786967419,0.9473684210526316,0.27982456140350875,0.540340909090909,0.8835227272727273,0.4251900584795322,162.56,165.1,3.0,9055.0,Jarred Brooks
0.4,0.6,0.0,2.2,29.0,77.2,37.2,85.6,0.0,0.6,16.4,60.8,6.8,9.4,5.8,7.0,24.2,68.2,1.6,3.4,3.2,5.6,66.8,601.6,0.42810733673692514,3.4943502824858763,0.46720021116537325,4.041016949152543,0.3326408631018968,2.2759322033898304,0.8106060606060606,0.7567231638418079,0.6314285714285715,0.46169491525423734,0.39019880815894575,2.4109604519774015,0.49000000000000005,0.33502824858757063,0.4842857142857143,0.7410302036217837,0.0,0.0,0.4,0.2100979284369115,180.34,185.42000000000002,1.0,11793.6,Jon Tuck
0.2,0.6,0.0,1.8,19.8,51.2,21.6,53.4,0.6,1.4,10.2,38.6,5.4,8.0,4.2,4.6,15.2,44.8,1.0,1.8,3.6,4.6,20.2,386.0,0.4121486291486292,4.608431427866181,0.43210155681652845,5.356000442014612,0.32043987086359965,3.0580910386846862,0.5761904761904761,1.210592742844264,0.5866666666666667,0.5145294732312988,0.325642282915333,3.5336117632333868,0.5666666666666667,0.461622172061396,0.501010101010101,1.01159164592382,0.15024586068508464,0.5,1.0,0.07602207152028755,175.26,180.34,2.0,13505.2,Iuri Alcantara
0.0,0.6,0.2,2.0,26.0,69.8,42.4,87.2,0.6,2.6,14.6,52.4,7.0,11.2,4.2,5.8,14.8,52.6,4.4,5.8,6.6,10.8,143.6,518.0,0.3951619179233036,2.5474264299540885,0.5944625988199655,4.723770995087456,0.22999269940116845,1.1715710634234084,0.5856363636363636,0.6867640421309236,0.5710101010101011,0.6013534210052087,0.3039541089076693,1.5110743700568334,0.6509090909090909,0.44260405351766946,0.23669172932330826,0.5205704099821747,0.04805704099821747,0.23333333333333334,0.7333333333333334,0.3599359382886867,182.88,185.42000000000002,1.0,12942.2,George Sullivan
0.2,1.2,0.4,2.4,31.4,67.6,42.2,80.2,0.6,2.0,22.2,55.6,5.8,8.4,3.4,3.6,18.8,51.6,3.2,4.6,7.4,10.2,134.8,657.2,0.506812555260831,3.1238541318166613,0.54897348221403,3.9001382848221255,0.40240554421743086,1.874887922382068,0.6451298701298701,0.5633232965317274,0.96,0.5958469945355191,0.421335950267305,2.1071975019516005,0.5425396825396825,0.2583606557377049,0.9136363636363637,0.7582959741273558,0.04,0.24,0.2,0.15341496598639454,167.64000000000001,167.64000000000001,1.0,12279.4,John Moraga
0.0,0.0,0.0,2.0,25.5,65.5,30.0,72.0,1.0,2.5,16.5,50.5,2.5,6.5,6.5,8.5,23.0,59.5,1.5,4.0,1.0,2.0,45.5,498.0,0.4124877089478859,3.5678481919083422,0.42857142857142855,3.873970640887934,0.32958801498127344,2.039026136770498,0.19230769230769232,0.17006802721088435,0.7424242424242424,1.239455782312925,0.41034103410341033,3.397780164697458,0.1875,0.10204081632653061,0.25,0.06802721088435375,0.06802721088435375,0.2,1.0,0.051587301587301584,187.96,193.04,1.0,11647.0,Tim Williams
0.4,0.0,0.0,1.2,13.2,25.8,15.8,28.8,0.2,1.0,9.6,21.2,2.0,2.6,1.6,2.0,8.0,18.2,2.4,4.2,2.8,3.8,26.6,195.6,0.5352017607462602,4.294555702299815,0.575927220441474,5.106749057676921,0.48525601638504867,2.925753104805696,0.8333333333333333,0.6747333729973304,0.52,0.5889134459676867,0.4701831501831502,2.586032501074511,0.4609523809523809,0.7805162612990402,0.14736842105263157,0.49266862170087977,0.03287671232876713,0.05,1.0,0.1928825764403497,175.26,180.34,1.0,11810.8,Jake Ellenberger
0.0,0.0,0.5,1.5,25.5,69.0,27.5,71.0,0.5,1.5,18.0,59.0,6.0,8.5,1.5,1.5,18.5,60.0,4.5,6.0,2.5,3.0,21.0,350.5,0.36820882852292025,5.23903120633442,0.38711288711288716,5.561248253376805,0.30143400643839624,3.8045645086166746,0.7013888888888888,1.2449930135072194,0.5,0.18947368421052632,0.29850531762000576,4.076478807638566,0.7571428571428571,0.8467629250116442,0.4166666666666667,0.3157894736842105,0.06315789473684211,0.16666666666666666,0.6666666666666667,0.04421052631578947,162.56,165.1,1.0,9466.0,Jose Torres
0.2,1.2,0.2,3.8,59.8,98.4,104.4,153.0,2.4,3.8,28.6,61.6,15.0,19.2,10.0,13.2,36.4,68.4,8.8,12.0,12.4,17.2,263.4,751.6,0.6075156727234492,4.371479667542035,0.7235566429952426,7.371175441779455,0.5032107300358574,2.321874114084661,0.8026582426582427,1.1368905660985926,0.7229411764705882,0.7181061773653556,0.49960542986425327,2.2395484267463326,0.7332887700534759,0.6686746737302999,0.7092946269416858,0.7848344763356193,0.13031551701198643,0.5428571428571429,1.0,0.336510169022881,162.56,167.64000000000001,1.0,11235.2,Demetrious Johnson
0.0,0.2,0.0,3.0,41.2,139.8,47.4,146.6,0.2,1.0,26.0,117.2,6.4,10.6,8.8,12.0,39.0,136.0,2.0,3.6,0.2,0.2,0.2,900.0,0.28680151272565974,2.7466666666666666,0.32120573088194354,3.1599999999999997,0.20855293655770887,1.7333333333333332,0.5217150496562261,0.42666666666666664,0.7047619047619047,0.5866666666666667,0.2750586424051123,2.6,0.37777777777777777,0.13333333333333336,0.2,0.013333333333333332,0.013333333333333332,0.2,0.8,0.00022222222222222223,162.56,165.1,1.0,10107.0,Danielle Taylor
0.2,0.2,0.0,2.2,45.4,103.2,63.0,121.0,1.2,4.4,27.2,78.6,12.6,17.6,5.2,6.8,35.2,90.2,8.6,12.4,2.6,3.2,140.2,599.4,0.4124935151038865,4.9583756180234895,0.4570693631439961,6.581019635287385,0.3034643642196994,3.2494237577887817,0.7336054421768707,1.3733882612614887,0.7318181818181818,0.5332585018334397,0.36205200389546943,3.633679094661769,0.5347619047619048,0.7519508079007702,0.6833333333333333,0.3281868587463666,0.14670448808365127,0.24666666666666667,1.0,0.20187825275276391,175.26,175.26,1.0,12110.0,Eddie Alvarez
0.3333333333333333,0.6666666666666666,0.3333333333333333,2.3333333333333335,25.666666666666668,61.666666666666664,51.0,88.33333333333333,0.0,1.3333333333333333,8.333333333333334,37.666666666666664,6.666666666666667,9.333333333333334,10.666666666666666,14.666666666666666,17.333333333333332,50.333333333333336,3.6666666666666665,6.333333333333333,4.666666666666667,5.0,44.0,637.3333333333334,0.4269474196689386,3.5873015873015874,0.5336467358794538,5.276190476190476,0.23141186299081032,1.0246031746031747,0.728835978835979,1.0740740740740742,0.7471861471861473,1.2888888888888888,0.362187448253022,2.7190476190476187,0.43333333333333335,0.24444444444444446,0.6410256410256411,0.6238095238095238,0.0,0.0,1.0,0.07755291005291005,182.88,185.42,1.0,10787.0,Devin Powell
0.0,0.3333333333333333,0.0,1.3333333333333333,7.333333333333333,18.666666666666668,8.0,19.666666666666668,0.0,0.0,4.333333333333333,15.666666666666666,2.3333333333333335,2.6666666666666665,0.3333333333333333,0.3333333333333333,5.666666666666667,17.333333333333332,1.0,1.0,0.3333333333333333,0.3333333333333333,3.3333333333333335,255.0,0.35053352444656793,2.0317063319455664,0.3571811977609079,2.2498329156223895,0.27485380116959063,1.167044677810228,0.5833333333333334,0.7794486215538847,0.3333333333333333,0.03759398496240601,0.3165819687558818,1.7403529484869198,0.3333333333333333,0.11278195488721804,0.3333333333333333,0.17857142857142858,0.0,0.0,-0.3333333333333333,0.029761904761904764,182.88,187.96,1.0,9932.666666666666,Alvaro Herrera Mendoza
0.0,0.4,0.4,2.8,34.4,76.6,49.0,93.6,2.0,3.8,21.8,61.0,4.4,6.2,7.6,9.4,25.4,58.8,2.6,4.6,6.4,10.2,229.8,787.8,0.4605907012108818,3.1097345132743364,0.5303167129867962,4.08306784660767,0.333388699311915,2.1180216690100075,0.7514285714285714,0.38159292035398235,0.8290476190476191,0.6128613569321534,0.4180149957569312,2.4435398230088494,0.5166666666666667,0.23952802359882003,0.42012578616352203,0.42666666666666675,0.13333333333333336,0.4533333333333333,1.0,0.2553333333333333,182.88,185.42000000000002,1.0,10022.4,Jordan Mein
0.0,0.2,0.2,2.6,40.0,88.8,68.4,118.8,1.0,1.6,24.4,60.6,5.4,13.2,9.8,12.6,21.6,66.8,6.4,7.8,6.4,10.0,106.2,705.4,0.4827382653408373,4.282718074342315,0.6052440746128177,6.877073170731707,0.3910305615590473,3.0248844392374052,0.4073015873015873,0.48798949124862423,0.7340815453267314,0.7698441438562857,0.3746606334841629,1.9329996094720774,0.8923076923076924,0.5595342066957788,0.36610169491525424,0.7858823529411765,0.07953420669577875,0.45,0.9,0.16260366149513023,185.42,195.58,1.0,13606.2,Vitor Miranda
0.0,0.4,0.4,3.0,27.0,74.8,30.6,78.4,2.2,7.0,17.4,57.2,5.6,13.0,4.0,4.6,23.0,69.6,1.6,2.4,2.4,2.8,182.6,859.0,0.4060442253713818,1.8780091386276954,0.45091216788817706,2.23102450813791,0.356310905228307,1.2091998036327933,0.44507458485786666,0.39027453646010346,0.7333333333333333,0.2785347985347985,0.3492913922325688,1.6057626222574677,0.7333333333333334,0.11011593217778785,0.55,0.16213058419243986,0.15650768475510743,0.35055555555555556,0.8555555555555555,0.21425156401445059,165.1,177.8,1.0,9870.2,Damian Stasiak
0.25,0.0,0.0,1.0,7.5,16.25,8.5,17.75,0.25,1.25,5.25,13.5,0.5,0.5,1.75,2.0,4.75,11.5,0.5,1.0,2.25,3.5,21.5,160.0,0.47269607843137257,3.2117241800545897,0.4914784950742908,4.02687074829932,0.4038461538461538,2.218508900591701,0.5,0.2872260015117158,0.625,0.8018681047548554,0.41919267707082836,2.4395526934995413,0.3333333333333333,0.2536783358701167,0.40384615384615385,0.6843289278110312,0.0684931506849315,0.0625,1.0,0.12379675360758205,182.88,182.88,3.0,9771.0,Jeremy Kimball
0.4,0.2,0.0,2.4,39.4,80.8,58.6,101.6,1.2,4.2,22.4,59.0,9.2,12.4,7.8,9.4,28.6,68.2,6.0,7.0,4.8,5.6,79.2,635.8,0.5122142017794191,3.3119562767635786,0.603272771759306,4.987275185936444,0.4070736554208704,1.9164054791776226,0.8016666666666665,0.8028347482032405,0.6791666666666666,0.5927160493827162,0.401150035338218,2.22567425437608,0.8920879120879122,0.627871935491949,0.6912698412698413,0.45841008689554996,0.10236546214909974,0.38222222222222224,1.0,0.1384627626274009,182.88,180.34,1.0,8828.0,Sage Northcutt
0.2,0.0,0.0,2.6,46.8,99.8,59.0,113.8,1.4,2.4,28.4,72.2,11.4,19.6,7.0,8.0,35.6,86.4,3.6,4.4,7.6,9.0,160.4,722.8,0.47419256690440365,4.202068715744742,0.511604879961878,5.411848274862979,0.400870040881124,2.660816572904846,0.5553571428571429,0.93823244883341,0.8873737373737374,0.6030196940064869,0.40992267491544593,3.188512607544406,0.8358974358974359,0.2770118550353719,0.6538461538461539,0.7365442531649645,0.11963042550965386,0.5333333333333333,0.9666666666666668,0.23897135636735317,170.18,167.64000000000001,2.0,9066.2,Justin Scoggins
0.0,0.0,0.0,3.0,67.66666666666667,131.33333333333334,91.33333333333333,161.66666666666666,1.0,4.666666666666667,32.333333333333336,87.33333333333333,19.666666666666668,28.333333333333332,14.333333333333334,15.666666666666666,52.333333333333336,110.0,11.0,15.0,4.333333333333333,6.333333333333333,44.333333333333336,900.0,0.514492241764969,4.51111111111111,0.5609115288951881,6.088888888888889,0.3733899445873556,2.1555555555555554,0.7243530641096564,1.4000000000000001,0.9235588972431078,0.9555555555555556,0.48182667006196417,3.488888888888889,0.6075,0.7333333333333334,0.6944444444444443,0.2888888888888889,0.06666666666666667,0.09999999999999999,1.0,0.04925925925925926,162.56,165.1,1.0,10377.333333333334,Jamie Moyle
1.0,0.0,0.0,1.0,22.5,38.5,22.5,38.5,0.0,0.0,18.5,33.5,1.0,2.0,3.0,3.0,22.0,38.0,0.5,0.5,0.0,0.0,4.5,190.5,0.5303030303030303,5.7730263157894735,0.5303030303030303,5.7730263157894735,0.43452380952380953,4.269859813084112,0.3333333333333333,0.21052631578947367,1.0,1.2532894736842106,0.5272727272727272,5.112795857988166,0.5,0.10526315789473684,0.0,0.0,0.0,0.0,1.0,0.015789473684210527,182.88,185.42000000000002,1.0,12536.0,Gokhan Saki
0.0,0.0,2.0,3.0,51.0,107.0,72.0,129.0,3.0,4.0,34.0,88.0,12.0,14.0,5.0,5.0,20.0,62.0,1.0,5.0,26.0,38.0,512.0,900.0,0.4766355140186916,3.4,0.5581395348837209,4.8,0.38636363636363635,2.2666666666666666,0.8571428571428571,0.8,1.0,0.3333333333333333,0.3225806451612903,1.3333333333333333,0.2,0.06666666666666667,0.75,2.0,0.2,0.75,1.0,0.5688888888888889,170.18,175.26,1.0,9972.0,Tyler Diamond
0.0,0.0,0.0,3.0,29.0,75.0,61.0,108.0,1.0,6.0,3.0,43.0,11.0,17.0,15.0,15.0,27.0,69.0,2.0,4.0,0.0,2.0,171.0,900.0,0.38666666666666666,1.9333333333333333,0.5648148148148148,4.066666666666666,0.06976744186046512,0.2,0.6470588235294118,0.7333333333333333,1.0,1.0,0.391304347826087,1.8,0.5,0.13333333333333333,0.0,0.0,0.06666666666666667,0.16666666666666666,1.0,0.19,182.88,187.96,2.0,8790.0,Joe Giannetti
0.0,1.0,0.0,3.0,59.0,112.0,93.0,147.0,0.0,0.0,33.0,78.0,18.0,24.0,8.0,10.0,44.0,96.0,14.0,15.0,1.0,1.0,0.0,900.0,0.5267857142857143,3.933333333333333,0.6326530612244898,6.2,0.4230769230769231,2.2,0.75,1.2,0.8,0.5333333333333333,0.4583333333333333,2.933333333333333,0.9333333333333333,0.9333333333333333,1.0,0.06666666666666667,0.0,0.0,-3.0,0.0,170.18,177.8,1.0,9589.0,Allan Zuniga
0.0,1.0,0.0,2.5,47.5,155.5,49.5,160.5,0.0,0.5,39.0,130.5,2.0,4.5,6.5,7.5,47.5,148.0,0.0,0.0,0.0,0.0,10.5,706.0,0.3004237288135593,3.7729166666666667,0.30560165975103737,3.90625,0.27863060428849906,3.180989583333333,0.425,0.15859375,0.43333333333333335,0.43333333333333335,0.3004237288135593,3.7729166666666667,0.0,0.0,0.0,0.0,0.0,0.0,0.5,0.011666666666666667,162.56,165.1,1.0,13684.0,Barb Honchak
0.0,0.0,0.0,1.0,7.0,9.0,15.0,17.0,2.0,3.0,3.0,5.0,1.0,1.0,3.0,3.0,3.0,5.0,0.0,0.0,4.0,4.0,100.0,212.0,0.7105263157894737,1.9811320754716981,0.8,4.245283018867925,0.6,0.8490566037735849,1.0,0.2830188679245283,1.0,0.8490566037735849,0.6,0.8490566037735849,0.0,0.0,1.0,1.1320754716981132,0.4,0.6666666666666666,0.6666666666666667,0.4716981132075472,175.26,172.72,1.0,9820.0,Richie Smullen
0.0,0.0,0.5,3.0,50.0,143.5,71.5,167.5,0.0,1.5,34.5,117.0,13.5,23.0,2.0,3.5,43.0,134.0,6.0,8.5,1.0,1.0,46.0,900.0,0.3493879335470708,3.333333333333333,0.42263820353286136,4.766666666666667,0.293022745556937,2.3,0.6419354838709678,0.9,0.55,0.13333333333333333,0.3233566433566434,2.8666666666666667,0.6904761904761905,0.39999999999999997,0.5,0.06666666666666667,0.0,0.0,1.0,0.051111111111111114,177.8,177.8,1.0,12159.5,Matt Bessette
0.25,0.0,0.25,2.5,37.75,100.25,41.5,104.25,0.25,1.25,22.75,76.75,10.75,17.5,4.25,6.0,29.25,88.5,6.75,9.0,1.75,2.75,51.25,745.0,0.3775061131678779,3.2074712643678165,0.40065934146365517,3.475,0.29106385248385225,1.9686781609195403,0.5948725981620718,0.8778735632183908,0.8055555555555555,0.36091954022988504,0.3345018239854081,2.5589080459770117,0.675,0.531896551724138,0.3035714285714286,0.11666666666666667,0.025,0.0625,-0.5,0.06875,172.72,175.26,1.0,9964.25,Rolando Dy
0.0,0.0,0.0,1.6666666666666667,28.333333333333332,49.333333333333336,48.0,75.0,0.6666666666666666,4.333333333333333,22.0,39.0,5.333333333333333,7.666666666666667,0.6666666666666666,2.3333333333333335,16.333333333333332,33.333333333333336,8.666666666666666,11.666666666666666,0.3333333333333333,1.3333333333333333,108.0,440.3333333333333,0.48404481969541546,3.8142410710399637,0.5943432298695457,6.077924351227948,0.43159879336349927,2.9743827994165635,0.8833333333333333,0.5664821317473875,0.09523809523809523,0.044444444444444446,0.38945578231292516,2.578901859057501,0.8777777777777778,1.1332785001001762,0.08333333333333333,0.022222222222222223,0.10004323389537396,0.3611111111111111,1.0,0.25848607552223385,170.18,177.80000000000004,1.0,11334.0,Shinsho Anzai
0.0,2.5,0.5,3.0,55.0,156.0,104.5,220.0,0.0,1.5,41.0,133.5,2.0,3.5,12.0,19.0,38.5,132.5,6.5,7.0,10.0,16.5,276.5,900.0,0.3896903589021815,3.666666666666667,0.482083747103608,7.166666666666666,0.3491126070991432,2.7333333333333334,0.5833333333333333,0.13333333333333333,0.6361111111111111,0.8,0.34385964912280703,2.5666666666666664,0.9375,0.43333333333333335,0.30303030303030304,0.6666666666666666,0.0,0.0,1.0,0.30722222222222223,175.26,180.34,1.0,8809.0,Naoki Inoue
0.3333333333333333,0.0,0.0,3.0,57.0,169.33333333333334,58.333333333333336,171.66666666666666,0.3333333333333333,0.6666666666666666,34.0,134.66666666666666,4.0,9.0,18.666666666666668,22.333333333333332,48.666666666666664,156.66666666666666,3.6666666666666665,6.666666666666667,4.666666666666667,6.0,7.333333333333333,900.0,0.3349637133071128,3.8000000000000003,0.33762577512577513,3.888888888888889,0.2497358382951226,2.266666666666667,0.41269841269841273,0.26666666666666666,0.8051282051282053,1.2666666666666668,0.31073635548846645,3.244444444444444,0.3904761904761904,0.24444444444444446,0.5555555555555555,0.3111111111111111,0.022222222222222223,0.3333333333333333,0.6666666666666666,0.00814814814814815,180.34,180.34,1.0,9569.333333333334,Daichi Abe
0.0,0.0,0.0,3.0,72.0,173.0,79.0,180.0,0.0,1.0,39.0,127.0,11.0,18.0,21.0,26.0,66.0,154.0,6.0,19.0,0.0,0.0,2.0,900.0,0.4161849710982659,4.8,0.4388888888888889,5.266666666666667,0.30708661417322836,2.6,0.6111111111111112,0.7333333333333333,0.7857142857142857,1.4666666666666666,0.42857142857142855,4.4,0.3157894736842105,0.4,0.0,0.0,0.0,0.0,1.0,0.0022222222222222222,167.64000000000001,167.64000000000001,1.0,11321.0,Melinda Fabian
0.5,0.75,0.0,2.75,19.5,46.0,32.5,61.0,0.5,0.75,17.0,41.5,1.75,3.5,0.75,1.0,16.75,41.5,0.0,0.25,2.75,4.25,40.25,811.0,0.39443035584900654,1.5373601789709173,0.5266023982056591,2.45,0.3329239388062918,1.180387575590984,0.3988095238095238,0.13848039215686275,0.625,0.06090686274509803,0.3310217290799815,1.1878676470588236,0.0,0.0,0.75,0.2051470588235294,0.03333333333333333,0.375,0.75,0.046903594771241834,165.1,172.72,1.0,10610.0,Jenel Lausa
0.0,0.8,0.4,2.2,18.4,49.6,21.6,53.0,0.0,0.8,12.0,40.8,2.4,4.6,4.0,4.4,17.0,47.4,0.4,0.8,1.2,1.6,36.8,611.8,0.41579200770341834,1.5327223636503895,0.48239128905150575,2.127816091954023,0.3439666977902272,0.9549291788817651,0.43611111111111106,0.22528735632183908,0.7833333333333333,0.30685043158815234,0.31157816267423777,1.2559115705935224,0.3,0.059310344827586216,0.35,0.17793103448275863,0.0,0.0,0.0,0.06116063362789757,172.72,185.42000000000002,1.0,10573.8,Felipe Arantes
0.0,0.25,0.0,3.0,40.5,135.0,64.0,167.5,0.25,0.25,30.5,114.75,7.0,15.75,3.0,3.5,35.25,125.75,3.25,5.25,2.0,4.0,85.75,900.0,0.36223601125686167,2.6999999999999997,0.43101509916672565,4.266666666666667,0.3151222586996223,2.0333333333333337,0.452445652173913,0.4666666666666667,0.66875,0.2,0.325791304102954,2.35,0.6083333333333333,0.21666666666666667,0.38541666666666663,0.13333333333333333,0.016666666666666666,0.25,-0.25,0.09527777777777777,162.56,165.1,1.0,8881.0,Viviane Pereira
0.0,0.6666666666666666,0.3333333333333333,2.0,26.0,51.0,43.666666666666664,71.0,1.6666666666666667,3.3333333333333335,13.666666666666666,33.666666666666664,6.0,9.333333333333334,5.666666666666667,7.333333333333333,8.0,26.333333333333332,11.0,16.0,5.333333333333333,7.333333333333333,138.66666666666666,510.0,0.4150526286072909,2.255882235862651,0.48153588239486594,3.7610122578094107,0.29084249084249086,1.062536631153387,0.42857142857142855,0.4935547647291419,0.5042735042735043,0.5247924080664294,0.26950810309131146,0.7114274416765519,0.48412698412698413,0.9871095294582838,0.24242424242424243,0.35555555555555557,0.13784104389086596,0.42857142857142855,0.6666666666666666,0.18637274284961117,177.80000000000004,175.26,1.0,10401.0,Mike Santiago
0.0,0.0,0.0,2.2,21.0,63.0,25.8,69.0,0.6,3.2,15.2,54.8,4.2,6.8,1.2,1.2,17.8,58.2,3.0,4.8,0.0,0.0,70.8,575.2,0.3456880568724646,2.270859538784067,0.39081552523359053,2.9017190775681345,0.28700396825396823,1.910859538784067,0.3700854700854701,0.27999999999999997,0.4,0.08,0.3036671869751635,1.7022222222222223,0.6333333333333333,0.6086373165618448,0.0,0.0,0.04,0.1,0.9333333333333333,0.14334451432564638,182.88,190.5,1.0,13510.6,Rashad Evans
0.0,0.0,0.0,2.2,20.0,81.0,22.8,84.4,1.4,4.2,13.2,69.6,3.4,7.6,3.4,3.8,15.6,74.6,4.4,5.8,0.0,0.2,91.8,585.0,0.3174453398965552,1.853918873617164,0.34628629423514445,2.0743859649122802,0.2591332439770423,1.2033925578276903,0.29947712418300654,0.22666666666666666,0.7818181818181819,0.423859649122807,0.2680319593645986,1.5605855402838305,0.3274725274725275,0.29333333333333333,0.0,0.0,0.09333333333333334,0.15757575757575756,0.8,0.10200000000000001,177.8,180.34,2.0,11874.4,Gleison Tibau
0.0,0.3333333333333333,0.3333333333333333,3.0,16.666666666666668,40.0,64.0,107.0,2.3333333333333335,6.0,12.333333333333334,33.666666666666664,2.6666666666666665,4.0,1.6666666666666667,2.3333333333333335,9.666666666666666,30.0,1.3333333333333333,1.6666666666666667,5.666666666666667,8.333333333333334,343.0,782.3333333333334,0.42623716153127916,1.2616138126610383,0.5364069690992768,4.639684625492772,0.35377339341533715,0.9027182364091372,0.4583333333333333,0.2246162215590197,0.5555555555555555,0.13427935469288146,0.32098765432098764,0.7648466056843862,0.8888888888888888,0.10681246905870789,0.4021164021164021,0.3899547379179442,0.20000000000000004,0.30952380952380953,-0.3333333333333333,0.41777433690035265,172.72,175.26,1.0,8822.0,Mads Burnell
0.4,0.4,0.2,2.4,44.0,104.2,51.4,112.4,0.2,1.0,28.0,76.4,8.4,17.6,7.2,9.6,36.6,94.2,4.8,7.0,2.2,2.4,99.2,704.8,0.3999690933715487,3.342892007321537,0.4362193387302707,4.11959595959596,0.3314167314167314,2.149812140092514,0.4218925518925519,0.6080808080808081,0.49523809523809526,0.48,0.3468219099755579,2.583434343434343,0.4736263736263736,0.4367676767676768,0.5777777777777777,0.20161616161616164,0.0202020202020202,0.05,0.95,0.14513804713804715,185.42,193.04,1.0,10031.2,Brad Scott
0.0,0.2,0.0,2.2,32.6,89.8,47.8,108.0,1.2,3.8,27.8,82.4,2.2,4.2,2.6,3.0,24.4,76.8,7.0,10.6,1.0,1.2,94.6,597.8,0.3214303881280938,2.5625895725228562,0.37998911940182384,3.6180281690140843,0.24465243508119552,1.8963380281690143,0.41428571428571426,0.1896713615023474,0.9333333333333332,0.48991351618482837,0.28576107777545834,2.029256239189523,0.443010752688172,0.4666666666666667,0.16666666666666669,0.06666666666666667,0.08,0.2571428571428571,0.975,0.10511111111111111,182.88,177.8,2.0,13648.8,Daniel Kelly
0.3333333333333333,1.0,0.3333333333333333,2.6666666666666665,18.0,43.666666666666664,20.666666666666668,46.666666666666664,1.3333333333333333,2.3333333333333335,8.666666666666666,27.666666666666668,4.333333333333333,9.666666666666666,5.0,6.333333333333333,11.333333333333334,36.666666666666664,4.666666666666667,5.0,2.0,2.0,72.0,707.6666666666666,0.4630265276718366,1.398486412108703,0.49170940170940175,1.6556587547299622,0.4020081462536706,0.7762641898864809,0.30392156862745096,0.2888888888888889,0.5341880341880342,0.3333333333333333,0.2653007846556234,0.7952528379772962,0.6428571428571429,0.3111111111111111,1.0,0.2921224630202958,0.12858617131062952,0.7999999999999999,0.3333333333333333,0.09124756335282651,172.72,175.26,1.0,9312.666666666666,Diego Rivas
0.6666666666666666,0.0,0.0,1.6666666666666667,27.666666666666668,54.0,39.666666666666664,68.33333333333333,0.3333333333333333,0.3333333333333333,18.333333333333332,42.0,5.333333333333333,7.666666666666667,3.6666666666666665,4.333333333333333,12.333333333333334,31.666666666666668,2.3333333333333335,3.6666666666666665,7.0,11.333333333333334,58.666666666666664,300.0,0.38992196209587515,4.881913846977246,0.4398643401638695,6.6897431327601495,0.28122285912801803,2.958117058041467,0.5019607843137255,0.9896814715118888,0.6111111111111112,0.543151606777411,0.326395173453997,2.5048485643802887,0.4222222222222222,0.6854493793928519,0.3401360544217687,1.3690595749809182,0.02691790040376851,0.3333333333333333,0.3333333333333333,0.09542948800678479,182.88,195.58,1.0,12132.666666666666,Felipe Silva
0.2,0.4,0.0,2.4,36.2,84.8,45.2,94.8,0.0,0.2,20.0,61.8,11.8,17.6,3.2,4.4,30.2,75.2,4.0,6.4,1.6,2.6,8.6,615.6,0.39357183967626386,3.232631292006978,0.5419844942349779,4.816718032542116,0.2916398344203222,1.7729942830080005,0.5463461538461539,1.0511771177117712,0.6071428571428571,0.25388137220096507,0.3425353509824983,2.433158981236769,0.46813186813186813,0.44077472289061576,0.13333333333333333,0.2376237623762376,0.0,0.0,0.4,0.018645619940480106,172.72,175.26,1.0,13088.8,Henry Briones
0.2,0.0,0.0,1.8,11.6,26.6,12.4,27.4,0.0,0.0,9.0,23.0,2.2,3.2,0.2,0.2,7.0,20.0,3.2,5.2,1.4,2.2,1.8,425.6,0.4558822907280257,1.6013415757255516,0.48695592286501377,1.902756471987764,0.4009392057218144,1.198193647255628,0.67,0.2954074362999014,0.2,0.013333333333333332,0.3285768880265749,0.6820813098689527,0.5824561403508771,0.4306443653770713,0.48571428571428565,0.42629430314016503,0.0,0.0,0.8,0.012462470968107403,182.88,187.96,2.0,13789.6,Vitor Belfort
0.2,0.0,0.0,2.6,24.0,47.0,26.0,49.0,0.0,0.0,7.0,23.6,8.4,13.0,8.6,10.4,21.2,42.8,1.2,1.6,1.6,2.6,44.4,511.8,0.463885582010582,1.9815159604995372,0.48581961859979106,2.1731611933155017,0.29426900584795324,0.6600713007494753,0.4856598240469209,0.6864450811843362,0.6730392156862746,0.6349995785657258,0.45866801756163456,1.8509084216968763,0.17142857142857143,0.048,0.22727272727272724,0.08260753880266077,0.0,0.0,1.0,0.055960679970436064,185.42,187.96,2.0,13578.0,Lyoto Machida
0.0,0.0,0.0,1.5,4.0,15.0,9.5,21.5,0.0,1.0,1.0,11.5,2.0,3.0,1.0,1.0,2.5,13.0,0.5,1.0,1.0,1.0,33.5,371.0,0.3541666666666667,0.6522765917249196,0.4642857142857143,1.4827004219409283,0.19298245614035087,0.175231437747969,0.6666666666666666,0.350462875495938,0.5,0.12658227848101264,0.2536231884057971,0.36510485546948795,0.25,0.11194029850746269,1.0,0.175231437747969,0.0,0.0,-1.5,0.11851344543107248,193.04,200.66,1.0,10526.0,James Bochnovic
0.75,0.0,0.25,2.25,32.75,84.0,41.25,96.5,1.25,5.0,23.25,69.75,3.25,6.5,6.25,7.75,24.0,69.25,3.5,6.5,5.25,8.25,63.5,608.5,0.41266490557730706,3.972382854080373,0.45856145963415607,5.075502723047336,0.3456889211417513,3.078426343547771,0.5300865800865802,0.4065841667612766,0.5684523809523809,0.4860300618921308,0.3413232600732601,2.6792279481330867,0.40657894736842104,0.3584306095979248,0.555921052631579,0.9333820144701669,0.1295755968169761,0.3333333333333333,1.0,0.16339699725114992,182.88,195.58,1.0,12427.0,Alberto Mina
1.0,0.0,0.5,2.5,26.0,69.0,37.5,82.0,0.5,2.5,17.0,52.5,4.5,10.0,4.5,6.5,19.5,57.5,1.5,2.0,5.0,9.5,153.0,648.5,0.3516189456783516,2.1869253545270375,0.47478854912166557,3.5988000623344245,0.3055014605647517,1.4242636746143058,0.369047619047619,0.35195574255882817,0.675,0.4107059373539037,0.3175381263616558,1.6622253389434316,0.8333333333333333,0.13690197911796792,0.5147058823529411,0.38779803646563815,0.03584229390681004,0.125,0.5,0.2581917822450782,182.88,190.5,1.0,8932.0,Luan Chagas
0.25,0.25,0.0,2.0,28.5,55.75,32.0,60.25,1.25,3.0,10.75,33.25,7.0,10.0,8.25,10.25,21.75,43.25,6.5,11.25,0.25,0.75,32.75,426.75,0.49162058564785727,4.52403656859482,0.5029004966504966,4.905858122211815,0.3613039083557952,2.687960074618201,0.4672619047619047,0.8260414812177319,0.6515151515151515,0.9600350127588868,0.5067099978289188,3.549506867093425,0.4145833333333333,0.7261557177615572,0.25,0.04573170731707317,0.18112278203074,0.3416666666666667,1.0,0.08787813306568483,172.72,185.42000000000002,1.0,12655.75,Patrick Williams
0.0,0.2,0.0,2.8,57.6,145.0,66.2,155.0,0.8,1.6,40.2,119.2,11.4,19.0,5.0,6.6,49.2,133.2,6.0,9.2,2.4,2.6,112.6,783.4,0.3954241518277111,4.354952681388012,0.43316732201436015,5.148980021030495,0.3376178926650167,3.0478233438485804,0.6017663817663818,0.907129337539432,0.32,0.4,0.34870508428569574,3.5006940063091485,0.6966959511077159,0.5866666666666667,0.5,0.16,0.05333333333333333,0.29999999999999993,0.9,0.12511111111111112,167.64000000000001,165.1,1.0,10266.2,Bec Rawlings
0.6666666666666666,0.0,0.0,2.6666666666666665,45.333333333333336,100.0,60.666666666666664,116.66666666666667,0.3333333333333333,1.3333333333333333,22.0,71.0,10.0,15.333333333333334,10.666666666666666,13.0,38.333333333333336,90.0,6.666666666666667,9.0,0.3333333333333333,1.0,12.0,709.3333333333334,0.49505650213301694,4.417344173441735,0.5691832524344841,5.439566395663957,0.3707547596436485,2.086720867208672,0.6643874643874644,1.0222222222222221,0.9166666666666666,1.0991869918699189,0.46748009842234767,3.2531165311653116,0.561111111111111,0.6444444444444445,0.1111111111111111,0.06097560975609756,0.022222222222222223,0.3333333333333333,0.3333333333333333,0.022375790424570913,170.18,172.72,1.0,8899.666666666666,Tom Duquesnoy
0.0,0.0,0.3333333333333333,2.0,40.333333333333336,71.66666666666667,60.0,93.33333333333333,0.0,0.6666666666666666,21.0,47.0,13.0,16.666666666666668,5.666666666666667,7.0,28.666666666666668,56.666666666666664,7.0,9.666666666666666,4.666666666666667,5.333333333333333,97.33333333333333,535.0,0.5513641022623058,3.6233237993498513,0.6362803862803862,5.8175390835889145,0.414039039039039,1.7918719919133441,0.5750000000000001,1.0662370630736184,0.8541666666666666,0.7652147443628886,0.4624789736637292,2.625784256291855,0.49,0.5054481546572935,0.2916666666666667,0.49209138840070304,0.0,0.0,0.6666666666666666,0.173983864977352,193.04,195.58,1.0,12247.0,Mark Godbeer
0.0,2.0,1.0,2.0,28.0,40.0,53.0,71.0,2.0,3.0,22.0,32.0,5.0,7.0,1.0,1.0,10.0,18.0,5.0,8.0,13.0,14.0,255.0,569.0,0.7,2.9525483304042184,0.7464788732394366,5.588752196836555,0.65,2.319859402460457,0.7142857142857143,0.5272407732864676,1.0,0.1054481546572935,0.5555555555555556,1.0544815465729351,0.625,0.5272407732864676,0.9285714285714286,1.3708260105448156,0.210896309314587,0.6666666666666666,1.0,0.44815465729349735,190.5,195.58,1.0,10481.0,Dmitry Sosnovskiy
0.0,0.0,0.0,2.0,20.5,56.5,26.0,64.0,0.5,3.0,8.0,36.0,7.5,12.5,5.0,8.0,13.5,47.0,7.0,9.5,0.0,0.0,35.5,516.0,0.459983498349835,2.724242424242424,0.47869674185463656,3.2848484848484847,0.23529411764705882,0.7272727272727273,0.7916666666666667,0.693939393939394,0.6349206349206349,1.1,0.38095238095238093,1.8696969696969696,0.8529411764705883,0.8545454545454545,0.0,0.0,0.03333333333333333,0.1,1.0,0.11702020202020202,182.88,195.58,3.0,9569.5,Oliver Enkamp
0.0,0.6,0.4,2.0,20.6,51.8,25.4,57.4,0.2,0.8,14.2,43.0,3.0,5.0,3.4,3.8,15.0,44.2,3.6,5.8,1.8,1.8,31.0,502.0,0.35265027199568405,2.0069317300463663,0.40983443943066594,2.490757333711253,0.26825674325674326,1.170231155407537,0.5422222222222223,0.4819465949928918,0.7190476190476189,0.31341539795130297,0.2899325092355783,1.539807399337632,0.2787878787878788,0.24863198458574182,0.4,0.12107899807321773,0.013872832369942198,0.05,1.0,0.03546050096339114,182.88,187.96,1.0,13860.0,Mike Pyle
0.2,0.6,0.6,2.2,10.6,26.2,34.2,55.4,1.2,2.8,7.6,21.0,2.4,4.0,0.8,1.2,5.6,18.0,1.8,2.6,3.2,5.6,174.2,588.4,0.38609756097560977,2.42757231820008,0.5371454056267181,3.961670862433003,0.3107644110275689,1.4886545801526718,0.5733333333333334,0.5296926713947991,0.32,0.23115458015267176,0.27741053064582477,1.7074955730601473,0.6333333333333333,0.2328848600508906,0.37142857142857144,0.24580152671755723,0.10929078014184399,0.4,-0.2333333333333333,0.21901773049645393,170.18,177.8,1.0,10854.2,Russell Doane
0.0,0.0,0.2,2.6,39.8,114.6,59.8,144.2,0.6,1.4,25.6,95.8,4.2,5.8,10.0,13.0,34.6,106.8,1.6,3.2,3.6,4.6,144.0,710.0,0.33135103482929573,3.207391862812151,0.3981809182520188,4.685449257955638,0.26584415348738005,2.1367881628772083,0.8333333333333333,0.3269434667289439,0.7990798251667817,0.7436602332059985,0.3022082409831889,2.768628065902658,0.23333333333333334,0.10666666666666666,0.49393939393939396,0.3320971302428256,0.07005009981038807,0.36666666666666664,0.4,0.21837737408785168,175.26,182.88,1.0,9548.2,Albert Morales
0.0,0.0,0.0,1.8,20.8,52.0,21.8,53.0,0.8,2.4,6.8,29.6,3.6,7.6,9.8,13.8,18.4,48.6,2.2,2.8,0.0,0.0,57.4,443.6,0.4829433483258768,2.358674726807719,0.5049535329934001,2.5076943346508562,0.23549379937764692,0.703610998239198,0.3375438596491228,0.44753623188405794,0.7677742946708463,1.2769355963729365,0.4397895038908864,2.0044718282569947,0.4666666666666667,0.3542028985507246,0.0,0.0,0.05333333333333333,0.15,0.6,0.07153535353535354,177.8,182.88,1.0,13491.4,Joshua Burkman
0.0,0.3333333333333333,0.0,2.0,21.666666666666668,82.0,23.333333333333332,84.0,0.0,1.0,11.666666666666666,68.66666666666667,3.6666666666666665,5.333333333333333,6.333333333333333,8.0,21.333333333333332,80.33333333333333,0.0,1.3333333333333333,0.3333333333333333,0.3333333333333333,10.0,413.3333333333333,0.27130226095743337,2.773029735911832,0.29829881110618817,3.1441331594170023,0.1475378787878788,1.3572373768880317,0.40606060606060607,0.5001039717196923,0.8484848484848486,0.9156883873041078,0.2769408011343495,2.72108168396378,0.0,0.0,0.3333333333333333,0.051948051948051945,0.0,0.0,0.5555555555555556,0.025974025974025972,187.96,198.12,1.0,9515.666666666666,Brian Camozzi
0.0,0.2,0.0,1.2,11.6,29.2,30.0,54.6,1.0,1.6,10.2,27.2,1.2,2.0,0.0,0.0,4.0,17.2,0.8,1.2,6.6,8.6,98.4,204.0,0.3646247613965882,3.388808701008037,0.4170183114568141,6.129351770569246,0.3162223592010826,2.77287114750899,0.5166666666666666,0.44834339847086263,0.0,0.0,0.19646788539977394,1.4243130546530292,0.4333333333333333,0.2735738414107435,0.2894736842105263,0.9165096813035287,0.1671982541547759,0.4,1.0,0.2990813418421451,182.88,187.96,1.0,11460.6,Cyril Asker
0.0,0.6,0.0,2.6,44.0,113.0,54.6,127.6,0.6,2.2,27.4,88.2,7.4,12.8,8.8,10.4,38.2,105.4,2.2,3.4,1.8,2.6,33.6,763.4,0.40497296617158635,3.814623655913979,0.4554477488621341,4.521290322580645,0.3363848750930043,2.5247926267281104,0.6491491228070175,0.5352995391705069,0.7201581027667985,0.754531490015361,0.3829597263438821,3.4220583717357904,0.5333333333333333,0.2725652841781874,0.3333333333333333,0.12,0.04,0.12380952380952381,0.6666666666666666,0.037333333333333336,177.8,172.72,1.0,11807.4,Damien Brown
0.0,0.0,0.0,2.0,23.0,46.0,33.5,58.5,2.5,8.0,8.5,26.0,4.5,8.0,10.0,12.0,14.5,34.5,8.5,11.5,0.0,0.0,192.0,503.5,0.5,2.745983499782892,0.5727644652250146,3.996526270082501,0.3196969696969697,1.0216318635771524,0.5833333333333333,0.5350333557020487,0.8428571428571429,1.1893182805036908,0.3904293381037567,1.7531283306359295,0.7083333333333333,0.9928551691469625,0.0,0.0,0.2965302175028619,0.30000000000000004,1.0,0.37872735167567995,190.5,200.66,1.0,9404.5,Rob Wilkinson
0.0,0.0,0.0,2.6666666666666665,31.666666666666668,64.33333333333333,58.333333333333336,96.66666666666667,2.6666666666666665,7.666666666666667,27.0,59.0,2.6666666666666665,3.3333333333333335,2.0,2.0,9.0,32.333333333333336,3.0,5.0,15.0,20.333333333333332,293.6666666666667,799.0,0.45926394479585975,2.2013400335008377,0.5378586930311068,4.012953657174763,0.4257462116874689,1.8789503070910107,0.7857142857142857,0.18905639307649358,0.6666666666666666,0.13333333333333333,0.2615100585688821,0.6312537136066548,0.37878787878787873,0.19999999999999998,0.808058608058608,1.3900614182021218,0.26666666666666666,0.48677248677248675,0.7777777777777778,0.3722224181335528,180.34,180.34,1.0,9098.333333333334,Jeremy Kennedy
0.0,0.0,0.0,1.0,6.0,11.0,11.0,16.0,1.0,1.0,1.0,6.0,3.0,3.0,2.0,2.0,4.0,9.0,2.0,2.0,0.0,0.0,89.0,230.0,0.5454545454545454,1.5652173913043477,0.6875,2.869565217391304,0.16666666666666666,0.28037383177570097,1.0,0.7826086956521738,1.0,0.5217391304347826,0.4444444444444444,1.0434782608695652,1.0,0.5217391304347826,0.0,0.0,0.2608695652173913,1.0,1.0,0.3869565217391304,162.56,165.1,1.0,13105.0,Maia Stevenson
0.2,0.0,0.0,2.6,47.2,102.2,82.2,144.0,0.4,3.8,29.6,79.0,8.4,11.8,9.2,11.4,19.6,66.4,14.0,19.2,5.4,7.4,276.4,754.2,0.46150163889591617,4.226666666666667,0.5546605743020563,6.901052631578947,0.36706230840657417,2.3712280701754387,0.6457738095238095,0.6736842105263158,0.8186666666666668,0.8799999999999999,0.29529646025537687,1.7614035087719302,0.7688744588744589,1.3866666666666665,0.2895238095238095,0.36,0.026666666666666665,0.065,1.0,0.3985146198830409,190.5,195.58,2.0,11690.4,Timothy Johnson
0.0,1.0,0.0,1.8,21.6,53.6,34.2,70.4,0.6,2.2,17.8,47.6,1.4,1.8,2.0,3.6,16.4,46.8,0.6,0.8,4.0,4.2,86.8,390.4,0.45507399352462186,1.9989593763785973,0.509914924647545,2.9971662701559607,0.31824094300465583,1.4466841569645308,0.3333333333333333,0.09728937728937728,0.5,0.36332011630980704,0.39664353305961636,1.5646254776151682,0.15,0.04,0.3875,0.2732600732600733,0.10798534798534798,0.42857142857142855,0.8,0.14708810090253388,167.64000000000001,165.1,1.0,10987.4,Joe Soto
0.0,0.0,0.6,2.8,25.4,54.6,51.8,83.8,1.4,3.6,10.4,33.2,8.2,11.4,6.8,10.0,9.6,34.2,10.0,12.8,5.0,7.6,239.8,790.6,0.4577861037094267,1.8172993389990555,0.6018183938684214,3.742587346553352,0.33222698258817973,0.7139943342776204,0.667094861660079,0.5879886685552409,0.7566666666666666,0.5153163361661945,0.29790979432884174,0.7019830028328612,0.8261904761904763,0.7819830028328612,0.40349206349206346,0.33333333333333337,0.1139943342776204,0.35,0.4666666666666666,0.2833175952156122,165.1,165.1,1.0,12614.4,Juliana Lima
0.0,1.0,0.2,1.8,20.6,55.6,31.2,69.2,0.2,3.0,16.6,49.6,3.0,5.0,0.8,0.8,14.4,47.2,3.2,3.6,2.6,4.2,51.2,468.8,0.3947907290274924,3.0407924210990496,0.5031854264062721,4.025718257586568,0.32894694404128366,2.415743625358445,0.5458333333333333,0.4215267825005727,0.6,0.16037862419490917,0.3140141467727674,1.9739802733556047,0.7151515151515151,0.5251896207584831,0.1368421052631579,0.17333333333333334,0.06557377049180328,0.1,0.18571428571428578,0.14762800217828104,170.18,185.42000000000002,1.0,10712.0,Godofredo Pepey
0.0,0.0,0.0,2.8,41.0,75.2,56.0,92.4,1.8,7.8,23.4,54.0,7.2,9.8,10.4,11.4,34.8,65.6,4.8,7.0,1.4,2.6,109.8,818.2,0.5354425301401109,2.977678207739308,0.6018649177351457,4.110957230142566,0.4306173310328697,1.7488119484046165,0.6849999999999999,0.5133197556008147,0.9158730158730158,0.7155465037338764,0.5005534194203136,2.453279022403259,0.45777777777777784,0.419959266802444,0.4666666666666666,0.1044399185336049,0.16887983706720977,0.2223809523809524,0.9833333333333332,0.14051097533378593,185.42,190.5,1.0,13408.6,Francimar Barroso
0.0,0.0,0.0,1.3333333333333333,26.666666666666668,55.0,29.333333333333332,58.666666666666664,1.0,2.0,17.0,43.666666666666664,7.0,8.333333333333334,2.6666666666666665,3.0,16.0,42.0,9.0,11.0,1.6666666666666667,2.0,45.333333333333336,321.3333333333333,0.46083333333333326,5.07990618395315,0.47975411685089103,5.531352649419685,0.35421888053467004,3.0771894559636603,0.8301587301587302,1.3493366019927304,0.6,0.4745806368524422,0.35613670956136706,2.754947135571024,0.8171717171717172,1.2069513855468765,0.3333333333333333,0.38314176245210735,0.17213934031762487,0.5,1.0,0.15074506012170766,182.88,182.88,1.0,10496.0,Sabah Homasi
0.4,0.0,0.0,1.8,15.6,32.4,29.4,48.8,0.4,1.2,7.4,21.4,4.4,6.6,3.8,4.4,10.0,24.4,3.0,3.4,2.6,4.6,28.2,384.0,0.4991967109424415,3.7777631545813235,0.583190362516725,5.883762579372811,0.33824529368288336,1.9839721726314732,0.5591304347826087,0.6255445064273587,0.86,1.0169896449213993,0.43445982071758477,2.184430324886781,0.375,0.3743164362519201,0.24952380952380954,0.5993352883675465,0.06557377049180328,0.08,0.6,0.07347540983606557,180.34,198.12,3.0,10626.0,Oluwale Bamgbose
1.0,0.0,0.0,1.0,13.0,26.0,13.0,26.0,0.0,0.0,13.0,26.0,0.0,0.0,0.0,0.0,3.0,7.0,0.0,0.0,10.0,19.0,0.0,250.0,0.5,3.1199999999999997,0.5,3.1199999999999997,0.5,3.1199999999999997,0.0,0.0,0.0,0.0,0.42857142857142855,0.72,0.0,0.0,0.5263157894736842,2.4,0.0,0.0,0.0,0.0,180.34,182.88,3.0,12992.0,Galore Bofando
0.2,0.2,0.0,2.4,18.8,58.2,24.2,63.8,1.4,4.2,15.4,53.4,2.6,4.0,0.8,0.8,15.6,50.6,1.4,4.2,1.8,3.4,123.0,641.2,0.3301038873407295,1.6211509840835816,0.373940356964377,2.1168038163387,0.28398644986449867,1.281491988500266,0.6833333333333333,0.28116901099163616,0.4,0.05848998459167951,0.3084181096681097,1.3280106360595128,0.4031746031746032,0.1487396324605627,0.20571428571428568,0.14440071556350625,0.11475712830068367,0.35333333333333333,0.96,0.17820133416270584,172.72,177.8,1.0,11967.8,Abel Trujillo
0.2,0.4,0.2,2.6,27.4,62.2,31.0,66.4,0.6,1.8,14.0,43.8,6.6,10.4,6.8,8.0,22.8,53.6,1.2,1.6,3.4,7.0,79.2,690.4,0.4196207661907545,2.510159172076158,0.443090056022409,2.7571842616818927,0.2668435157156962,1.1907700809998594,0.6366666666666666,0.702472086706743,0.8616666666666667,0.6169170043695559,0.4109530702935631,2.1692541754390335,0.6666666666666666,0.0971773980708162,0.1,0.24372759856630824,0.04,0.15,0.6,0.09117801672640383,182.88,187.96,1.0,11802.8,Erick Silva
0.0,0.0,0.5,2.5,19.0,51.0,31.0,65.5,1.0,3.0,13.0,40.0,0.5,1.5,5.5,9.5,14.0,43.0,4.0,5.5,1.0,2.5,66.0,657.0,0.34555984555984554,1.5797101449275361,0.41497633536173095,2.533333333333333,0.30887491264849753,1.1405797101449275,0.16666666666666666,0.03333333333333333,0.7777777777777778,0.40579710144927533,0.3075957313245449,1.207246376811594,0.85,0.30579710144927535,0.2,0.06666666666666667,0.06666666666666667,0.25,1.0,0.10920289855072464,165.1,180.34,2.0,8809.0,Carls John De Tomas
0.0,0.3333333333333333,0.3333333333333333,2.3333333333333335,13.333333333333334,40.0,35.0,65.33333333333333,2.0,5.333333333333333,10.0,34.666666666666664,2.0,3.3333333333333335,1.3333333333333333,2.0,8.333333333333334,34.666666666666664,1.0,1.0,4.0,4.333333333333333,225.66666666666666,586.3333333333334,0.3821917808219178,1.9089118378275005,0.4902488780089758,3.3897685982023327,0.34505100634132896,1.4939280933256835,0.5416666666666666,0.15609103078982597,0.5333333333333333,0.2588927137119908,0.2610148067894547,1.2537770128131573,0.6666666666666666,0.37936507936507935,0.6363636363636364,0.2757697456492637,0.2746543445338626,0.36944444444444446,0.9583333333333334,0.3417404538790081,190.5,195.58,1.0,10030.666666666666,Antonio Braga Neto
0.0,0.3333333333333333,0.0,2.6666666666666665,19.0,66.66666666666667,24.666666666666668,73.33333333333333,0.3333333333333333,1.3333333333333333,4.333333333333333,44.333333333333336,6.333333333333333,12.0,8.333333333333334,10.333333333333334,16.0,63.0,2.6666666666666665,3.3333333333333335,0.3333333333333333,0.3333333333333333,159.66666666666666,744.0,0.3252008404399951,1.5087970649601032,0.41180672381104966,1.9478900503290746,0.13551009117700252,0.35354311620552786,0.5694444444444444,0.5062741264427345,0.8472222222222222,0.6059075117701799,0.28691923308643724,1.217854512506678,0.8333333333333334,0.19872476523483665,0.3333333333333333,0.03484320557491289,0.026385224274406333,0.3333333333333333,0.5,0.2103645069871983,162.56,165.1,1.0,11887.666666666666,Angela Magana
0.0,0.0,0.0,2.3333333333333335,61.333333333333336,139.33333333333334,87.0,162.66666666666666,0.3333333333333333,0.3333333333333333,42.666666666666664,113.33333333333333,15.0,22.0,3.3333333333333335,3.6666666666666665,52.0,127.0,11.333333333333334,15.0,0.0,0.3333333333333333,65.33333333333333,550.6666666666666,0.4698863523769891,5.304964539007092,0.5967515719718363,8.438770685579195,0.43065905915230557,4.008111616720644,0.5235119047619047,1.1333333333333333,0.6,0.2712597095575819,0.46362913989955734,4.371631205673759,0.5444444444444444,0.9111111111111111,0.0,0.0,0.13333333333333333,0.3333333333333333,0.0,0.2551623740201568,190.5,193.04,1.0,13109.0,Ryan Janes
0.0,0.0,0.0,2.0,35.0,102.0,35.0,102.0,0.0,0.0,8.0,52.0,16.0,37.0,11.0,13.0,34.0,100.0,1.0,2.0,0.0,0.0,9.0,473.0,0.3431372549019608,4.439746300211416,0.3431372549019608,4.439746300211416,0.15384615384615385,1.014799154334038,0.43243243243243246,2.029598308668076,0.8461538461538461,1.3953488372093024,0.34,4.312896405919662,0.5,0.12684989429175475,0.0,0.0,0.0,0.0,1.0,0.019027484143763214,167.64000000000001,167.64000000000001,2.0,9938.0,Ariel Beck
0.0,0.0,0.0,1.0,10.0,17.0,17.0,24.0,1.0,1.0,6.0,13.0,2.0,2.0,2.0,2.0,7.0,12.0,3.0,4.0,0.0,1.0,41.0,120.0,0.5882352941176471,5.0,0.7083333333333334,8.5,0.46153846153846156,3.0,1.0,1.0,1.0,1.0,0.5833333333333334,3.5,0.75,1.5,0.0,0.0,0.46332046332046334,1.0,1.0,0.3416666666666667,170.18,175.26,1.0,11711.0,Christina Marks
0.6,0.0,0.0,3.0,51.6,126.4,63.8,141.2,0.0,0.2,33.4,104.4,5.4,9.4,10.2,12.8,44.8,118.6,1.2,2.4,2.6,4.0,9.6,605.8,0.3326759360588983,3.9181011973735034,0.3636084770114943,4.344010814986481,0.2616976719350853,2.6398774301532124,0.6709803921568628,0.4365716492854384,0.8708888888888888,0.8416521179348525,0.31704078352517934,3.5640690099137373,0.37333333333333335,0.09555555555555555,0.6090909090909091,0.2584766319042101,0.0,0.0,1.0,0.008777777777777777,185.42,190.5,1.0,13694.6,Michael Bisping
0.0,0.2,0.2,2.6,54.2,126.4,100.6,180.2,1.0,2.6,35.8,102.2,11.2,15.8,7.2,8.4,36.8,98.4,11.4,16.4,6.0,9.6,304.4,722.8,0.4014020214637409,4.193509856772898,0.5278229372643708,7.642486126526083,0.3297023745319506,2.8247449923365573,0.7671717171717172,0.8570667512287933,0.7136363636363636,0.5116981132075471,0.3576681010609414,2.985962686961577,0.5239226842942013,0.7916981132075472,0.5093706293706294,0.4158490566037735,0.07018867924528302,0.2333333333333333,0.7,0.346440251572327,162.56,165.1,1.0,9345.6,Kailin Curran
1.0,0.0,0.0,3.0,71.0,164.0,75.0,169.0,0.0,3.0,30.0,106.0,11.0,20.0,23.0,29.0,61.0,149.0,2.0,3.0,8.0,12.0,24.0,900.0,0.4329268292682927,4.733333333333333,0.4437869822485207,5.0,0.2830188679245283,2.0,0.55,0.7333333333333333,0.7894736842105263,2.0,0.40939597315436244,4.066666666666666,0.6666666666666666,0.13333333333333333,0.6666666666666666,0.5333333333333333,0.0,0.0,1.0,0.02666666666666667,175.26,180.34,1.0,11579.0,Wang Guan
0.0,0.0,0.0,1.0,3.0,30.0,3.0,30.0,0.0,1.0,1.0,22.0,0.0,0.0,2.0,8.0,3.0,30.0,0.0,0.0,0.0,0.0,0.0,256.0,0.19130434782608696,0.703125,0.23577235772357724,1.0666666666666667,0.05263157894736842,0.234375,0.0,0.0,0.25,0.46875,0.11764705882352941,0.703125,0.0,0.0,0.0,0.0,0.0,0.0,1.0,0.0,170.18,182.88,1.0,11116.0,Bharat Kandare
0.3333333333333333,0.6666666666666666,0.0,1.6666666666666667,22.0,58.333333333333336,36.0,75.0,1.0,3.0,13.666666666666666,46.0,3.0,5.333333333333333,5.333333333333333,6.666666666666667,15.0,47.0,6.0,9.0,0.6666666666666666,1.3333333333333333,134.0,397.3333333333333,0.3660277528202056,3.5943104514533086,0.434464922653899,5.057291914434772,0.22228792956173204,1.4335093477950622,0.8055555555555557,0.9547595261880977,0.5396825396825397,0.5615971330257045,0.3262794425946479,2.890125747268604,0.44901960784313727,0.6358086358086358,0.16666666666666666,0.06837606837606837,0.10839953697096555,0.21666666666666667,1.0,0.23786160929018071,182.88,187.96,1.0,9961.666666666666,Bobby Nash
0.0,0.25,0.0,2.25,37.25,63.0,50.5,78.5,1.75,4.5,20.25,44.75,9.25,12.0,5.75,6.25,23.5,46.5,8.75,11.25,1.75,2.0,135.75,571.25,0.657051282051282,3.7590413943355117,0.7087538069445964,4.999782135076253,0.5365440115440115,2.252446399120396,0.9355263157894737,0.9372549019607843,0.9391025641025641,0.5690631808278868,0.584748427672956,2.69161220043573,0.6542763157894737,0.8470588235294118,0.45833333333333337,0.12037037037037036,0.16132897603485838,0.2916666666666667,1.0,0.17174836601307192,177.8,182.88,1.0,11080.25,Will Brooks
0.0,0.0,0.0,3.0,27.0,62.0,29.0,65.5,0.5,3.0,11.0,41.0,6.5,10.0,9.5,11.0,25.5,60.5,0.5,0.5,1.0,1.0,75.5,829.0,0.46879035729659924,2.062269129287599,0.4694050033806626,2.235180299032542,0.23175416133162613,0.8582233948988567,0.8055555555555556,0.5020228671943712,0.8583333333333334,0.7020228671943711,0.4430952380952381,1.9560246262093228,0.5,0.0395778364116095,0.5,0.06666666666666667,0.03333333333333333,0.16666666666666666,0.6666666666666667,0.08617854001759015,167.64000000000001,170.18,2.0,11671.5,Ashkan Mokhtarian
0.2,0.6,0.6,3.0,35.6,100.6,94.2,166.2,0.6,2.8,18.0,72.8,5.0,9.6,12.6,17.2,30.2,93.2,3.4,5.2,2.0,2.2,75.8,895.4,0.3830866186020351,2.3918662105663246,0.5676221489724922,6.317415431394908,0.25710459918543827,1.255679479392008,0.5689075630252101,0.3343823641201064,0.7080500821018062,0.8445458000760165,0.3309037362147299,2.0308171797795516,0.5384615384615385,0.22736602052451538,0.7714285714285715,0.13368301026225768,0.04034967692892436,0.29,0.003333333333333388,0.084391232737869,182.88,193.04,2.0,10327.2,Bojan Velickovic
0.2,0.0,0.0,1.4,12.0,24.6,16.0,30.2,0.6,2.2,4.4,15.4,6.0,7.2,1.0,1.6,5.0,15.8,3.4,5.0,3.0,3.0,98.0,268.6,0.38699310906424456,3.486638900982752,0.4286226599219948,4.6568421052631574,0.23112704839020629,1.986299393343171,0.5242424242424242,1.168888888888889,0.14285714285714285,0.06666666666666667,0.2732119514472456,2.2072916239908382,0.4628571428571429,0.7824561403508772,0.2,0.2,0.10666666666666666,0.14444444444444443,1.0,0.22321200436989913,193.04,193.04,1.0,13498.0,Anthony Hamilton
0.0,0.0,0.0,2.5,35.5,119.5,35.5,120.0,0.0,0.0,9.5,79.0,6.5,16.5,13.5,16.5,35.0,118.5,0.5,1.0,0.0,0.0,0.0,732.0,0.27337155598025165,2.6843971631205674,0.28869363227793765,2.6843971631205674,0.11765225066195939,0.752482269503546,0.3897058823529412,0.5127659574468085,0.8310104529616724,1.252482269503546,0.2694916639424648,2.631205673758865,0.25,0.05319148936170213,0.0,0.0,0.0,0.0,-2.5,0.0,177.8,185.42000000000002,1.0,11942.5,Michel Quinones
0.3333333333333333,0.3333333333333333,0.0,2.3333333333333335,42.333333333333336,91.0,48.0,96.66666666666667,0.3333333333333333,4.0,29.333333333333332,73.66666666666667,8.666666666666666,11.666666666666666,4.333333333333333,5.666666666666667,38.666666666666664,86.0,3.6666666666666665,4.666666666666667,0.0,0.3333333333333333,22.666666666666668,663.3333333333334,0.4786638927415627,4.067836257309942,0.5100089693411611,4.6116959064327485,0.4066725742135578,2.869005847953216,0.8078431372549019,0.8269005847953217,0.5833333333333334,0.3719298245614035,0.4473892773892774,3.4912280701754383,0.7936507936507936,0.5766081871345029,0.0,0.0,0.022222222222222223,0.037037037037037035,0.7777777777777778,0.026569200779727093,185.42,187.96,1.0,11572.333333333334,Marcel Fortuna
0.4,0.0,0.0,2.4,30.4,59.0,45.2,74.8,0.8,1.6,13.6,38.6,8.0,10.4,8.8,10.0,24.4,51.2,4.0,5.8,2.0,2.0,103.4,700.6,0.52857726344452,2.490045662100457,0.6050078341974487,3.64986301369863,0.3385387378418737,1.0274885844748858,0.6191919191919192,0.5982648401826485,0.855238095238095,0.8642922374429224,0.49375366689462136,2.012511415525114,0.675,0.31534246575342467,0.4,0.16219178082191782,0.06776255707762557,0.4,1.0,0.1510821917808219,182.88,187.96,1.0,13670.6,Nate Marquardt
0.0,0.0,0.0,2.6,35.2,85.6,49.6,101.4,1.2,3.2,21.0,68.2,3.4,4.4,10.8,13.0,28.4,74.4,5.2,9.0,1.6,2.2,138.4,685.8,0.40861641896673745,3.046107145192854,0.47472375012662676,4.006107145192854,0.27881674318241484,1.6226800887426613,0.8828571428571429,0.30536068056163435,0.8564285714285715,1.048092485549133,0.3880365425819971,2.5927738118595207,0.3224242424242424,0.3466666666666667,0.14545454545454545,0.10666666666666666,0.09333333333333334,0.21142857142857144,1.0,0.16199999999999998,175.26,175.26,2.0,12235.6,Johny Hendricks
0.2,0.4,0.0,4.6,84.2,174.0,115.0,224.8,3.6,6.4,52.6,128.0,17.6,25.8,13.0,16.6,58.6,136.2,5.8,7.0,14.8,21.6,308.2,892.6,0.4932743944694833,3.7163939745075316,0.5713895836130595,5.7375388180764775,0.42728530905580964,2.3461042873696405,0.6165904139433551,0.7335249130938586,0.786078431372549,0.6367647740440325,0.431994927931556,2.5742943221320975,0.7433333333333334,0.23790498261877174,0.6973910910518053,0.9041946697566627,0.20971494785631517,0.6708333333333333,1.0,0.30408960988798767,180.34,193.04,1.0,11850.8,Georges St-Pierre
0.0,0.6,0.0,3.0,31.8,78.2,48.0,96.8,2.2,6.2,22.0,64.6,3.8,7.0,6.0,6.6,28.2,72.2,1.2,2.2,2.4,3.8,205.6,900.0,0.4352255106702814,2.12,0.5199312924004428,3.2,0.33565418400369856,1.4694080996884735,0.5666666666666667,0.2533333333333333,0.9625,0.4,0.41304132760443435,1.8799999999999997,0.4333333333333333,0.08,0.2742857142857143,0.16,0.16,0.2882051282051282,0.9666666666666666,0.2322222222222222,172.72,175.26,1.0,11617.2,Hacran Dias
0.5,0.0,0.0,2.25,29.25,60.75,31.0,62.5,0.25,0.25,21.75,52.25,5.25,6.0,2.25,2.5,23.75,53.25,3.5,5.25,2.0,2.25,35.25,604.75,0.46209027227068467,3.780066545674531,0.4698529411764706,3.9495160314579554,0.4076723223753977,3.1428312159709617,0.6333333333333333,0.4872353297035693,0.4642857142857143,0.15000000000000002,0.4130522645933605,2.6356019358741682,0.20588235294117646,0.3811252268602541,0.4642857142857143,0.7633393829401088,0.02722323049001815,0.25,0.75,0.11498285944746925,187.96,190.5,2.0,10630.5,Jonathan Wilson
0.0,0.75,0.0,3.0,25.75,78.75,52.5,110.5,2.75,5.25,24.25,74.75,1.0,3.0,0.5,1.0,17.75,64.5,3.0,5.5,5.0,8.75,339.75,826.75,0.3429504333625444,1.9660626029654036,0.47427070221587797,3.998791872597474,0.33115842490842495,1.8580175727622186,0.4125,0.07471169686985173,0.3333333333333333,0.03333333333333333,0.28215638528138526,1.287918725974739,0.4583333333333333,0.24827018121911038,0.4375,0.42987369577155404,0.23218012081274025,0.575,0.95,0.4462191103789127,175.26,180.34,1.0,9214.25,Marcin Held
0.2,0.2,0.0,2.2,20.6,59.0,28.6,68.0,0.4,0.4,10.8,44.6,5.0,7.8,4.8,6.6,13.8,48.2,4.6,6.2,2.2,4.6,30.4,596.2,0.36738532110091743,2.0403351225469315,0.4148535745047373,2.706395728607538,0.25666666666666665,1.0756121666524667,0.5996491228070175,0.5999295674647127,0.6035087719298246,0.36479338842975206,0.2899206349206349,1.2809763994206358,0.4946428571428571,0.43272727272727274,0.4875,0.326631450399023,0.026666666666666665,0.4,1.0,0.05102846648301194,172.72,175.26,1.0,11145.4,Marco Beltran
0.0,0.0,0.0,1.0,3.4,10.0,4.2,11.2,0.0,0.0,1.2,6.8,1.4,2.2,0.2,0.2,2.4,8.4,0.0,0.0,0.0,0.0,0.0,109.8,0.32994252873563223,1.1984702798072129,0.34501948531882015,1.5750318471337579,0.16912955465587043,0.36894100839335675,0.525,0.6459337210375704,0.2,0.08695652173913045,0.31023809523809526,1.0590898181482509,0.0,0.0,0.0,0.0,0.0,0.0,0.6,0.0,170.18,177.8,2.0,13566.0,Takanori Gomi
0.2,0.2,0.0,2.6,45.2,110.6,51.0,115.6,0.0,0.0,30.8,91.4,8.0,11.6,5.6,6.8,40.6,103.8,1.8,3.0,0.8,1.0,10.6,588.4,0.38379135729388897,3.8362280835881757,0.38688837003710264,3.890450305810398,0.3325078107879152,2.809144750254842,0.5638095238095239,0.5540555555555555,0.7368421052631579,0.4730277777777778,0.3615590096533835,3.517783639143731,0.3142857142857143,0.258,0.3333333333333333,0.060444444444444446,0.0,0.0,0.2,0.01994074074074074,190.5,195.58,1.0,11081.0,Hyun Gyu Lim
0.0,0.2,0.2,1.8,20.8,38.8,26.0,44.8,0.2,0.8,10.0,25.6,8.4,9.6,2.2,3.2,12.2,27.2,7.6,9.2,0.8,1.8,85.2,451.0,0.5403372773017816,3.0447874095190612,0.5686117167427789,3.5792853798631965,0.4316317016317016,1.8895303196565245,0.7081481481481482,0.9200094907116638,0.40285714285714286,0.2062786645215609,0.45565026993598423,1.9638018387092764,0.6599999999999999,1.0059026662929178,0.18571428571428572,0.07508290451686678,0.028639618138424822,0.06666666666666667,1.0,0.18219150452988528,190.5,193.04,1.0,10052.8,Henrique da Silva
0.2,0.0,0.4,2.4,30.2,76.2,46.6,98.4,1.4,3.4,16.2,53.4,5.0,10.0,9.0,12.8,20.2,61.6,1.2,2.4,8.8,12.2,168.8,713.2,0.4318777213125039,2.8714912090297373,0.4861352813852814,4.332581682119343,0.34712354834415304,1.785918585801738,0.41915966386554626,0.3948459383753501,0.6708333333333334,0.7334681178744561,0.313549302830425,1.5826557929444842,0.29333333333333333,0.09366946778711485,0.5765476190476191,1.0597198879551821,0.11350140056022409,0.275,1.0,0.26745773340086343,180.34,180.34,1.0,11145.4,Jason Saggo
0.0,0.2,0.2,2.2,28.8,67.0,51.2,92.0,0.0,1.8,13.4,40.0,5.8,10.6,9.6,15.2,21.0,55.6,6.8,8.6,0.8,2.4,67.8,560.2,0.3800889271371199,2.7455742296918766,0.48362814629397854,4.513935574229692,0.25406314852088413,1.036673669467787,0.412249742002064,0.48722689075630254,0.6092132505175984,1.1283403361344537,0.34622153209109735,2.16390756302521,0.47384615384615386,0.5283333333333333,0.08,0.05333333333333333,0.0,0.0,0.6,0.08196335200746965,177.8,185.42000000000002,1.0,10798.2,Mitch Clarke
0.2,0.2,0.0,2.2,15.6,37.6,16.8,39.4,0.6,0.8,7.0,26.4,1.6,2.8,7.0,8.4,15.4,36.8,0.0,0.2,0.2,0.6,25.6,567.0,0.4236808701599074,1.8059385854524965,0.4368203728048,1.8726052521191634,0.29951553822521565,1.0324302091682969,0.2533333333333333,0.10666666666666666,0.9199999999999999,0.666841709617533,0.4113439934854625,1.6927310382826852,0.0,0.0,0.2,0.11320754716981132,0.04,0.15,0.8,0.029303886320835477,177.8,182.88,2.0,12026.8,Adriano Martins
0.0,1.0,0.2,1.8,15.6,32.2,36.4,55.0,0.4,2.2,9.4,23.4,4.6,6.6,1.6,2.0,7.6,21.0,5.4,7.8,2.6,3.0,75.2,440.8,0.5194753534376175,4.050956979806847,0.6021218474048663,5.930956979806848,0.4223504273504274,2.615028428073844,0.8025641025641026,1.2215978928884987,0.4833333333333333,0.16955223880597017,0.3746284949049926,2.7291063399579643,0.5921804511278195,0.7876616915422885,0.3666666666666667,0.17333333333333334,0.026666666666666665,0.2,0.3,0.08355555555555556,180.34,177.8,2.0,11207.4,Andrew Holbrook
0.0,0.5,0.25,1.5,18.0,34.0,26.25,42.25,1.25,4.75,10.0,24.5,5.5,6.75,2.25,2.75,7.75,18.25,7.5,12.5,2.5,3.25,56.25,335.25,0.42711426146857684,4.056255212677231,0.5078152698820222,5.755462885738115,0.338042588042588,2.896177370030581,0.6616541353383458,0.7285237698081735,0.6666666666666666,0.4315540728384765,0.3677359462243183,2.305497636919655,0.31130434782608696,0.7,0.20833333333333334,0.5681818181818181,0.14916344916344917,0.13541666666666666,0.25,0.1154237327402465,162.56,165.1,1.0,11163.25,Hector Sandoval
0.2,0.0,0.0,2.2,36.0,73.6,53.8,94.6,1.0,4.8,20.8,52.0,3.6,8.2,10.8,13.0,25.2,58.6,4.6,6.2,5.2,7.8,101.4,598.6,0.4793222067066294,3.482359265851035,0.5197312663620963,4.8277589724109795,0.371162017443851,1.9821149664875743,0.5152380952380952,0.40410972089485153,0.874074074074074,1.0961345784686096,0.44029567382508555,2.655254213725935,0.48692810457516345,0.37178069471995945,0.1441860465116279,0.45532435740514077,0.07208486332109343,0.13246753246753246,0.9818181818181818,0.12016183870529036,182.88,195.58,1.0,12220.6,Rafael Natal
0.0,0.0,0.0,1.6666666666666667,24.0,66.66666666666667,25.0,68.0,0.0,2.0,14.0,52.666666666666664,5.0,6.333333333333333,4.333333333333333,6.666666666666667,20.0,59.666666666666664,3.6666666666666665,5.333333333333333,0.3333333333333333,0.6666666666666666,0.3333333333333333,368.3333333333333,0.34278959810874704,3.115121136173768,0.39883040935672515,4.746031746031746,0.3666666666666667,2.4634457189201715,0.2631578947368421,0.3333333333333333,0.2280701754385965,0.2888888888888889,0.1901847444179984,1.395840760546643,0.5555555555555555,0.7999999999999999,0.16666666666666666,0.14598540145985403,0.0,0.0,0.6666666666666666,0.00037037037037037035,185.42,190.5,1.0,13288.666666666666,Damian Grabowski
0.25,0.25,0.0,2.5,17.5,42.0,29.75,55.75,1.25,3.0,6.75,27.75,4.0,6.5,6.75,7.75,11.0,32.75,1.0,2.25,5.5,7.0,110.25,645.5,0.4655364844993328,3.152801120448179,0.5832451634994008,4.650560224089635,0.3091628959276018,1.9034107284532311,0.7096153846153846,0.746358543417367,0.9125,0.9137254901960784,0.39646656860942575,2.36078431372549,0.3333333333333333,0.07100840336134454,0.8455988455988456,0.8868441804874443,0.0876750700280112,0.29583333333333334,0.75,0.1424400871459695,180.34,185.42000000000002,1.0,9839.0,Frankie Perez
0.2,0.8,1.6,3.0,26.4,48.0,64.4,91.8,2.2,4.8,12.4,28.6,5.8,9.4,8.0,10.0,14.6,32.8,6.2,8.6,4.4,6.2,341.2,900.0,0.506393135061816,1.854407158836689,0.6748451578728935,4.306666666666667,0.4130362521059787,0.8560747663551401,0.5545454545454545,0.3866666666666667,0.7593333333333333,0.5466666666666666,0.4193146853146853,0.9733333333333334,0.6996865203761755,0.49333333333333335,0.6272727272727273,0.29333333333333333,0.14666666666666667,0.2781746031746032,0.125,0.4068888888888889,177.8,177.8,1.0,10399.8,Chris Wade
0.0,0.0,0.0,3.0,36.0,114.0,56.0,136.0,0.0,0.0,15.0,85.0,18.0,25.0,3.0,4.0,30.0,104.0,6.0,10.0,0.0,0.0,40.0,900.0,0.3157894736842105,2.4,0.4117647058823529,3.7333333333333334,0.17647058823529413,1.0,0.72,1.2,0.75,0.2,0.28846153846153844,2.0,0.6,0.4,0.0,0.0,0.0,0.0,1.0,0.044444444444444446,177.8,185.42000000000002,1.0,10739.0,James Mulheron
0.4,0.0,0.0,1.8,54.4,117.8,65.4,127.0,0.0,0.0,36.8,96.2,10.6,15.2,7.8,9.4,36.4,94.4,10.6,15.6,1.4,3.4,21.2,397.6,0.4131188100336997,6.670017540372497,0.4353273406928018,8.243418803418802,0.36489308785250574,5.106892906212229,0.4959096459096459,1.1952136752136753,0.7138888888888889,0.988871903290508,0.36171360418590337,5.01676700030904,0.6045217391304348,0.9682051282051282,0.18,0.10536997885835095,0.0,0.0,1.0,0.04237596899224806,175.26,167.64000000000001,1.0,12210.2,Leslie Smith
0.2,2.0,0.6,2.8,47.4,114.8,77.2,146.8,0.6,3.0,40.8,105.4,2.4,5.0,3.2,4.4,35.2,97.4,6.8,10.2,5.4,7.2,50.4,800.6,0.4201840362618439,3.6963399525270653,0.5303329224251684,5.779821687025994,0.40222966176028835,3.2461182191860125,0.5455555555555556,0.18692332928076574,0.85,0.26329840406028676,0.3495750101750102,2.7955367722264035,0.6667703349282297,0.527106659719408,0.6366666666666667,0.373696520581254,0.05681159420289855,0.14666666666666667,0.6599999999999999,0.07621017387444759,162.56,165.1,1.0,13228.6,Neil Seery
0.2,0.0,0.0,2.2,30.0,80.4,33.0,83.6,0.6,1.0,16.2,57.6,10.2,17.8,3.8,5.0,22.0,68.6,3.0,3.4,5.0,8.2,53.2,612.4,0.3736196318266568,2.7703274718031503,0.39219689711709493,3.019585575842664,0.24424310712821623,1.4028290566223833,0.6385469602860907,1.0072494754378423,0.6133333333333333,0.37358227307625763,0.33641242937853105,2.1188934542342097,0.5818181818181818,0.2980771271095766,0.12820512820512822,0.3533568904593639,0.051169314595527746,0.3333333333333333,0.8,0.07529912367286487,193.04,200.66,1.0,12506.6,Travis Browne
0.0,0.0,0.4,2.8,44.4,85.4,74.6,116.8,0.2,1.4,22.4,58.8,13.0,16.6,8.8,10.0,28.8,65.6,11.6,15.4,3.4,4.0,78.0,758.4,0.5413497074787397,3.502811759794917,0.6180081387227064,5.684714504140035,0.4137429107355747,1.7138685365698152,0.7260061443932413,0.9926048361970136,0.6881038961038961,0.7795511221945137,0.470844311167485,2.3247751821603737,0.6972886762360446,0.9265170407315045,0.30666666666666664,0.23876507477086348,0.013333333333333332,0.2,-0.2,0.1090484313416491,182.88,187.96,2.0,12481.6,Daniel Omielanczuk
0.0,1.0,0.5,1.5,12.5,18.5,37.5,49.5,1.5,3.0,11.5,17.5,0.5,0.5,0.5,0.5,1.0,3.0,1.5,2.0,10.0,15.0,234.5,290.5,0.5091093117408907,2.3409363745498197,0.7125,7.524438346767278,0.4159090909090909,2.0888355342136853,0.5,0.12605042016806722,0.5,0.12605042016806722,0.37515006002400964,0.16767746059462746,0.375,0.37815126050420167,0.5062111801242236,1.3577219744202667,0.30097753387069115,0.5,1.0,0.606344292102806,182.88,185.42000000000002,1.0,10967.5,Jesse Taylor
0.5,0.0,0.0,1.75,24.25,58.25,59.0,98.5,0.0,0.5,17.0,49.5,4.75,5.5,1.5,2.25,12.25,39.5,6.5,9.75,4.5,7.5,125.0,379.25,0.37536785512167514,2.853308922915452,0.4768830025835391,6.120557559985016,0.33985301090564246,2.2007935778835153,0.40104166666666663,0.41326077955876267,0.35,0.14429526231738332,0.3240163734115347,1.7321001372967764,0.3313492063492064,0.5933636955107352,0.29166666666666663,0.43288578695214996,0.0,0.0,1.0,0.18652392500147869,190.5,193.04,1.0,13684.0,Joachim Christensen
0.2,0.0,0.6,3.0,60.0,140.0,74.8,163.6,1.8,3.8,35.2,107.2,13.8,22.0,10.8,13.6,43.2,113.6,3.6,5.8,9.6,13.2,228.8,859.8,0.41522350760732946,4.2128395765085696,0.46345757542059085,5.272137872097991,0.32459038600177326,2.488992071404833,0.6429595946837325,0.9613711247210748,0.7771212121212121,0.7624763803826615,0.3597547969763042,3.039042871385843,0.4539393939393939,0.24045197740112992,0.6343691148775894,0.933344727721597,0.13411954612353413,0.30761904761904757,0.2,0.2795636265805757,177.8,182.88,1.0,9685.8,Johnny Case
0.0,0.4,0.6,2.8,42.2,123.0,81.2,166.4,0.8,2.2,22.8,95.0,5.4,12.8,12.2,18.0,38.0,116.6,0.8,2.6,0.8,1.2,147.8,771.6,0.3234482790549525,3.4535577372604016,0.4637983498052119,6.0808228143992515,0.2219660699780853,1.7514352501168768,0.5178931413414172,0.439382889200561,0.6870066889632108,1.1079569892473118,0.31319433604162666,3.269995324918186,0.26666666666666666,0.0846376811594203,0.3,0.058924731182795696,0.056129032258064517,0.25,0.95,0.17404425744117188,167.64000000000001,177.8,1.0,13122.0,Dennis Siver
0.0,1.0,0.0,2.0,20.0,39.0,44.0,63.5,0.0,1.5,11.0,29.0,5.0,6.0,4.0,4.0,13.5,30.0,6.5,8.5,0.0,0.5,127.0,490.5,0.43939393939393934,2.681481481481481,0.5563427800269906,4.618518518518519,0.27249999999999996,1.0703703703703704,0.7,0.6703703703703703,1.0,0.9407407407407407,0.40625,2.248148148148148,0.38235294117647056,0.43333333333333335,0.0,0.0,0.0,0.0,1.0,0.27030864197530863,187.96,187.96,1.0,11804.0,Josh Stansbury
0.0,0.2,0.0,2.2,18.6,43.8,74.6,104.2,1.4,4.4,15.2,38.4,3.0,4.6,0.6,0.8,9.6,32.8,4.2,5.8,5.2,5.6,193.8,558.4,0.5206903930268416,1.9948716399480744,0.7032438192668371,8.530095497953615,0.4071166568904531,1.339784147482554,0.8166666666666668,0.6253830813695679,0.5,0.04303774442928604,0.23108611038523427,0.6975698725478037,0.8657342657342657,0.670758102802559,0.5566666666666666,0.651853269810885,0.14586496956017608,0.3,1.0,0.3378130071815922,187.96,193.04,2.0,12491.8,Dong Hyun Kim
0.0,0.0,0.0,3.0,48.0,116.4,57.2,126.0,0.6,1.8,27.2,91.8,9.8,12.6,10.8,11.8,37.6,101.2,10.4,15.2,0.0,0.0,80.8,857.6,0.41972685334379617,3.3725581395348834,0.46250810232507755,3.9858914728682167,0.3014841954162342,1.8872868217054262,0.726750700280112,0.6615503875968992,0.962962962962963,0.8133333333333332,0.3851718484486846,2.6792248062015505,0.5502496626180837,0.6933333333333334,0.0,0.0,0.04,0.26666666666666666,0.7,0.08977777777777776,177.8,177.8,3.0,10833.2,Tarec Saffiedine
0.0,0.25,0.25,2.5,19.0,44.25,43.75,74.5,1.25,5.5,8.25,31.5,4.25,5.0,6.5,7.75,12.75,35.5,4.5,6.5,1.75,2.25,272.25,663.5,0.44509052464649135,1.6726545272681808,0.5878425184729064,3.65809975221078,0.2538419913419913,0.6471799768123849,0.59375,0.2886608015640274,0.9264705882352942,0.7368137488917683,0.418001525553013,1.25066039237082,0.49444444444444446,0.305327468230694,0.45833333333333337,0.11666666666666667,0.1592034372229421,0.2708333333333333,0.8125,0.44560052991716836,177.8,180.34,1.0,12455.75,Kiichi Kunimoto
0.4,0.0,0.0,2.6,27.8,58.0,50.2,82.0,1.8,5.4,19.8,45.8,6.6,10.2,1.4,1.8,11.6,32.4,9.6,14.0,6.6,9.2,252.0,679.0,0.5275980438645803,2.593801416861392,0.6462569596984518,4.3524617039427325,0.4769883564711151,1.7889262267720043,0.650046685340803,0.711541856756055,0.3333333333333333,0.09333333333333334,0.40824018234456094,1.339638737435555,0.5072039072039072,0.6922488038277512,0.41999999999999993,0.5619138755980861,0.1698883572567783,0.3038961038961039,0.2,0.3166602870813397,177.8,187.96,1.0,10333.6,Dominique Steele
0.25,0.25,0.0,1.75,29.5,67.5,30.25,68.25,0.0,0.0,17.0,50.75,5.75,9.0,6.75,7.75,27.25,63.5,1.25,2.75,0.75,0.75,0.25,426.25,0.3987300255089629,3.0258932241569245,0.4675838867015338,3.3703243777986045,0.24941675998506907,1.5562949078412995,0.5975,0.6828517130063522,0.6316964285714286,0.7968343226075185,0.38152173913043474,2.6609575132771006,0.3625,0.20684161199625117,0.25,0.15151515151515152,0.0,0.0,-0.25,0.0008417508417508417,193.04,195.58,1.0,9638.0,Alex Nicholson
0.0,0.0,0.0,3.0,53.0,150.0,70.0,168.4,1.0,6.0,36.0,128.2,11.6,16.0,5.4,5.8,44.0,137.6,6.2,8.6,2.8,3.8,277.0,895.4,0.35844068199579837,3.550467502850627,0.41788777952673745,4.690794374762447,0.29276621501313704,2.414336754085899,0.7284090909090909,0.7750817179779552,0.9099999999999999,0.3610490307867731,0.3226685013379107,2.948369441277081,0.764981684981685,0.41438236412010643,0.2966666666666667,0.18771569745343974,0.06701634359559103,0.18666666666666668,0.96,0.3135459267705562,182.88,190.5,1.0,10559.0,Nicholas Musoke
0.2,0.2,0.0,2.6,25.6,50.8,40.2,69.6,0.2,0.2,20.0,44.4,2.0,2.4,3.6,4.0,19.8,43.4,4.2,5.0,1.6,2.4,72.0,709.2,0.5543088670718405,3.48615137413091,0.6498681502840314,5.013333333333334,0.48436858831718654,2.695064747855753,0.6833333333333333,0.13542416452442158,0.96,0.6041816623821765,0.4697489219641118,2.699329997008463,0.8603174603174603,0.5754241645244216,0.4333333333333333,0.10875749785775493,0.013333333333333332,0.2,-1.4,0.08823672357348451,187.96,190.5,1.0,10886.2,Chris Camozzi
0.0,0.4,0.0,3.0,29.6,66.8,51.6,91.4,2.6,8.2,23.2,58.6,5.6,6.8,0.8,1.4,15.8,48.2,6.8,10.2,5.8,8.4,219.4,821.8,0.4683119722138997,2.201258555225036,0.5564185861592945,3.8779839899392967,0.40751837947960706,1.7397712157488692,0.7666666666666666,0.4047275629398534,0.45,0.05675977653631285,0.3133310328962503,1.1146368715083796,0.5487468671679199,0.497877094972067,0.47297297297297297,0.5941125541125541,0.19269051246704877,0.3602564102564102,0.8833333333333332,0.27961711286850954,180.34,185.42000000000002,1.0,13418.6,Reza Madadi
0.2,0.6,0.0,1.6,24.8,67.6,26.0,69.0,0.0,0.0,14.4,53.2,4.8,7.2,5.6,7.2,20.8,61.6,2.8,4.4,1.2,1.6,7.0,401.2,0.41154397079034755,3.5413696889780573,0.4186521093172222,3.6627703030975334,0.2742892242892243,1.6892921376875953,0.6389915966386555,0.732516912082865,0.8851282051282052,1.098508007628649,0.3896082077250728,3.1100697102717865,0.39999999999999997,0.289288144386744,0.15,0.14201183431952663,0.0,0.0,1.0,0.008997421401053404,177.8,182.88,1.0,10966.8,Joe Proctor
0.3333333333333333,0.0,0.3333333333333333,2.3333333333333335,27.666666666666668,79.33333333333333,53.666666666666664,108.33333333333333,1.3333333333333333,4.0,18.0,64.66666666666667,4.333333333333333,6.666666666666667,5.333333333333333,8.0,21.333333333333332,69.66666666666667,5.666666666666667,8.0,0.6666666666666666,1.6666666666666667,108.33333333333333,686.0,0.3348217049327624,2.4527131782945735,0.44491279193612976,4.186046511627907,0.2529513985173682,1.4764857881136952,0.4621212121212121,0.2888888888888889,0.6818181818181818,0.6873385012919897,0.3001902383924856,1.9751937984496124,0.8771929824561404,0.4330749354005168,0.2222222222222222,0.044444444444444446,0.08888888888888889,0.14814814814814814,0.7777777777777778,0.12037037037037036,167.64000000000001,165.1,1.0,12292.333333333334,Augusto Mendes
1.0,0.0,0.0,3.0,70.0,146.8,85.8,165.4,0.8,1.4,40.8,101.6,18.0,28.8,10.4,13.4,58.6,130.6,7.2,9.8,4.2,6.4,67.0,899.4,0.4861424599055783,4.670724637681159,0.5262017890671654,5.724548494983277,0.40626871634936157,2.7223188405797103,0.6014205306888234,1.254180602006689,0.8123745819397993,0.6942251950947604,0.4603931756625418,3.909877369007804,0.7332706766917293,0.4804459308807135,0.6146520146520146,0.28040133779264215,0.05337792642140469,0.4,0.8,0.07448978075065033,175.26,177.8,1.0,11308.4,Rashid Magomedov
0.0,0.0,0.0,1.0,17.0,34.0,18.5,35.5,1.0,1.0,11.5,26.5,3.5,4.0,2.0,3.5,15.5,32.5,0.5,0.5,1.0,1.0,24.0,213.5,0.4841915085817525,4.631629968148456,0.5138211382113822,5.173798642847251,0.43247126436781613,3.3014817892258694,0.4375,0.8045977011494253,0.5416666666666666,0.5255504777731617,0.455,4.155241656280293,0.5,0.1149425287356322,0.5,0.3614457831325301,0.29566542030189724,1.0,1.0,0.1390966163504593,177.8,175.26,2.0,13508.0,Nathan Coy
0.2,0.0,0.0,3.2,34.8,77.4,55.6,100.4,2.0,6.0,24.0,64.6,6.0,7.2,4.8,5.6,23.4,60.6,7.6,10.2,1.8,2.2,276.6,830.0,0.4275738047176187,2.413195037624568,0.5596573997798046,3.5384242424242425,0.3477263545994196,1.6255293118096854,0.6512280701754387,0.3539393939393939,0.9066666666666666,0.34206060606060606,0.3584342391016473,1.5936969696969698,0.5923600209314495,0.5786666666666667,0.5,0.14642424242424243,0.137997425997426,0.24500000000000002,1.0,0.28594343434343433,182.88,185.42000000000002,1.0,13719.2,Roy Nelson
0.6,0.0,0.0,1.8,17.0,29.8,20.8,34.2,0.8,1.4,11.0,23.0,2.8,3.4,3.2,3.4,8.6,19.6,5.2,6.8,3.4,4.2,95.4,351.6,0.579936507936508,5.233217253382604,0.6192676767676768,6.534271403198706,0.48640040962621606,3.9251036746917998,0.51,0.3428735813722614,0.5714285714285714,0.43681940225339516,0.37418546365914784,2.4514122301480956,0.4590909090909091,0.6720485466565203,0.6892307692307693,1.5373310801231708,0.112191840108629,0.36666666666666664,0.9333333333333333,0.3594454022456902,187.96,198.12,1.0,11699.6,Anthony Johnson
0.2,0.0,0.0,1.8,45.6,90.4,54.8,101.0,0.8,1.8,32.0,74.8,4.8,5.6,8.8,10.0,28.6,63.8,8.2,12.0,8.8,14.0,105.0,481.0,0.5236425979559906,5.542916164032614,0.5593722806815785,6.877088515031554,0.45044231354355857,3.9359350773177746,0.880952380952381,0.5477164677010006,0.8730462519936204,1.0592646190138404,0.4507089319542989,3.1100361093072704,0.5933333333333334,0.9456862745098039,0.7446127946127946,1.4525645797605018,0.15747452032251097,0.35,0.2,0.2311118698137514,187.96,193.04,1.0,11372.8,Gegard Mousasi
0.4,0.4,0.4,2.8,42.6,85.6,75.8,123.6,0.6,2.6,26.8,59.4,7.8,14.2,8.0,12.0,27.0,66.2,6.2,8.2,9.4,11.2,133.0,723.0,0.5159658950997291,3.9949487595846795,0.6174206233320907,6.671560219168084,0.47302140506024,2.6111678943530623,0.509064713064713,0.6510190555967806,0.6565567765567766,0.732761809634837,0.4134570480025026,2.287951473356178,0.7136363636363636,0.6220984955433966,0.4938461538461539,1.0848987906851053,0.04,0.1,0.6,0.1869977947889112,180.34,190.5,1.0,13134.2,Patrick Cote
0.2,0.0,0.0,1.4,16.6,47.4,37.0,66.6,0.2,0.6,13.2,42.8,3.0,4.0,0.2,0.2,10.0,39.2,4.4,5.2,1.8,2.2,22.8,308.0,0.31600098255956766,3.0813314791695787,0.4835181079083518,6.009260616051532,0.24525562442214838,1.9990292151295908,0.45294117647058824,0.6403724394785847,0.2,0.013333333333333332,0.24014218328193598,1.9503512756958181,0.3037593984962406,0.5081564245810055,0.36,0.5060019550342132,0.013333333333333332,0.1,0.3,0.06616584750333263,180.34,180.34,1.0,10616.8,Mike de la Torre
0.2,0.0,0.2,2.4,26.2,75.4,34.6,85.2,1.2,2.2,16.2,54.8,4.2,7.2,5.6,12.8,21.2,69.2,1.4,1.8,3.4,4.0,96.0,615.6,0.34197834807356153,2.387906505768489,0.3761078877780645,3.095908985486017,0.25256063329019074,1.563364472291347,0.5915584415584416,0.3951458255693972,0.33441853971799523,0.42523748489398316,0.2752528608342562,1.8529842165012635,0.7333333333333333,0.25138732652763746,0.62,0.2633014733706864,0.08224899598393574,0.42000000000000004,0.12,0.1374631561588149,167.64000000000001,172.72,1.0,13635.0,Brad Pickett
0.4,0.6,0.2,2.6,38.8,85.6,54.4,101.6,0.4,2.0,18.2,57.6,11.6,17.6,9.0,10.4,28.2,71.6,7.8,12.2,1.8,1.8,93.2,777.0,0.5124600205754513,2.788070175438596,0.5839380599320358,4.000701754385965,0.3933690381687784,1.3859649122807016,0.5966179653679654,0.8021052631578947,0.6892640692640694,0.6,0.45587532645583373,1.966315789473684,0.6170829170829171,0.6154385964912281,0.8,0.20631578947368417,0.055438596491228065,0.16666666666666666,0.4,0.12417543859649123,190.5,190.5,2.0,10131.4,Scott Askham
0.4,0.2,0.0,2.2,12.6,33.0,31.8,53.0,0.4,1.4,8.0,24.8,3.0,6.0,1.2,2.0,9.6,29.0,1.2,1.6,1.4,2.0,78.0,569.0,0.3493700819152736,1.5275324675324675,0.45675055594277936,2.7875324675324675,0.32113945578231295,1.2475324675324675,0.3075,0.2,0.325,0.07999999999999999,0.31312476081132795,1.3541991341991342,0.3333333333333333,0.08,0.13999999999999999,0.09333333333333334,0.026666666666666665,0.06666666666666667,0.2,0.08904184704184703,170.18,185.42000000000002,1.0,11336.2,Rony Jason
0.0,0.5,0.0,2.25,22.0,51.75,39.25,71.25,0.5,3.25,8.25,31.5,7.75,12.0,6.0,7.5,13.75,41.5,8.0,10.25,0.0,0.0,96.5,556.0,0.4553318384253636,2.854229823970458,0.5209569759849089,4.004229823970458,0.20525446133509584,0.9593990543558266,0.70625,1.0321165545949407,0.6125,0.6390489913544668,0.33490259740259737,2.132864914370254,0.5277777777777778,0.7281385281385281,0.0,0.0,0.03333333333333333,0.0625,0.375,0.10722222222222222,185.42,182.88,2.0,12309.25,Garreth McLellan
0.0,0.0,0.0,2.5,42.0,123.0,54.0,135.5,2.5,7.5,18.5,90.5,10.0,16.0,11.5,14.5,34.5,113.0,4.5,6.0,3.0,4.0,174.5,692.0,0.3469924812030075,3.373002754820937,0.4264726409826912,4.602754820936639,0.2141051567239636,1.5198347107438017,0.6727272727272727,0.8958677685950414,0.75,0.9573002754820937,0.2774812555597916,2.5865013774104684,0.7285714285714285,0.47190082644628106,0.8333333333333333,0.3146005509641873,0.2526170798898072,0.4519230769230769,1.0,0.29225436179981634,170.18,165.1,1.0,12390.5,Reginaldo Vieira
0.2,0.8,0.0,2.0,11.8,48.6,16.4,54.2,0.4,0.8,8.6,42.6,1.6,4.2,1.6,1.8,9.0,43.4,1.4,3.6,1.4,1.6,111.2,495.8,0.32223176495939987,2.536929987367501,0.3804088734232275,3.077953857396388,0.2517068996577193,1.755988813248279,0.32333333333333336,0.3144064043604156,0.9,0.43772045208542815,0.26037436247962564,2.16844610743897,0.32571428571428573,0.20141713507068645,0.37142857142857144,0.138252427184466,0.026666666666666665,0.2,1.0,0.14152319309600864,172.72,170.18,1.0,10951.8,Sam Sicilia
0.0,0.4,0.2,2.6,26.2,75.8,44.2,95.4,0.0,1.6,16.0,58.8,7.8,13.4,2.4,3.6,20.0,66.4,6.0,8.0,0.2,1.4,20.4,733.6,0.33901853778261787,2.278095238095238,0.41461731474470326,3.4780952380952384,0.23400239917991666,1.243809523809524,0.6747939119703826,0.6971428571428572,0.6599999999999999,0.33714285714285713,0.2955430806746596,1.6876190476190476,0.7744588744588745,0.5771428571428571,0.2,0.013333333333333332,0.0,0.0,-0.64,0.022666666666666665,175.26,182.88,1.0,10871.6,Phillipe Nover
0.0,0.4,0.4,2.2,14.8,35.4,28.4,49.6,0.8,3.4,10.8,30.6,2.0,2.8,1.8,1.8,9.2,27.4,2.0,2.4,3.2,5.0,128.4,591.6,0.3699500926228615,1.1585964912280702,0.4917662727869515,2.2666666666666666,0.24983403803707974,0.7200000000000001,0.45555555555555555,0.13333333333333333,0.8,0.22666666666666666,0.29693815987933636,0.7387522281639929,0.5333333333333333,0.13333333333333333,0.28253968253968254,0.21333333333333332,0.05333333333333333,0.13333333333333333,0.95,0.23688888888888887,180.34,193.04,1.0,13070.0,Roan Carneiro
0.0,0.2,1.4,3.0,29.6,79.0,71.4,126.6,2.4,6.2,21.0,68.8,3.2,3.6,5.4,6.6,18.2,62.2,0.8,1.4,10.6,15.4,334.6,900.0,0.44000404864514986,1.9733333333333334,0.5741084658627675,4.76,0.3617862457527886,1.4,0.9047619047619048,0.21333333333333332,0.6202614379084967,0.36,0.3125434876144816,1.2133333333333334,0.5,0.05333333333333333,0.6290713208360267,0.7066666666666667,0.16,0.41666666666666663,0.5666666666666667,0.39617543859649124,165.1,170.18,1.0,9189.2,Michinori Tanaka
0.0,0.0,0.0,1.0,4.5,10.5,7.0,15.0,0.0,1.0,1.0,5.0,2.0,2.0,0.5,3.0,3.0,8.5,0.5,0.5,0.0,0.0,18.5,176.5,0.33497536945812806,1.0342635111268104,0.37859110586383315,1.8192982456140352,0.1576923076923077,0.24545007378258732,0.5,0.42105263157894735,0.1,0.10526315789473684,0.26373626373626374,0.6263157894736842,0.5,0.10526315789473684,0.0,0.0,0.0,0.0,-0.5,0.12780026990553306,185.42,190.5,1.0,11576.5,Daniel Jolly
0.0,0.0,0.0,3.0,43.0,133.33333333333334,60.666666666666664,156.0,0.3333333333333333,1.3333333333333333,30.0,109.66666666666667,5.666666666666667,10.333333333333334,7.333333333333333,8.666666666666666,38.666666666666664,122.0,3.3333333333333335,6.0,1.0,1.0,84.66666666666667,873.0,0.29914211710101574,2.9128205128205127,0.38384487501785075,4.1169719169719174,0.23427027181198481,2.032967032967033,0.507070707070707,0.38217338217338215,0.8472222222222222,0.4976800976800977,0.27864254377028913,2.6173382173382174,0.5761904761904763,0.2288156288156288,0.3333333333333333,0.06666666666666667,0.022222222222222223,0.3333333333333333,0.6666666666666666,0.09418396418396419,170.18,165.1,1.0,11222.333333333334,Jocelyn Jones-Lybarger
0.0,0.0,0.0,2.25,11.0,39.5,28.75,63.75,1.5,5.75,8.25,36.5,2.25,2.5,0.5,0.5,5.5,30.25,1.75,3.25,3.75,6.0,187.75,526.25,0.3836771969712079,1.4056737319733565,0.5038655083598836,3.7198681732580035,0.2969975930502246,1.100428396899324,0.7142857142857143,0.18693736229146996,0.25,0.044444444444444446,0.2827422577422577,0.6594938194544475,0.1590909090909091,0.11666666666666667,0.46875,0.5556497175141243,0.20141242937853107,0.37393162393162394,1.0,0.3759599900825991,190.5,195.58,1.0,9309.75,Viktor Pesta
0.0,0.0,0.0,2.0,12.5,30.0,17.0,36.0,0.0,0.5,3.5,18.0,4.5,6.5,5.0,7.0,10.0,26.5,2.5,3.5,0.0,0.0,33.0,409.5,0.4537037037037037,1.8677916360968452,0.4884615384615385,2.2402054292002935,0.12006578947368421,0.28160919540229884,0.8333333333333333,0.6501834189288335,0.65,0.9693323550990463,0.4308510638297872,1.6608950843727073,0.35714285714285715,0.20689655172413793,0.0,0.0,0.0,0.0,1.0,0.04551724137931035,180.34,185.42000000000002,1.0,13352.0,Bojan Mihajlovic
0.2,0.2,0.2,1.2,12.0,26.8,13.0,28.0,0.2,0.4,10.0,24.2,1.6,2.0,0.0,0.2,6.0,18.8,3.8,5.6,1.8,1.8,3.4,126.2,0.46600022104332445,6.241501733389285,0.4983179123248293,7.585283194057567,0.4169859895283624,4.655057920089373,0.7333333333333333,1.2725936242649334,0.0,0.0,0.39688164942402226,4.648110409696011,0.4666666666666666,0.907038068709378,0.2,0.7058823529411765,0.09266409266409267,0.2,1.0,0.14718639544954473,170.18,167.64000000000001,1.0,10423.2,Ronda Rousey
0.2,0.4,0.0,2.0,20.4,50.4,27.6,59.0,0.6,1.0,10.2,35.6,5.4,8.2,5.0,6.6,15.0,43.0,4.4,6.2,1.0,1.2,14.8,465.0,0.4890317229939871,2.901975609050543,0.5226196968853767,3.493270008704383,0.307826343089501,1.3054126342458274,0.5995169082125604,0.8250292561409411,0.6458585858585859,0.723328590458646,0.41333098426121684,1.8994840359806382,0.7864285714285714,0.7755730157165643,0.4,0.22691855735333996,0.03519068851077715,0.2333333333333333,0.6,0.05208241115782951,187.96,187.96,3.0,10961.0,Brandon Thatch
0.0,0.0,0.0,1.8,20.4,52.2,25.8,58.2,0.0,0.4,13.2,43.0,5.8,7.4,1.4,1.8,13.6,39.0,5.2,7.2,0.0,0.0,42.2,390.2,0.34329365079365076,3.388008335990333,0.4039651618223047,4.423224859504046,0.2868471833177716,2.390343632090573,0.304,0.4051618787049704,0.4,0.5925028251947897,0.3174183006535947,2.9161797906186964,0.24655172413793106,0.471828545371637,0.0,0.0,0.0,0.0,0.6,0.048481532147742826,170.18,175.26,1.0,11657.4,Takeya Mizugaki
0.0,0.0,0.0,2.3333333333333335,15.666666666666666,51.0,32.0,71.33333333333333,1.6666666666666667,7.0,6.666666666666667,38.666666666666664,5.666666666666667,8.0,3.3333333333333335,4.666666666666667,12.666666666666666,44.666666666666664,2.3333333333333335,5.333333333333333,0.6666666666666666,0.6666666666666666,103.66666666666667,622.6666666666666,0.40651340996168583,2.341414141414141,0.48894113549285967,5.15959595959596,0.2868817204301075,0.8767676767676768,0.5333333333333333,0.37777777777777777,0.6,0.7999999999999999,0.4022183362147196,1.709090909090909,0.4444444444444444,0.5878787878787879,0.3333333333333333,0.044444444444444446,0.24444444444444446,0.28571428571428575,0.9166666666666666,0.144006734006734,162.56,165.1,1.0,13395.0,Fredy Serrano
0.2,0.6,0.6,2.8,28.8,90.0,37.8,99.6,0.6,1.0,18.2,71.2,5.2,10.8,5.4,8.0,25.8,85.4,1.8,3.0,1.2,1.6,107.6,802.8,0.35745468442318834,2.5147826086956524,0.4116181434589633,3.1281159420289852,0.29202266782911945,1.6359420289855073,0.5262307283359915,0.4092753623188406,0.6128571428571428,0.4695652173913043,0.33477284132205215,2.299130434782609,0.425,0.12,0.7333333333333333,0.09565217391304348,0.04,0.2,0.5,0.12607729468599033,185.42,185.42000000000002,1.0,11306.4,Cole Miller
0.2,0.2,0.0,2.4,26.2,53.8,53.0,86.0,0.0,0.2,15.4,39.0,7.2,11.0,3.6,3.8,14.0,32.2,4.8,7.8,6.6,11.4,111.0,657.0,0.46188137776511695,2.587966214714381,0.5558787780010347,4.854828480403052,0.3360072230149922,1.4816781507001557,0.6297297297297297,0.6308876046528858,0.7666666666666667,0.47540045936133957,0.3828743720048068,1.3424568422612433,0.4348484848484849,0.5280847595762022,0.2112820512820513,0.7174246128769356,0.0,0.0,-0.2,0.16830093107110222,177.8,180.34,3.0,10029.4,James Moontasri
0.2,0.0,0.0,3.4,79.6,178.6,99.2,207.0,0.6,1.8,53.6,144.6,17.0,23.6,6.0,8.0,65.2,159.8,9.4,16.0,4.0,5.2,115.2,872.8,0.40830925264297147,5.013877835951134,0.4520596684672003,6.198813263525305,0.3450454566298065,3.574673647469459,0.7321779448621555,1.0717626527050612,0.7371428571428571,0.3674415357766143,0.3758092445910276,4.132328097731239,0.6044936544936544,0.6344293193717279,0.6493506493506493,0.24712041884816754,0.034666666666666665,0.44000000000000006,1.0,0.12618452588714368,170.18,172.72,1.0,11888.6,Valerie Letourneau
0.2,0.2,0.2,3.0,38.6,84.6,54.6,104.0,1.8,5.8,18.4,54.0,9.6,17.2,10.6,13.2,23.8,64.4,9.8,12.4,5.0,7.8,212.8,700.6,0.4505894623778997,2.9381376720901127,0.4924056559104238,3.8953961499493417,0.333899918622926,1.3813245127838372,0.5691020354857367,0.6873046069491626,0.7981746031746032,0.869508552357113,0.3689033812939569,1.8292420287263842,0.6314285714285715,0.7031141307586865,0.6352941176470588,0.40578151260504197,0.11372549019607843,0.26590909090909093,1.0,0.24148677116236567,180.34,187.96,1.0,12783.6,Tim Kennedy
0.0,0.2,0.6,3.0,28.8,65.4,46.2,84.4,2.8,9.4,16.4,50.6,5.8,7.4,6.6,7.4,18.4,51.2,5.4,7.0,5.0,7.2,205.0,900.0,0.46558319770595985,1.92,0.5567842530942756,3.08,0.3403268013631938,1.0933333333333333,0.6957142857142857,0.38666666666666666,0.8647058823529411,0.44000000000000006,0.35504144434376994,1.2266666666666668,0.6092307692307692,0.36,0.49848484848484853,0.3333333333333333,0.2,0.28119617224880383,0.8764705882352942,0.23577777777777778,162.56,165.1,2.0,11811.6,Zach Makovsky
0.0,0.25,0.5,2.5,44.25,124.25,57.5,139.75,0.5,4.25,19.75,88.0,10.5,19.0,10.75,13.5,34.25,106.5,8.5,15.25,0.25,0.5,154.5,719.75,0.41748273492239096,3.4199255121042835,0.4851866234438666,4.638919925512104,0.23661151960784313,1.3837988826815644,0.5326135852451642,0.8342644320297952,0.8334998334998336,1.1018621973929235,0.3845826056805498,2.618994413407821,0.5552005012531329,0.7842644320297951,0.25,0.016666666666666666,0.03333333333333333,0.08333333333333333,0.4375,0.2656517690875233,175.26,177.8,1.0,10338.0,Tiago dos Santos e Silva
0.4,0.4,0.0,2.0,42.6,90.8,58.8,105.6,0.0,1.4,30.8,75.4,7.4,9.4,5.6,6.4,32.4,75.0,8.0,10.4,2.8,5.0,88.6,478.4,0.44996084386251417,4.9035087719298245,0.5049079527222035,6.688070175438597,0.3991957255216657,3.553467193996552,0.5834928229665073,0.7202506265664159,0.6846376811594203,0.6135839598997495,0.3813878908615751,3.892280701754386,0.6550257997936016,0.7463157894736842,0.23088235294117646,0.25157894736842107,0.0,0.0,0.1333333333333334,0.09844444444444445,185.42,187.96,1.0,11756.8,Sean O'Connell
0.0,0.5,0.75,2.5,22.5,47.5,59.75,88.5,1.25,4.0,12.25,32.75,7.25,10.75,3.0,4.0,8.0,23.25,11.0,15.25,1.5,3.0,229.75,708.75,0.48065015479876166,2.2555555555555555,0.6591355316122676,5.116666666666667,0.36995762711864405,1.1,0.712121212121212,0.861111111111111,0.8303571428571428,0.2944444444444444,0.3635553470919325,0.8166666666666667,0.6832069784435513,1.25,0.5,0.1,0.2111111111111111,0.4,0.30833333333333335,0.3282407407407408,170.18,175.26,1.0,10338.5,Brendan O'Reilly
0.0,0.0,0.0,2.5,33.5,100.5,52.0,120.5,0.0,0.0,22.0,84.0,7.5,10.5,4.0,6.0,19.5,77.0,3.5,6.0,10.5,17.5,129.0,703.5,0.3373456790123457,2.9826429980276137,0.4292720139494333,4.4743589743589745,0.27176470588235296,2.0351084812623275,0.5375,0.5258382642998027,0.625,0.42169625246548326,0.2535353535353535,1.6617357001972388,0.7727272727272727,0.25917159763313613,0.63,1.0617357001972387,0.0,0.0,0.5,0.25443786982248523,182.88,182.88,1.0,10934.5,Elvis Mutapcic
0.25,0.5,0.25,2.75,20.5,65.75,32.0,78.0,0.75,2.0,17.25,61.5,2.0,2.5,1.25,1.75,14.5,57.0,1.75,4.25,4.25,4.5,29.25,817.0,0.40076301648612755,1.7712503088707683,0.5205689635567685,2.542488262910798,0.3723929031071888,1.4812206572769955,0.6375,0.16255868544600938,0.375,0.11255868544600939,0.2313411981251987,1.3183594436494186,0.2619047619047619,0.13615023474178403,0.7083333333333334,0.33204225352112676,0.059741784037558684,0.425,-0.375,0.03379890453834116,165.1,167.64000000000001,1.0,9433.0,Geane Herrera
0.0,0.0,0.0,2.6666666666666665,38.333333333333336,86.66666666666667,70.0,126.0,0.6666666666666666,1.6666666666666667,21.333333333333332,59.333333333333336,6.0,9.666666666666666,11.0,15.666666666666666,27.666666666666668,71.33333333333333,2.3333333333333335,3.6666666666666665,8.333333333333334,11.666666666666666,196.0,799.6666666666666,0.43565190746131455,3.0692264885920983,0.5592210402429382,5.526507141532183,0.3467580020553866,1.7572250046373588,0.6217948717948718,0.489334075310703,0.6632575757575757,0.8226674086440363,0.37382113821138213,2.279948061584122,0.3968253968253968,0.15555555555555556,0.7365319865319865,0.6337228714524207,0.0667779632721202,0.3333333333333333,0.6666666666666666,0.2533252952451617,162.56,165.1,2.0,12457.0,Guangyou Ning
0.0,0.0,0.6666666666666666,2.3333333333333335,19.666666666666668,66.0,48.0,96.33333333333333,0.3333333333333333,2.0,14.0,57.333333333333336,1.6666666666666667,3.0,3.3333333333333335,5.333333333333333,13.333333333333334,53.333333333333336,1.6666666666666667,3.3333333333333335,4.333333333333333,9.0,118.0,622.6666666666666,0.2952478984388403,1.6989898989898988,0.42197694649847756,3.6222222222222222,0.24748474847484747,1.3656565656565658,0.5238095238095238,0.1111111111111111,0.20833333333333334,0.2222222222222222,0.2484198484198484,0.9333333333333332,0.6428571428571429,0.5434343434343435,0.3333333333333333,0.2888888888888889,0.022222222222222223,0.05555555555555555,1.0,0.14552188552188552,165.1,165.1,1.0,9104.0,Yao Zhikui
0.0,0.25,0.25,3.0,63.0,152.25,74.25,163.25,0.0,2.0,37.5,114.25,15.25,24.75,9.5,12.5,55.75,137.5,6.25,13.0,1.0,1.25,58.75,900.0,0.4010022522369887,4.2,0.43086113449003816,4.95,0.318371393590972,2.5,0.6404212402664415,1.0666666666666669,0.7754002463054186,0.6333333333333333,0.3955125320890224,3.716666666666667,0.3945406445406445,0.41666666666666663,0.2,0.06666666666666667,0.0,0.0,0.7083333333333334,0.06527777777777778,162.56,165.1,2.0,10523.25,Seo Hee Ham
0.2,0.0,0.0,2.4,38.4,78.0,52.4,92.8,0.6,1.0,16.0,45.4,8.8,15.2,13.6,17.4,29.0,62.6,2.6,5.4,6.8,10.0,49.8,684.0,0.4897143168270432,4.457560506460856,0.5682839741676781,5.875101293708063,0.35096095393967736,2.31263202202,0.5674494303650314,0.8119475526244383,0.7907358413859962,1.3139009460211464,0.46904319640046965,3.1522780391561698,0.3776223776223776,0.1867334446299388,0.6302673796791444,1.0059157419228124,0.053400111296605456,0.26666666666666666,0.4,0.05901836393989984,185.42,193.04,2.0,13042.4,Kyle Noke
0.2,0.4,0.2,2.0,20.2,41.0,61.2,93.8,1.8,2.8,12.0,30.0,5.0,7.6,3.2,3.4,12.6,30.0,4.6,6.2,3.0,4.8,245.8,486.8,0.48871153194671174,3.0463335571432766,0.5739579254905264,6.916933274621125,0.3982696938424493,2.015349812552112,0.6133116883116883,0.7488322955949748,0.5666666666666667,0.28215144899619027,0.4261294261294261,2.2659429063048577,0.45534188034188033,0.45981105236232656,0.38888888888888884,0.3205795984760927,0.16933093617567743,0.42000000000000004,1.0,0.39237472375905036,193.04,200.66,1.0,12031.8,Magnus Cedenblad
0.4,0.0,0.0,3.4,56.0,132.0,79.6,159.0,2.2,5.8,39.6,106.6,11.4,17.6,5.0,5.8,42.8,112.8,9.4,13.2,2.4,4.6,164.2,900.0,0.4381317689750973,3.5681654436290864,0.5107148456489522,4.981658883700244,0.3768879864760014,2.5440960640426953,0.6347985347985348,0.71737602846342,0.8583333333333332,0.30669335112297086,0.38611027582734536,2.741445408049811,0.71375,0.6667200355792751,0.29523809523809524,0.15999999999999998,0.1546720035579275,0.3788888888888889,0.44000000000000006,0.17693884812096955,165.1,167.64000000000001,1.0,9160.0,Kyoji Horiguchi
0.0,0.2,0.2,3.4,48.4,108.6,71.8,135.2,2.6,8.2,23.8,75.8,18.0,23.6,6.2,9.2,23.2,73.0,9.4,13.2,9.4,13.6,318.4,900.0,0.4476533780314117,3.0346666666666664,0.5163697668282338,4.434666666666667,0.3127754880433085,1.5386666666666666,0.7443109318996417,1.0986666666666665,0.7214285714285714,0.39733333333333337,0.3515233531900198,1.488,0.6731276901004304,0.5733333333333333,0.48,0.9733333333333334,0.18933333333333333,0.325,0.8666666666666668,0.3179111111111111,162.56,165.1,1.0,10989.4,Ali Bagautinov
0.2,0.8,0.2,2.2,18.8,45.8,32.2,62.0,1.4,4.4,11.6,35.6,3.6,5.2,3.6,4.8,11.8,33.8,6.0,8.4,1.0,3.0,92.4,562.0,0.47816115221741357,2.1849613822225065,0.537922780546327,3.1688669310968263,0.3897056784521334,1.2464212841463878,0.5704545454545455,0.3176480324837387,0.8266666666666665,0.6208920655923797,0.3951427459733107,1.6338457882175148,0.571969696969697,0.4844489273383248,0.08333333333333334,0.06666666666666667,0.12026845637583891,0.2435897435897436,0.9846153846153847,0.11309470544369873,165.1,170.18,1.0,12495.4,Manvel Gamburyan
0.2,0.2,0.0,2.4,35.8,81.2,46.2,92.6,1.4,3.2,29.4,72.0,3.8,6.4,1.6,2.4,19.2,60.8,0.8,1.4,5.4,7.8,134.8,628.6,0.38403805763342713,2.753337597311018,0.4170205643232904,3.6186844290774736,0.33670850909690414,2.273286893442484,0.44444444444444436,0.27702581312181146,0.3866666666666666,0.1110950661853189,0.2902417582417582,1.5015799768462188,0.25,0.05333333333333333,0.36923076923076925,0.7192156862745099,0.09886883273164862,0.3,1.0,0.17359868935837247,187.96,187.96,1.0,11929.2,Ryan Bader
0.0,0.0,0.0,2.0,12.0,24.0,32.0,48.0,1.0,4.0,6.5,15.0,0.5,3.0,5.0,6.0,6.0,16.5,4.0,4.5,2.0,3.0,157.0,343.0,0.47038327526132406,2.686084142394822,0.5591133004926109,4.5792880258899675,0.42000000000000004,1.645091693635383,0.1,0.04854368932038835,0.9090909090909092,0.9924487594390508,0.3873626373626373,2.1035598705501615,0.4444444444444444,0.3883495145631068,0.3333333333333333,0.1941747572815534,0.0970873786407767,0.125,1.0,0.2540453074433657,182.88,185.42000000000002,1.0,11284.5,Erick Montano
0.2,0.0,0.4,2.8,36.2,98.8,97.0,165.4,2.4,4.6,18.0,73.4,12.8,18.6,5.4,6.8,20.8,76.4,2.6,6.2,12.8,16.2,266.6,802.4,0.3524905282401535,2.57126213592233,0.5678369773887793,6.99831715210356,0.24933269628921803,1.3105501618122977,0.6448484848484848,0.8849190938511328,0.65,0.3757928802588997,0.2668121652543128,1.5445954692556636,0.3,0.17333333333333334,0.648328664799253,0.8533333333333333,0.20179030625632569,0.5616666666666668,1.0,0.3207011866235167,172.72,172.72,1.0,9378.0,Erik Perez
0.0,0.3333333333333333,0.3333333333333333,3.0,55.333333333333336,112.66666666666667,97.0,160.66666666666666,0.3333333333333333,6.666666666666667,32.0,80.0,16.0,24.0,7.333333333333333,8.666666666666666,38.666666666666664,91.0,14.0,19.0,2.0,2.6666666666666665,298.0,900.0,0.495317665462856,3.6888888888888887,0.606516437157684,6.511111111111112,0.396045197740113,2.1333333333333333,0.6737405106970323,1.0666666666666667,0.8592592592592592,0.48888888888888893,0.4211341640972936,2.577777777777778,0.7645382939500586,0.9777777777777777,0.25,0.13333333333333333,0.022222222222222223,0.06666666666666667,0.9166666666666666,0.337037037037037,167.64000000000001,165.1,1.0,12904.333333333334,Heather Clark
0.8,0.0,0.0,2.0,22.6,56.6,25.8,60.2,0.2,0.8,13.8,46.4,1.2,1.6,6.2,7.4,18.0,47.6,1.0,2.2,3.6,6.2,22.0,310.4,0.5144451304213613,3.7136129611705515,0.5815743770573468,4.578357147217063,0.28807576633892423,2.0803865854985633,0.17142857142857143,0.048,0.7470967741935484,1.0394955746810717,0.46821514273649767,3.101962905799566,0.3,0.4246821705426357,0.45777777777777773,0.6186841255768487,0.008,0.05,1.0,0.0504812107788852,180.34,187.96,1.0,13648.8,Dan Henderson
0.0,0.0,0.0,2.0,20.333333333333332,56.666666666666664,25.666666666666668,62.333333333333336,0.6666666666666666,2.6666666666666665,11.0,42.333333333333336,7.333333333333333,11.0,2.0,3.3333333333333335,16.666666666666668,50.0,1.3333333333333333,4.0,2.3333333333333335,2.6666666666666665,104.0,592.3333333333334,0.38596037898363483,2.2446766515732035,0.42968102675677655,2.694392197840474,0.27993730978805603,1.1923603854638338,0.6549145299145299,0.8616045512597238,0.6904761904761904,0.19071171484964589,0.36357620960030596,1.8119122257053293,0.3277777777777778,0.19138511552304657,0.2916666666666667,0.2413793103448276,0.06896551724137932,0.1111111111111111,0.3333333333333333,0.1948314563257092,172.72,180.34,1.0,9257.333333333334,Lukasz Sajewski
0.2,0.0,0.0,2.4,47.4,112.0,48.0,113.0,0.0,0.8,34.4,97.0,8.2,12.4,2.0,2.4,44.8,107.4,2.6,4.2,0.0,0.4,5.2,650.2,0.4469041621584496,4.5254435705139935,0.44829828089089496,4.580415828303152,0.3820004337549579,3.5188756783122983,0.6555003819709702,0.8493847936101456,0.7333333333333333,0.15718309859154928,0.44288130410801213,4.273022376684348,0.7,0.2524211938296445,0.0,0.0,0.0,0.0,0.4,0.00761904761904762,180.34,185.42000000000002,1.0,8864.6,Albert Tumenov
0.0,0.4,0.6,2.0,16.8,37.2,32.4,54.4,0.8,2.0,11.2,30.4,2.8,3.8,2.6,2.8,7.2,22.8,2.0,3.0,4.4,7.4,140.0,528.2,0.42527933546240176,2.1859397615792124,0.5089245292859751,3.2664071266074153,0.30107769423558894,1.2222867474457086,0.7766666666666666,0.5554380392572116,0.575,0.40821497487629205,0.3910073120157154,1.3866002676987388,0.46428571428571425,0.28318976126015255,0.20782608695652174,0.52,0.05490196078431373,0.16666666666666666,0.3333333333333333,0.20748274868687275,193.04,193.04,3.0,9991.4,Tamdan McCrory
0.0,1.6666666666666667,0.3333333333333333,1.6666666666666667,6.333333333333333,16.333333333333332,9.333333333333334,19.333333333333332,0.0,0.3333333333333333,4.666666666666667,14.333333333333334,0.6666666666666666,1.3333333333333333,1.0,1.3333333333333333,3.3333333333333335,12.333333333333334,2.3333333333333335,3.0,0.6666666666666666,1.0,35.333333333333336,395.3333333333333,0.4218487394957983,2.302095519569813,0.503415559772296,2.819979612640163,0.38055555555555554,1.6250764525993882,0.5,0.11396534148827726,0.5555555555555555,0.5168195718654435,0.3123249299719888,2.0085626911314987,0.25925925925925924,0.15555555555555556,0.5,0.11396534148827726,0.0,0.0,0.3333333333333333,0.2044886170574244,180.34,185.42,1.0,10271.0,Hector Urbina
0.0,0.0,0.0,3.0,41.0,108.0,69.0,139.0,2.0,5.0,31.0,93.5,4.0,7.0,6.0,7.5,26.5,90.0,10.0,14.0,1.0,1.5,166.0,900.0,0.38183694530443757,2.7333333333333334,0.49795177599170337,4.6,0.326645264847512,2.0666666666666664,0.475,0.26666666666666666,0.4,0.4,0.27993697478991597,1.7666666666666666,0.4090909090909091,0.9,0.75,0.06666666666666667,0.13333333333333333,0.2,1.0,0.18444444444444447,182.88,195.58,1.0,9263.0,Glaico Franca Moreira
0.2,0.0,0.0,1.4,11.6,24.0,18.4,31.8,0.0,0.6,4.2,14.6,3.0,5.4,3.8,4.0,8.0,18.8,2.6,3.6,0.2,0.4,22.0,256.0,0.42363518612645734,1.9629761962754846,0.477211334559094,3.1261853390126637,0.24372960372960373,0.7253802488631976,0.4,0.4457233847746182,0.7666666666666667,0.7018744443412376,0.36375781081663433,1.3482772256206792,0.27384615384615385,0.4173607038123167,0.1,0.03519061583577712,0.0,0.0,1.0,0.0721950146627566,193.04,200.66,1.0,13230.8,Antonio Silva
0.4,0.2,0.4,1.8,37.4,80.0,55.6,97.2,1.0,2.8,24.6,64.4,3.8,5.2,2.6,2.6,33.0,71.2,5.0,6.8,0.4,0.6,66.4,430.8,0.44716196846631623,5.455421827451069,0.4849962126950462,6.949113149847095,0.3361049291977017,3.665979593586555,0.6555555555555556,0.9764322120285422,0.4,0.4653211009174312,0.431699919935214,4.473056192841987,0.3073170731707317,0.36,0.4,0.026666666666666665,0.10837920489296637,0.34615384615384615,0.9,0.10621661569826708,172.72,180.34,1.0,11576.0,Maximo Blanco
0.4,0.4,0.6,2.6,53.6,116.4,84.8,158.8,1.2,4.4,35.4,94.8,6.0,8.4,12.2,13.2,35.8,88.8,7.2,10.2,8.6,14.8,304.4,752.4,0.46100541674191453,4.423703703703703,0.510169309014425,6.597037037037038,0.3714869947979192,2.8459259259259255,0.6938461538461539,0.5214814814814814,0.9366666666666668,1.0562962962962963,0.4167107111279525,2.9940740740740743,0.7474044795783927,0.6014814814814814,0.6092284186401834,0.8281481481481482,0.08,0.22666666666666666,0.6,0.3675802469135802,177.8,187.96,1.0,11300.6,Kenny Robertson
0.0,0.0,0.0,3.0,44.0,102.0,50.0,108.0,0.0,0.0,10.0,55.0,7.0,15.5,14.5,18.0,40.5,95.5,3.5,6.5,0.0,0.0,0.0,879.5,0.4157413056741916,3.0399301513387664,0.459572685379137,3.4478851377570816,0.19913419913419914,0.6857586340706248,0.45208333333333334,0.47780364765230887,0.8571428571428571,1.2,0.39149888143176736,2.806596818005433,0.2692307692307692,0.23333333333333334,0.0,0.0,0.0,0.0,1.0,0.0,185.42,185.42000000000002,1.0,11419.0,Augusto Montano
0.6,0.0,0.2,2.8,48.0,154.2,58.2,164.8,0.2,0.4,35.0,128.8,8.6,17.0,4.4,6.2,41.8,143.6,3.2,6.4,3.0,3.8,71.6,782.8,0.30517984985455676,3.584835505794149,0.34452562322754143,4.288044122761979,0.2542520791211891,2.481217019726055,0.5039155581260844,0.6834419287697855,0.6757575757575758,0.42017655729830894,0.2870298351119548,3.149372553566203,0.6957142857142856,0.23492345319133667,0.38461538461538464,0.20053949903660886,0.013333333333333332,0.1,0.0,0.07985228002569043,177.8,187.96,1.0,10178.8,Sean Spencer
0.4,0.2,0.2,1.8,17.2,38.4,35.0,58.2,0.2,1.8,10.0,26.4,4.6,7.6,2.6,4.4,11.2,30.8,4.2,5.8,1.8,1.8,103.4,421.6,0.49243318409985076,4.801485108119135,0.5880659691186007,7.068837209302325,0.4488916488916489,3.458523509382018,0.3928571428571429,0.711111111111111,0.23888888888888887,0.17333333333333334,0.398064713064713,3.36404432469064,0.5766666666666665,0.96,0.6,1.4250980392156865,0.013333333333333332,0.02857142857142857,0.7,0.1465467579015966,185.42,185.42000000000002,1.0,9901.6,Caio Magalhaes
0.0,0.0,0.0,1.0,3.0,7.0,6.0,9.0,0.0,0.0,1.0,5.0,0.0,0.0,0.0,0.0,1.0,4.0,0.0,0.0,0.0,0.0,0.0,134.0,0.2413793103448276,0.8053691275167785,0.75,2.6865671641791042,0.11538461538461539,0.28037383177570097,0.0,0.0,0.0,0.0,0.14285714285714285,0.2,0.0,0.0,0.0,0.0,0.0,0.0,1.0,0.0,185.42,185.42000000000002,1.0,13834.0,CM Punk
0.2,0.2,0.2,2.4,44.8,80.0,66.2,106.4,0.2,0.8,29.2,58.8,13.0,16.2,1.4,1.4,20.4,39.6,11.4,16.4,3.8,5.6,200.6,477.0,0.6543477416640597,5.479556313457995,0.7015498721227622,7.654135011172528,0.5354847533418962,3.4827849497525185,0.9028571428571428,1.4750144654827708,0.8,0.4769784781841703,0.4821303258145363,2.2632594013471916,0.7470995670995672,1.2116468697322513,0.16129032258064516,0.38809831824062097,0.01552393272962484,0.1,0.9,0.3347095475430578,190.5,198.12,1.0,13495.4,Josh Barnett
0.0,0.4,0.0,2.6,28.2,63.8,44.6,81.2,1.4,2.8,15.4,44.0,8.2,14.2,4.6,5.6,23.4,56.8,3.8,5.0,1.0,2.0,152.4,771.0,0.4734806984150426,2.0149019607843135,0.5915596187598586,3.3780392156862744,0.383276372750057,1.0941176470588236,0.6017171717171717,0.6141176470588235,0.6666666666666667,0.30666666666666664,0.4445384111741598,1.6949019607843137,0.6033333333333333,0.2533333333333333,0.11111111111111112,0.06666666666666667,0.12705882352941175,0.4333333333333333,0.33333333333333337,0.20530718954248367,175.26,182.88,1.0,10904.0,Leandro Silva
0.0,0.5,0.25,2.5,21.75,51.75,33.75,67.25,2.0,8.5,12.25,36.0,2.25,5.0,7.25,10.75,13.25,39.5,3.0,3.5,5.5,8.75,304.75,738.0,0.4436732932634572,1.8538288648651913,0.4860198624904507,2.9968633678191803,0.356437969924812,1.0217485743267107,0.34455128205128205,0.15837506956037842,0.671875,0.673705220978102,0.37721494733256467,1.1093314555804783,0.625,0.28995689017560916,0.5579710144927537,0.45454051910910387,0.1709996870411908,0.29523809523809524,1.0,0.4222761460072343,170.18,175.26,1.0,11539.25,Leandro Issa
0.5,0.0,0.5,2.5,28.0,81.0,31.75,84.75,0.25,1.25,22.75,71.75,3.5,6.5,1.75,2.75,24.25,73.75,1.5,3.75,2.25,3.5,60.5,689.25,0.35162948040902964,2.5700627659324384,0.3767948898254416,2.844889395613437,0.30670518207282915,1.930431290502049,0.5553030303030303,0.3822868426620278,0.5875,0.2573446327683616,0.33694252125915963,2.29937390786494,0.30000000000000004,0.1,0.375,0.17068885806749884,0.0635593220338983,0.25,-1.25,0.07377369394359685,175.26,180.34,3.0,11629.75,Tae Hyun Bang
0.0,0.0,0.2,2.0,35.2,58.8,49.6,75.2,0.8,2.8,13.4,32.2,8.8,13.2,12.2,13.6,26.4,47.0,3.4,5.2,5.4,6.6,114.8,529.6,0.60392577461387,4.581683088740111,0.6560475367722486,5.900866097133601,0.3293103300654994,1.2056209164274214,0.646969696969697,1.0404505748000532,0.9339487179487179,1.4258367911479943,0.5788988788988789,3.7816550990164606,0.6672222222222223,0.44002798972365104,0.3272058823529412,0.36,0.05333333333333333,0.21333333333333332,0.7333333333333334,0.1557347010386819,182.88,180.34,1.0,10583.4,Shane Campbell
0.0,0.5,0.25,2.5,24.0,52.0,47.25,77.25,0.25,2.0,14.0,37.75,5.5,9.0,4.5,5.25,14.75,40.5,3.0,3.0,6.5,8.5,179.25,687.5,0.4824586282716046,2.0868348132292853,0.5949523337993166,4.594459941256566,0.39788037166085943,1.2027019872548343,0.6706349206349207,0.5229318095423139,0.5833333333333334,0.361201016432137,0.30106414112167573,1.2056153459253107,1.0,0.29375204846625014,0.38020833333333337,0.6275743707093822,0.016666666666666666,0.08333333333333333,0.5,0.2817389337978964,180.34,195.58,2.0,12394.25,Kevin Casey
0.0,0.3333333333333333,0.3333333333333333,3.0,43.666666666666664,118.66666666666667,62.0,147.66666666666666,1.0,4.0,35.0,97.33333333333333,4.0,9.666666666666666,4.666666666666667,5.0,35.666666666666664,102.33333333333333,3.3333333333333335,8.666666666666666,4.666666666666667,7.0,308.3333333333333,900.0,0.39149104452928957,2.9111111111111114,0.4775801699990341,4.133333333333333,0.3181463829284313,2.3333333333333335,0.49264705882352944,0.26666666666666666,0.9166666666666666,0.3111111111111111,0.34228675960959426,2.3777777777777778,0.4593253968253968,0.22222222222222224,0.2222222222222222,0.3111111111111111,0.06666666666666667,0.2333333333333333,0.6333333333333333,0.34259259259259256,167.64000000000001,165.1,1.0,10561.333333333334,Elizabeth Phillips
0.6,0.0,0.0,2.0,47.6,98.0,52.2,102.6,0.2,0.8,23.4,67.2,7.2,9.6,12.2,15.2,39.0,87.0,4.4,6.2,4.2,4.8,48.2,534.4,0.52180108676492,6.325389150162283,0.5427198183345258,7.287981276633326,0.3916862611073137,3.4078541118110595,0.7453679653679653,0.9632189569897307,0.8468220338983052,1.4651282743046707,0.46897566091710396,5.020601002406659,0.65,0.7117191005061028,0.3571428571428571,0.7637158496269578,0.013333333333333332,0.1,0.9,0.10689692720246864,180.34,182.88,1.0,10681.2,Lorenz Larkin
0.4,0.2,0.2,3.0,48.4,117.0,70.4,137.8,1.0,3.4,28.0,89.2,13.4,20.4,9.4,11.2,34.0,95.6,9.0,13.6,5.4,8.2,207.6,710.8,0.45612948484114135,3.8674123222748813,0.5283544973544974,5.673839915745129,0.33137471071758273,2.029727224855187,0.7208276932517552,1.104402317008952,0.7400379506641366,0.6692827804107425,0.378205923314619,2.5267793575566087,0.5679183135704874,0.6622053712480253,0.46449275362318837,0.5984275934702475,0.11976935229067931,0.39,0.6,0.32491206556082153,175.26,180.34,2.0,11195.2,Rick Story
0.0,0.2,0.4,3.0,20.8,51.0,51.6,84.4,2.8,8.4,15.4,42.8,2.6,4.8,2.8,3.4,12.6,39.4,2.0,2.4,6.2,9.2,391.6,900.0,0.4718492301718859,1.3866666666666667,0.6155976914047215,3.44,0.4153282005170282,1.0266666666666668,0.5414285714285715,0.17333333333333334,0.8969696969696969,0.18666666666666665,0.3787807054065307,0.8400000000000001,0.5083333333333333,0.13333333333333336,0.6,0.4133333333333333,0.2,0.3257142857142857,0.7490476190476191,0.47021527777777783,170.18,175.26,1.0,13475.4,Tatsuya Kawajiri
0.2,0.0,0.0,2.0,32.0,84.8,32.8,85.8,0.4,0.6,24.6,75.8,2.6,3.8,4.8,5.2,28.8,78.6,2.2,4.8,1.0,1.4,7.0,478.0,0.40682804537234923,5.519610849813709,0.409600430244602,6.0768527918781725,0.35383954201934625,4.196558561443458,0.6333333333333333,0.28799703891708966,0.7492063492063492,0.5835744500846023,0.3786639243436037,4.016793268068649,0.355,0.4533333333333333,0.45,0.8129656862745099,0.026666666666666665,0.2,1.0,0.025201388888888888,172.72,177.8,1.0,12413.0,Francisco Rivera
0.0,0.5,0.0,2.5,37.0,81.5,45.0,93.0,2.5,6.0,28.0,69.5,1.5,3.0,7.5,9.0,32.0,73.5,4.0,7.0,1.0,1.0,148.5,749.5,0.46690476190476193,3.0194212576516417,0.4924641148325359,3.6867557039510297,0.4146772767462423,2.2686700055648306,0.5,0.11675013912075682,0.8333333333333333,0.6340011129660545,0.44564777327935223,2.552086811352254,0.36363636363636365,0.4006677796327212,0.5,0.06666666666666667,0.18341680578742348,0.45,1.0,0.19152105360786498,175.26,180.34,1.0,10612.5,Jim Alers
0.4,0.2,0.2,2.0,17.2,32.6,37.4,55.2,0.6,1.8,6.8,18.4,7.0,10.8,3.4,3.4,7.2,15.6,5.2,8.6,2.8,4.8,146.0,495.2,0.5265541334726394,2.642966553831733,0.6776643656693644,5.106043924164644,0.3863241106719367,0.9327286027731176,0.6321789321789322,0.8832917531001071,1.0,0.6562295974234393,0.40337206652996127,1.4334168079811642,0.3891980360065467,0.5265842346111336,0.23333333333333334,0.26435859469645984,0.052825458052073296,0.2,0.6666666666666667,0.28807984229856987,190.5,200.66,1.0,9878.8,Josh Samman
0.0,0.0,0.5,2.5,15.0,57.75,44.25,89.5,1.75,6.5,13.0,54.0,2.0,3.5,0.0,0.25,8.75,48.25,3.25,5.0,3.0,4.5,244.5,637.5,0.3730949041608228,1.376705815151276,0.5153965904450797,4.282961924633192,0.346353000447828,1.2033561818994425,0.44999999999999996,0.17334963325183375,0.0,0.0,0.22648574561403506,0.6906875362983889,0.5625,0.2966992665036675,0.5095238095238095,0.3893190123492198,0.1879765395894428,0.4563492063492064,0.6666666666666667,0.4086033276211918,177.8,185.42000000000002,1.0,9223.25,Cody Pfister
0.0,0.6,0.0,1.4,13.6,29.8,39.0,57.6,2.0,3.4,11.6,27.4,1.2,1.4,1.0,1.2,7.0,19.8,0.8,0.8,6.2,9.4,186.8,301.0,0.46352334007790424,2.654755332492078,0.6442547357926222,6.729218594937971,0.3596602741559126,2.2073865340584993,0.5,0.33015746945754393,0.36,0.13054466230936818,0.28877586122168164,1.4342758358543914,0.6,0.23821516229557926,0.4653144016227181,0.9512434847356666,0.33054288989098696,0.6424242424242423,0.8,0.49685440590720653,170.18,177.8,1.0,11103.8,Thiago Tavares
0.0,1.0,1.0,2.0,7.666666666666667,12.666666666666666,27.333333333333332,38.0,1.3333333333333333,3.6666666666666665,5.666666666666667,10.0,2.0,2.0,0.0,0.3333333333333333,2.3333333333333335,5.666666666666667,1.3333333333333333,1.6666666666666667,4.333333333333333,5.666666666666667,251.66666666666666,533.0,0.6494949494949495,0.8095238095238094,0.68,3.0040100250626565,0.5750000000000001,0.589640768588137,0.6666666666666666,0.17777777777777778,0.0,0.0,0.40161519153115793,0.2312537136066548,0.26666666666666666,0.08888888888888889,0.7222222222222222,0.5007518796992481,0.11679197994987468,0.23611111111111108,0.9583333333333334,0.41955165692007795,172.72,182.88,1.0,13068.0,Jerrod Sanders
0.25,0.0,0.5,2.75,45.25,126.5,60.25,142.5,1.0,2.0,38.0,113.25,6.0,9.0,1.25,1.25,32.75,104.5,5.75,10.25,6.75,11.75,161.25,757.5,0.36405238952647295,3.5187053822090317,0.42199130657781736,4.522002085505735,0.3297954644616842,2.962696184593995,0.6726190476190476,0.45284618058340687,0.5,0.10316301703163017,0.2912563131313131,2.467245528194433,0.4096941070625281,0.6014598540145986,0.29537037037037034,0.45,0.06666666666666667,0.25,0.875,0.18079084338208426,170.18,175.26,1.0,10875.25,Chris Beal
0.2,0.0,0.0,3.8,63.6,169.4,74.2,181.2,0.4,2.2,48.6,142.2,11.8,19.8,2.6,3.4,55.6,157.6,5.4,8.0,2.6,4.0,44.6,857.6,0.37818118860149996,3.7801483942414174,0.41169592061311294,4.48178073089701,0.33491380495562795,2.8904651162790698,0.6150929604322263,0.7043521594684385,0.8,0.18533111849390918,0.35478341082484055,3.3498648947951275,0.5055944055944056,0.2441904761904762,0.475,0.18609302325581395,0.03077519379844961,0.16666666666666666,1.0,0.05008696936138797,182.88,193.04,1.0,9318.4,Rory MacDonald
0.3333333333333333,0.0,0.0,1.6666666666666667,33.333333333333336,63.333333333333336,42.666666666666664,73.66666666666667,0.3333333333333333,1.0,24.666666666666668,54.0,4.333333333333333,5.666666666666667,2.0,3.0,20.666666666666668,44.0,5.0,6.0,7.333333333333333,12.333333333333334,54.333333333333336,345.3333333333333,0.38288956297045273,4.165182186234818,0.415499476776946,4.9452991452991455,0.3114327485380117,2.864957264957265,0.3968253968253968,0.6512820512820513,0.5416666666666666,0.4957264957264957,0.33764873470755824,3.2209973033502446,0.2777777777777778,0.3333333333333333,0.1981981981981982,0.4888888888888889,0.022222222222222223,0.1111111111111111,1.0,0.0664102564102564,180.34,182.88,1.0,12593.666666666666,Steve Bosse
0.5,0.25,0.0,2.25,16.75,43.0,26.25,52.5,0.0,0.0,9.0,31.5,5.75,7.5,2.0,4.0,10.5,34.0,2.25,4.5,4.0,4.5,100.0,557.5,0.4203977272727273,3.1397332033508034,0.5329495178672716,4.638674038778121,0.31138471177944865,2.022551490922415,0.7916666666666667,0.8926142347493063,0.8461538461538461,0.2935944526309129,0.350984200984201,2.111984889262821,0.37023809523809526,0.17590486394196686,0.6647727272727273,0.7572625606054489,0.0,0.0,-1.25,0.1984056162125171,172.72,182.88,1.0,10428.25,Willie Gates
0.0,0.0,0.0,2.3333333333333335,6.0,25.0,24.666666666666668,44.333333333333336,2.6666666666666665,5.333333333333333,4.666666666666667,22.333333333333332,1.0,1.0,0.0,1.0,4.666666666666667,22.333333333333332,0.3333333333333333,1.0,0.6666666666666666,0.6666666666666666,271.0,663.6666666666666,0.20929723817336612,0.639766081871345,0.46747967479674796,1.9333333333333336,0.12375300997592019,0.3111111111111111,0.6666666666666666,0.06666666666666667,0.0,0.0,0.17390956382553022,0.3423648247177659,0.16666666666666666,0.022222222222222223,0.3333333333333333,0.044444444444444446,0.19999999999999998,0.4444444444444444,0.4777777777777778,0.3739771184797363,185.42,200.66,1.0,9734.666666666666,Dominic Waters
0.2,0.8,0.2,2.8,23.0,49.2,45.8,74.4,2.2,7.2,17.6,42.6,2.8,3.8,2.6,2.8,11.6,33.2,3.8,5.4,7.6,10.6,314.2,780.4,0.4892803842184647,1.7679177874336163,0.6329063930820952,3.5349389613076765,0.4473567548803398,1.3520160011035245,0.36923076923076925,0.23571556659079937,0.7,0.18018621973929236,0.3410461558077266,0.8553776122491206,0.4212121212121212,0.32294089247534313,0.6366666666666667,0.5895992827091524,0.17280915925236223,0.3555555555555555,1.0,0.43244890308527034,180.34,185.42000000000002,1.0,11566.0,Yan Cabral
0.2,0.4,0.0,2.6,39.2,83.6,68.0,116.0,0.6,3.2,19.6,57.8,8.2,12.2,11.2,13.4,29.4,70.2,7.0,8.8,2.4,4.0,113.8,733.6,0.5150232015682772,2.7955555555555556,0.6323073730080362,4.786666666666667,0.29872806286769193,1.3494080996884734,0.5202020202020202,0.5466666666666666,0.849317738791423,0.9555555555555555,0.45813436244062833,2.168888888888889,0.5774603174603175,0.4666666666666666,0.225,0.15999999999999998,0.04,0.08571428571428572,0.5,0.20303703703703704,175.26,180.34,1.0,10552.0,Efrain Escudero
0.2,0.0,0.4,2.2,31.4,75.8,35.2,79.6,0.8,2.4,22.2,64.6,5.8,7.0,3.2,4.0,26.8,68.8,1.2,1.8,3.2,5.0,88.8,599.2,0.3928635449354916,2.7173115355092436,0.43017065157462914,3.1423040043259425,0.3114391843416865,1.885819398203602,0.6785714285714286,0.46302306645162716,0.6084848484848485,0.27653924629261095,0.35016954761179087,2.1855032129760374,0.36,0.13033837293016556,0.5042857142857142,0.32829235320563,0.06620087336244543,0.37333333333333335,0.8933333333333333,0.1469174748989513,187.96,195.58,1.0,10290.8,Clint Hester
0.0,0.25,0.25,3.0,34.75,79.5,68.75,119.25,1.0,5.5,21.75,62.25,9.5,12.75,3.5,4.5,17.5,55.0,8.75,11.25,6.75,9.75,171.75,869.0,0.42319605594531395,2.3815789473684212,0.6192371348621348,4.657903780068728,0.33853775943986,1.4553264604810998,0.7172987616099071,0.6386597938144329,0.6101190476190477,0.23333333333333334,0.2757915400202634,1.1901069518716576,0.7482638888888888,0.5913230240549828,0.5585365853658537,0.5666666666666667,0.06666666666666667,0.1634920634920635,-0.2214285714285714,0.19252004581901488,170.18,172.72,1.0,12533.75,Chris Kelades
0.0,0.5,0.5,2.5,19.0,33.5,39.5,56.0,3.5,8.5,16.0,27.5,2.0,3.5,1.0,2.5,6.5,12.5,4.5,7.5,8.5,13.5,433.0,675.5,0.55,1.6317073170731708,0.6930555555555555,3.4961566888396156,0.5642857142857143,1.398521803399852,0.75,0.16651884700665187,0.25,0.06666666666666667,0.3315508021390374,0.4802139037433155,0.7692307692307692,0.36637102734663707,0.6647058823529413,0.8653362897265335,0.36469792567353543,0.4928571428571428,1.0,0.6126608187134504,177.8,180.34,1.0,9090.5,Michael Graves
0.2,0.2,0.0,1.8,13.4,32.8,19.8,39.6,0.8,3.8,9.4,25.2,1.0,3.0,3.0,4.6,8.4,24.6,1.4,2.2,3.8,6.2,124.8,442.0,0.49368803430475516,2.5137815628043336,0.548528735632184,3.008781562804333,0.46036672140120416,1.8952908546931315,0.4666666666666666,0.2729769685652038,0.507843137254902,0.3455137395459976,0.3127601809954751,1.5725158698213726,0.42000000000000004,0.15444444444444444,0.4424242424242424,0.8189068100358423,0.08462962962962964,0.12380952380952379,0.9666666666666668,0.23131840952440838,187.96,193.04,1.0,12965.2,Gabriel Gonzaga
0.0,0.0,0.25,2.75,27.25,60.0,52.0,90.0,1.5,4.75,16.25,44.75,6.75,9.75,4.25,5.5,22.25,52.25,3.75,6.0,1.25,1.75,168.25,784.25,0.4688347763347763,2.081540808543097,0.5878415712276471,3.8728070175438596,0.3908119391824526,1.277574370709382,0.6375,0.5029748283752861,0.8708333333333333,0.3009916094584287,0.4419355302507476,1.7305491990846682,0.7292207792207792,0.26765827612509535,0.4,0.08333333333333334,0.11666666666666667,0.4017857142857143,-0.26785714285714285,0.21004576659038904,175.26,175.26,2.0,11596.25,Robert Whiteford
0.4,0.2,0.0,2.8,31.0,88.6,36.0,93.6,0.0,0.2,21.4,75.6,4.4,6.8,5.2,6.2,27.6,82.2,2.4,5.4,1.0,1.0,9.2,694.2,0.3392342725896681,2.638296896143552,0.3880484640900567,3.0949640571500283,0.28262383094167204,1.8760760283761915,0.5680952380952381,0.3465972309365458,0.6766666666666666,0.41562363683081466,0.32518101175550074,2.364724541364019,0.2554778554778555,0.18497009244154433,0.4,0.08860226233798828,0.0,0.0,0.6,0.011478439269630134,182.88,182.88,2.0,9503.8,Lucas Martins
0.0,0.2,0.2,2.0,13.4,29.6,27.0,44.2,0.2,1.6,10.6,26.2,1.8,2.0,1.0,1.4,6.2,20.4,5.0,6.6,2.2,2.6,98.0,474.2,0.4914673340358272,2.570487551664022,0.6142895742250583,4.10821805645335,0.4228210678210679,1.8685212826389292,0.5333333333333333,0.19500891265597148,0.52,0.4187522281639929,0.36077294685990335,1.2754100801159625,0.6722689075630253,0.6883422459893048,0.31333333333333335,0.1841711229946524,0.03208556149732621,0.1,0.95,0.2813281421021359,182.88,187.96,1.0,12875.8,Igor Pokrajac
0.0,0.0,0.0,2.0,30.0,72.0,33.333333333333336,76.33333333333333,0.0,2.6666666666666665,9.333333333333334,45.333333333333336,5.666666666666667,7.666666666666667,12.666666666666666,16.666666666666668,23.333333333333332,63.666666666666664,5.0,6.0,1.6666666666666667,2.3333333333333335,50.666666666666664,525.3333333333334,0.442599385347477,3.4878163878163875,0.48152664859981936,4.392342342342342,0.20456982042347896,1.0924495924495925,0.6947496947496946,0.8557700557700557,0.8480456741326307,1.2158730158730158,0.39829378832311385,2.962441012441012,0.5111111111111111,0.35645645645645646,0.2380952380952381,0.1689189189189189,0.0,0.0,1.0,0.13827112827112828,172.72,172.72,1.0,10667.0,Mark Eddiva
0.0,0.0,0.0,1.4,13.6,24.8,31.2,45.4,0.4,1.2,8.2,17.8,2.4,4.4,2.6,3.0,2.2,9.8,4.2,5.6,5.2,7.6,88.6,293.6,0.40677784073605155,1.9449474139153526,0.5027073797537025,3.7133019187532725,0.2873771259166797,1.0597565248742344,0.5439393939393938,0.5314387925050403,0.5599999999999999,0.4221060088084019,0.18428571428571425,1.0328909908656745,0.49736842105263157,0.5253897563830116,0.13877551020408163,0.4533333333333333,0.026666666666666665,0.08,0.8,0.12450653443797674,187.96,190.5,1.0,11866.0,James Te Huna
0.4,0.2,0.0,1.8,11.0,28.0,17.6,35.0,0.4,2.2,8.6,25.0,2.0,2.4,0.4,0.6,5.2,19.0,3.0,5.2,2.6,3.8,55.0,430.8,0.3764420215394728,3.6957617080002962,0.4310708981774619,4.8533333333333335,0.3102486402486403,2.993650367463555,0.4666666666666667,0.2843835616438356,0.13333333333333333,0.026666666666666665,0.279813258636788,2.034700169025455,0.26013071895424833,0.49333333333333335,0.3833333333333333,0.7370521833447155,0.026666666666666665,0.10666666666666666,1.0,0.07429528158295282,190.5,200.66,2.0,13126.6,Frank Mir
1.0,0.0,0.0,2.3333333333333335,38.333333333333336,85.0,64.0,112.66666666666667,0.3333333333333333,1.0,23.666666666666668,63.0,6.333333333333333,12.0,8.333333333333334,10.0,27.333333333333332,70.0,6.333333333333333,9.0,4.666666666666667,6.0,109.0,646.3333333333334,0.47191697191697196,3.7721822541966428,0.5718628339236197,5.969944044764188,0.352725669392336,1.942765787370104,0.6305555555555555,0.9777777777777777,0.7205513784461153,0.7988808952837729,0.4171957671957672,2.795523581135092,0.8055555555555555,0.6655475619504396,0.5714285714285715,0.3111111111111111,0.022222222222222223,0.1111111111111111,0.6666666666666666,0.1555822009059419,182.88,185.42,1.0,9659.666666666666,Richard Walsh
0.5,0.25,0.0,2.5,38.0,89.5,59.5,114.75,1.25,3.0,23.5,69.25,9.0,13.25,5.25,6.25,26.0,70.75,6.0,9.25,5.25,9.0,147.25,699.0,0.46813511090952287,4.208333333333334,0.5610330423092004,5.641666666666667,0.39618275091136934,2.8229166666666665,0.6883928571428571,0.7562500000000001,0.9,0.6291666666666667,0.4166491668066655,2.85,0.4041666666666667,0.45,0.4613095238095238,0.9083333333333333,0.09999999999999999,0.28125,0.96875,0.20548611111111112,180.34,190.5,1.0,11235.25,Viscardi Andrade
0.0,0.0,0.0,2.3333333333333335,49.333333333333336,103.0,56.333333333333336,114.33333333333333,2.0,8.333333333333334,17.333333333333332,62.333333333333336,9.333333333333334,14.333333333333334,17.666666666666668,21.666666666666668,45.333333333333336,95.66666666666667,3.6666666666666665,6.666666666666667,0.3333333333333333,0.6666666666666666,159.66666666666666,603.0,0.4891180885156789,4.720686540198735,0.5101026530759777,5.532068654019874,0.28114478114478114,1.658536585365854,0.6477272727272728,0.8834688346883469,0.8616732105104198,1.9185185185185185,0.48454388867922704,4.326106594399278,0.35714285714285715,0.3403794037940379,0.3333333333333333,0.05420054200542005,0.19494128274616082,0.2333333333333333,1.0,0.31498375568551,182.88,185.42,1.0,11370.333333333334,Marcelo Guimaraes
0.4,0.6,0.0,2.2,17.0,50.0,20.6,54.2,0.6,3.4,13.6,45.8,1.6,2.4,1.8,1.8,13.2,44.4,3.6,5.2,0.2,0.4,119.2,512.0,0.3991763791763792,2.917476435842654,0.44048110316649636,3.2861983159482215,0.34461502930223153,2.515360060324243,0.5,0.2353885467722341,0.6,0.16672782874617736,0.31693132425383946,2.3163956264923966,0.5000000000000001,0.36108080935025766,0.2,0.24,0.04,0.25,0.5142857142857142,0.19276332509460575,182.88,187.96,2.0,11206.6,Tom Lawlor
0.0,0.0,0.0,1.6,20.0,51.4,23.0,54.4,0.8,3.6,12.8,39.8,3.0,5.2,4.2,6.4,14.8,44.0,4.0,5.4,1.0,1.4,24.8,380.8,0.3972636961761449,2.8665539022039814,0.49065460809646855,3.7874510818619873,0.28790359489185796,1.7430067887322025,0.6257575757575757,0.46144379227546983,0.5423076923076924,0.6144539394393338,0.3279805676989812,1.8440669983456086,0.4993006993006993,0.6900197238658777,0.32,0.25451476793248945,0.08428044280442805,0.26666666666666666,0.8,0.0726451400234173,172.72,177.8,2.0,11658.4,Justin Salas
0.0,0.0,0.0,1.5,13.75,40.25,23.0,50.5,1.0,4.0,10.25,36.25,2.0,2.5,0.75,1.0,9.0,33.75,3.0,4.75,1.5,1.75,99.0,345.0,0.3400549725137431,1.3820440362651596,0.4294996652905005,2.7859649122807015,0.25,0.9101335187258013,0.41666666666666663,0.20526315789473684,0.375,0.1219298245614035,0.16107007319056654,0.6802139037433156,0.5763888888888888,0.4812681309573146,0.45833333333333337,0.13596491228070173,0.10263157894736842,0.125,0.625,0.2118859649122807,177.8,182.88,1.0,10122.5,Chris Dempsey
0.0,0.6666666666666666,0.3333333333333333,2.3333333333333335,23.666666666666668,62.666666666666664,66.66666666666667,115.33333333333333,0.6666666666666666,4.0,15.0,50.333333333333336,3.3333333333333335,3.6666666666666665,5.333333333333333,8.333333333333334,15.666666666666666,51.333333333333336,2.6666666666666665,4.333333333333333,5.333333333333333,7.0,143.66666666666666,628.0,0.5384554495344185,2.4412698412698415,0.6801713947990544,6.81904761904762,0.48302945301542777,1.6476190476190478,0.6333333333333333,0.4380952380952381,0.21333333333333335,0.35555555555555557,0.36988818515912114,1.3047619047619048,0.5277777777777778,0.17777777777777778,0.8958333333333334,1.0031746031746032,0.15555555555555556,0.3611111111111111,1.0,0.3179365079365079,170.18,167.64000000000001,1.0,9670.666666666666,Mike Wilkinson
0.0,1.6,0.2,2.8,21.4,48.8,47.0,77.8,1.0,5.4,10.6,34.8,3.2,4.8,7.6,9.2,18.0,44.6,1.4,1.8,2.0,2.4,218.0,813.8,0.5049888211889938,1.4785964912280702,0.6357104772060783,3.4886709310589907,0.3585795599749088,0.7311727078891257,0.65,0.21333333333333337,0.7908780108780109,0.5311727078891257,0.453474025974026,1.236759061833689,0.5599999999999999,0.09333333333333334,0.5083333333333333,0.1455863539445629,0.07891968727789624,0.35555555555555557,0.7555555555555555,0.3165730994152047,175.26,180.34,1.0,12381.2,Yaotzin Meza
0.0,0.0,0.0,2.8,33.2,104.6,37.8,109.4,1.6,6.4,21.4,83.2,7.2,13.4,4.6,8.0,22.2,84.6,5.6,9.4,5.4,8.8,206.4,824.2,0.3167006944032287,2.5431094049904033,0.351109778810646,2.997671145233525,0.2528918793624676,1.6691490722968652,0.5269151138716356,0.5284964811260396,0.5272727272727272,0.34546385156749837,0.24383632043603348,1.5284964811260395,0.4722875816993465,0.42182981445937295,0.3021276595744681,0.5927831094049905,0.12606525911708252,0.36666666666666664,1.0,0.2637658349328215,180.34,177.8,2.0,10380.6,Norman Parke
0.0,0.0,0.0,1.4,6.2,12.0,12.0,18.2,0.6,1.0,4.2,9.0,0.8,1.0,0.8,1.0,3.2,7.0,2.0,2.6,0.6,0.8,61.2,256.0,0.44159420289855067,1.2544360902255638,0.5145861655337864,1.8172431077694235,0.3615288220551378,0.8762907268170427,0.3,0.15428571428571428,0.35,0.12633093525179856,0.3751289989680083,0.9480808974307425,0.35,0.20633093525179858,0.15,0.04,0.11933075933075935,0.4,0.7,0.1632933653077538,182.88,177.8,2.0,10702.4,Joe Riggs
0.25,0.25,0.0,2.0,16.25,39.0,20.0,43.5,0.0,2.75,10.25,29.25,3.5,6.5,2.0,2.25,14.5,35.5,1.0,1.75,0.25,0.25,59.0,510.0,0.45993511824792616,1.4463035221892722,0.5017566484812473,1.9666666666666668,0.37208524114774116,0.9483880315873361,0.2971014492753623,0.23333333333333334,0.2222222222222222,0.13333333333333333,0.41628108733371894,1.2116279069767444,0.35,0.06666666666666667,0.25,0.016666666666666666,0.0,0.0,0.85,0.06555555555555556,175.26,185.42000000000002,1.0,11592.25,Daniel Sarafian
0.0,0.2,0.0,2.6,26.6,56.2,56.2,92.2,1.4,3.6,15.6,43.0,4.4,5.8,6.6,7.4,11.0,35.6,9.0,13.8,5.6,6.8,215.4,760.2,0.5191064555267342,2.654328358208955,0.6259564164648911,4.980099502487562,0.4224457412580941,1.6891542288557215,0.7864935064935066,0.43243781094527367,0.7101086048454469,0.5327363184079601,0.30823096388313775,0.8260696517412935,0.521050505050505,0.8266666666666665,0.4763888888888889,0.37333333333333335,0.09333333333333334,0.2442857142857143,0.9714285714285715,0.32014558785022257,187.96,190.5,1.0,10519.0,Jared Rosholt
0.0,1.6666666666666667,0.3333333333333333,2.0,14.666666666666666,42.0,36.666666666666664,67.33333333333333,1.6666666666666667,4.666666666666667,8.0,31.666666666666668,2.0,4.333333333333333,4.666666666666667,6.0,10.666666666666666,36.666666666666664,1.6666666666666667,2.3333333333333335,2.3333333333333335,3.0,147.66666666666666,460.6666666666667,0.4413919413919414,2.394862109027656,0.5547729243381417,4.560551953320222,0.34484642703820784,1.2099421695192476,0.5277777777777778,0.5234197220761856,0.8111111111111112,0.6615002174322228,0.37298166392993976,1.5551505474748655,0.5555555555555555,0.5650641587320132,0.5333333333333333,0.27464740282077743,0.15080839353285172,0.411764705882353,1.0,0.3294852812718379,175.26,175.26,1.0,11150.0,Noad Lahat
0.2,0.0,0.0,2.2,29.0,74.8,34.4,80.4,0.0,0.0,15.4,49.2,8.8,15.0,3.6,6.6,25.6,70.8,3.0,3.4,0.4,0.6,0.6,587.8,0.4952256865872259,3.9312280701754387,0.5231765912106469,4.797894736842105,0.4529050230587062,2.4708771929824564,0.3116605616605617,0.6666666666666667,0.35196687370600416,0.6736842105263158,0.4631677966381287,3.314385964912281,0.5733333333333334,0.25684210526315787,0.13333333333333333,0.49266862170087977,0.0,0.0,-0.6,0.02,177.8,177.8,1.0,11566.0,KJ Noons
0.2,0.0,0.0,2.2,16.6,37.2,23.0,43.8,0.0,0.2,13.6,32.4,1.4,2.2,1.6,2.6,11.2,29.8,3.2,4.8,2.2,2.6,7.4,558.4,0.4725405584421978,3.6746303382732792,0.5639077209079366,4.5838102648338666,0.4521436352318705,2.9488969237063114,0.5,0.596878091889763,0.7,0.42951127544539836,0.3898951838800036,1.9666305338130357,0.5700000000000001,0.48988098325696666,0.575,0.46459153249850915,0.0,0.0,0.0,0.015511429139336116,185.42,187.96,1.0,12564.4,Rafael Cavalcante
0.0,0.0,0.0,2.0,19.0,57.0,20.5,58.5,0.0,0.5,9.0,43.0,5.0,8.0,5.0,5.5,17.5,53.5,1.0,2.0,0.0,0.0,2.5,500.5,0.5219298245614035,1.497029702970297,0.5727272727272728,1.7999999999999998,0.12997432605905007,0.6,0.8,0.597029702970297,0.45454545454545453,0.3333333333333333,0.47978806907378335,1.4303630363036304,0.25,0.06666666666666667,0.0,0.0,0.0,0.0,0.0,0.002777777777777778,177.8,177.8,1.0,10596.0,Masio Fullen
0.5,0.0,0.0,2.0,22.5,64.25,25.0,66.75,0.25,2.5,12.5,47.75,3.25,8.25,6.5,8.25,16.5,54.5,4.5,7.25,1.25,2.5,48.5,515.5,0.3161864377910994,2.386733586543679,0.3402154346538969,2.6718213058419242,0.23250133931070144,1.4398625429553265,0.3090909090909091,0.3379725085910653,0.41458333333333336,0.49398625429553267,0.2617746469592976,1.6693165738647848,0.303030303030303,0.30000000000000004,0.25,0.3259450171821306,0.016666666666666666,0.03125,0.75,0.0753739158893798,193.04,193.04,1.0,9284.0,Matt Dwyer
0.6,0.0,0.0,1.4,15.6,34.6,16.6,36.0,0.0,0.4,11.8,30.4,1.0,1.4,2.8,2.8,11.6,28.0,2.0,4.2,2.0,2.6,7.0,289.8,0.502740481799181,5.306450165410793,0.5187397774834108,5.965467165158966,0.4524481658692185,4.300162350157036,0.4,0.18779976401407455,0.6,0.3670072518711246,0.47839646169433403,3.128850828444396,0.18666666666666668,0.3493387853504615,0.325,1.1985509746420564,0.0,0.0,0.6,0.05995787008824249,190.5,200.66,3.0,13299.4,Matt Mitrione
0.2,0.2,0.0,2.4,23.2,61.2,31.0,69.6,2.0,5.4,13.0,45.0,5.8,11.0,4.4,5.2,16.8,51.2,3.6,5.8,2.8,4.2,80.8,636.2,0.3824017498921274,2.5456645309321266,0.42598518901149474,3.100988211312116,0.2907868203662406,1.38750837614769,0.536547619047619,0.7974229203486053,0.6766666666666667,0.36073323443583155,0.33790847415380953,1.9069875864182364,0.5700000000000001,0.4509895441949112,0.3358974358974359,0.18768740031897926,0.14972886762360446,0.3083333333333333,0.95,0.10416584312121605,172.72,182.88,3.0,10878.0,Daron Cruickshank
0.0,0.5,0.0,2.0,14.0,20.5,25.5,33.0,0.5,0.5,13.5,20.0,0.0,0.0,0.5,0.5,4.0,10.0,0.0,0.0,9.5,10.5,33.5,549.0,0.5635964912280702,1.5242424242424244,0.6083333333333334,2.290909090909091,0.5333333333333333,1.4909090909090907,0.0,0.0,0.5,0.03333333333333333,0.39583333333333337,0.8575757575757575,0.0,0.0,0.47619047619047616,0.6666666666666666,0.15151515151515152,0.5,-1.0,0.06085858585858586,180.34,177.8,2.0,10971.0,Tony Sims
0.2,0.2,0.0,1.4,21.4,43.8,25.4,49.2,1.0,2.0,14.4,34.0,4.8,6.6,2.2,3.2,15.2,34.4,3.8,4.8,2.4,4.6,41.4,320.8,0.49429381534644695,4.231342878614861,0.5370902398920345,5.433888677422188,0.42952952445345954,2.8758485624617816,0.7718181818181817,1.0513501010160162,0.42666666666666664,0.2593657950985272,0.4016216387894129,3.107708644433383,0.5877777777777778,0.8234013605442178,0.5333333333333334,0.779568162004806,0.15524961203993792,0.36666666666666664,0.9,0.1856708537073366,170.18,165.1,1.0,10122.2,Diego Brandao
0.0,0.0,0.0,2.0,21.0,51.666666666666664,38.666666666666664,74.0,2.0,5.333333333333333,16.0,41.333333333333336,4.333333333333333,9.333333333333334,0.6666666666666666,1.0,3.6666666666666665,14.333333333333334,6.666666666666667,12.0,8.666666666666666,12.666666666666666,268.0,557.6666666666666,0.404951378491599,4.007656621707439,0.5170275865928039,5.486288009179575,0.35662525879917184,2.8730505466458625,0.3182957393483709,0.3254924459743737,0.5,0.056645630139606044,0.22034632034632037,0.3742971887550201,0.37777777777777777,0.5176515586154141,0.1506849315068493,1.1764705882352942,0.23968014916810096,0.5909090909090909,0.9090909090909092,0.5722659067766471,185.42,180.34,2.0,11159.666666666666,Sheldon Westcott
0.0,0.25,0.0,1.5,17.5,64.25,20.75,67.75,1.0,1.75,13.75,59.0,2.0,3.0,1.5,1.75,11.25,54.75,1.75,3.0,4.25,5.75,53.75,388.25,0.3912443693693694,2.656649736812299,0.4267660559380714,3.553715030014724,0.36870015010978174,2.175457653754672,0.2777777777777778,0.17839506172839506,0.625,0.24934307396081096,0.2580570902394107,1.186110049269453,0.5446428571428572,0.3039925246347265,0.37884615384615383,1.1130932155396986,0.1942251775585109,0.4583333333333333,0.75,0.22761647223166082,177.8,180.34,1.0,10384.0,Edgar Garcia
0.0,0.0,0.0,2.6666666666666665,65.66666666666667,135.0,121.0,190.66666666666666,0.6666666666666666,1.6666666666666667,40.333333333333336,100.33333333333333,12.333333333333334,18.0,18.0,22.666666666666668,49.666666666666664,116.33333333333333,12.333333333333334,17.333333333333332,7.333333333333333,7.666666666666667,179.0,762.3333333333334,0.5531941031941032,6.451779058457471,0.6423964914441922,10.298927675108372,0.45294635294635294,4.186173853524983,0.6178506375227687,1.1137272796410373,0.84014652014652,1.5333333333333332,0.4671034671034671,4.563715376920242,0.7388888888888889,1.2295231576545744,0.9666666666666667,0.6208076659822038,0.044444444444444446,0.4166666666666667,0.6666666666666666,0.22621492128678986,165.1,167.64000000000001,1.0,10763.666666666666,Sarah Kaufman
0.2,0.2,0.4,2.6,30.4,81.0,36.4,87.6,0.8,5.0,20.8,68.0,4.0,6.4,5.6,6.6,26.8,74.6,2.8,3.4,0.8,3.0,173.6,690.0,0.4311420701649327,2.718876761867416,0.4728889986929771,3.2150761388144566,0.3300535682822551,1.5905644511251986,0.5786868686868687,0.45592575648650413,0.6732467532467533,0.6723865542557131,0.4040992711113665,2.286478007973335,0.37142857142857144,0.37906542056074766,0.17333333333333334,0.05333333333333333,0.05333333333333333,0.11666666666666665,0.8333333333333334,0.24053473246980378,175.26,180.34,1.0,12950.0,Danny Castillo
0.0,0.3333333333333333,0.0,3.0,22.333333333333332,49.666666666666664,36.666666666666664,66.0,0.3333333333333333,1.6666666666666667,12.0,35.666666666666664,8.333333333333334,11.666666666666666,2.0,2.3333333333333335,16.666666666666668,43.0,3.0,3.3333333333333335,2.6666666666666665,3.3333333333333335,38.666666666666664,808.3333333333334,0.4367063492063492,1.5795674869500373,0.5632905711666315,2.659555555555556,0.27735042735042736,0.8712357217030116,0.7333333333333334,0.624,0.6,0.13333333333333333,0.33360389610389607,1.1333333333333335,0.5833333333333334,0.25866666666666666,0.26666666666666666,0.17777777777777778,0.022222222222222223,0.08333333333333333,0.3333333333333333,0.04377777777777778,182.88,190.5,2.0,9411.333333333334,Marcio Alexandre Junior
0.4,0.0,0.0,2.2,17.4,48.6,28.8,62.2,1.2,4.2,13.4,43.0,2.4,3.8,1.6,1.6,11.0,35.8,4.6,8.8,1.8,3.8,214.0,534.4,0.39097332345651914,2.341742207268342,0.490660543373677,3.438396609230695,0.3506289468950303,1.957214931632444,0.46769230769230774,0.23086012904601932,0.6,0.15366714658987896,0.32588392366292307,1.6674244981018091,0.4525,0.4603167493201088,0.36666666666666664,0.2140009598464246,0.16,0.3,0.9,0.38523787505827023,172.72,180.34,1.0,12097.0,Mike Pierce
0.2,0.0,0.0,2.4,31.0,55.2,56.0,82.0,1.2,2.0,16.4,37.8,5.2,7.0,9.6,10.6,21.0,39.4,9.6,15.4,0.4,0.4,107.6,631.6,0.575846515469157,3.29024262682766,0.6532553510534649,5.005008981967848,0.367950523654749,1.3765732087227414,0.5668181818181818,0.41881619937694703,0.9026515151515152,1.0750155763239875,0.5496640537513998,2.3046028605862157,0.6844525844525844,0.9589730995747777,0.4,0.026666666666666665,0.12,0.4,1.0,0.18073435356360523,170.18,182.88,1.0,11667.0,John Howard
0.4,0.4,0.2,2.6,43.8,85.6,68.2,120.8,1.4,3.4,31.4,70.8,6.2,7.6,6.2,7.2,29.0,68.0,2.0,2.0,6.8,9.6,150.8,739.4,0.5360174333127755,3.7873608398775636,0.5728565002249212,5.847154471544715,0.46352537938003574,2.7868788520934618,0.8550000000000001,0.5569945014611987,0.9266666666666665,0.4434874863229041,0.4900154210512523,2.229234498137145,0.8,0.16520325203252034,0.7052631578947368,0.8838881338960018,0.11637788950291546,0.52,0.4666666666666667,0.22302638710597633,177.8,185.42000000000002,2.0,10029.4,Dongi Yang
0.0,0.0,0.0,2.6,44.0,108.8,58.2,126.4,0.8,2.2,33.8,95.6,3.4,4.2,6.8,9.0,34.0,92.2,1.4,2.6,7.4,10.0,125.2,742.4,0.36845675607717093,3.013809523809524,0.4186100694285134,4.053333333333333,0.3047849044007898,2.2533333333333334,0.6222222222222221,0.22666666666666666,0.5707419017763845,0.5471428571428572,0.3313912808928743,2.3604761904761906,0.3928571428571429,0.09333333333333332,0.29022988505747127,0.56,0.05333333333333333,0.18,1.0,0.13911111111111113,177.8,190.5,1.0,13420.0,Yoshihiro Akiyama
0.2,0.6,0.2,3.4,53.0,110.4,74.8,134.4,1.4,4.2,19.0,66.0,14.8,21.2,12.8,17.4,45.4,100.4,5.0,8.0,2.0,2.0,172.4,750.2,0.4511617234993285,3.550095266115748,0.5181640442127481,4.625175235768191,0.26310008668836105,1.1571550331081308,0.6963569223204111,1.0647147954894867,0.7895693779904306,0.9948921041847969,0.428109715195374,3.1986842968186395,0.4109523809523809,0.24580164606682225,0.6,0.10560932323028611,0.06792952836440116,0.23666666666666666,0.8,0.14136356384590723,175.26,177.8,2.0,11379.6,Benson Henderson
0.0,0.0,0.0,3.0,73.0,181.33333333333334,81.0,201.33333333333334,1.3333333333333333,3.3333333333333335,51.0,149.0,11.0,20.333333333333332,11.0,12.666666666666666,66.66666666666667,169.0,6.333333333333333,10.666666666666666,0.0,0.3333333333333333,97.0,900.0,0.3794732877641631,4.866666666666666,0.41236807470169995,5.400000000000001,0.31817854272331697,3.4,0.5034188034188034,0.7333333333333334,0.8820512820512821,0.7333333333333334,0.3705999590468106,4.444444444444444,0.4151515151515151,0.4222222222222222,0.0,0.0,0.08888888888888889,0.13333333333333333,1.0,0.10777777777777779,182.88,185.42,1.0,10814.666666666666,Valmir Lazaro
0.2,0.0,0.2,2.0,19.8,50.2,33.0,66.0,1.6,3.8,13.4,42.0,3.8,5.2,2.6,3.0,12.4,39.0,5.2,8.0,2.2,3.2,119.0,552.2,0.3523888782977226,1.9777294651582742,0.42316979913844416,3.054601808501206,0.2690652204612455,1.291316791017477,0.5095238095238095,0.30556038778653616,0.9,0.38085228635426094,0.3055066620492083,1.3878101030127634,0.2833333333333333,0.3466666666666667,0.5833333333333333,0.24325269547884387,0.14840025285254968,0.3,0.8,0.15182437860529735,165.1,167.64000000000001,1.0,11785.8,Scott Jorgensen
0.2,0.0,0.0,1.4,5.8,19.2,6.8,20.6,0.0,0.4,4.8,17.4,0.0,0.4,0.6,0.6,4.0,15.8,0.0,0.4,1.4,2.4,1.2,256.0,0.3882772958635028,3.026355210784741,0.4118838737020555,3.8401298701298705,0.34144796380090503,2.43657773159799,0.0,0.0,0.2,0.04,0.3637506894649752,2.069090909090909,0.0,0.0,0.11666666666666667,0.49266862170087977,0.0,0.0,0.7,0.08571428571428572,190.5,190.5,1.0,13719.2,Anthony Perosh
0.5,0.25,0.0,2.25,24.25,53.5,39.25,70.25,0.75,0.75,12.75,37.5,6.5,9.25,5.0,6.75,17.5,43.5,1.0,1.75,5.75,8.25,43.5,628.0,0.46103798676468233,3.198809523809524,0.5295416642466583,4.298809523809524,0.361034255599473,1.9297619047619046,0.5688131313131313,0.6761904761904762,0.7847222222222223,0.5928571428571429,0.40089696165547556,2.0625,0.5416666666666666,0.3011904761904762,0.7739661654135338,0.8351190476190476,0.13333333333333333,0.5,0.0,0.15280753968253968,177.8,180.34,2.0,11724.25,Akbarh Arreola
0.0,0.3333333333333333,0.3333333333333333,2.3333333333333335,46.666666666666664,101.66666666666667,61.666666666666664,117.66666666666667,1.6666666666666667,1.6666666666666667,31.666666666666668,82.66666666666667,7.333333333333333,11.333333333333334,7.333333333333333,7.666666666666667,38.666666666666664,91.66666666666667,4.666666666666667,6.666666666666667,3.0,3.3333333333333335,36.333333333333336,600.3333333333334,0.40356240004127325,4.063278382311418,0.6021984551396317,5.883425007909554,0.3277513047424552,2.709639173698696,0.42424242424242425,0.6511326860841424,0.9523809523809524,0.5981794687067595,0.38197765228883823,3.283090328999279,0.4603174603174603,0.41251348435814456,0.6,0.24056094929881336,0.1313915857605178,0.6666666666666666,1.0,0.05135562747213233,167.64000000000001,175.26,1.0,11476.0,Richie Vaculik
0.3333333333333333,0.0,0.3333333333333333,3.0,44.666666666666664,141.33333333333334,57.0,155.66666666666666,2.6666666666666665,8.0,30.666666666666668,118.66666666666667,12.333333333333334,21.0,1.6666666666666667,1.6666666666666667,32.666666666666664,118.66666666666667,8.0,16.0,4.0,6.666666666666667,326.3333333333333,900.0,0.3148202674518464,2.977777777777778,0.35195618153364633,3.7999999999999994,0.25334622616169755,2.0444444444444447,0.5795169082125603,0.8222222222222223,0.6666666666666666,0.11111111111111112,0.27782019395762236,2.1777777777777776,0.6309041835357624,0.5333333333333333,0.38888888888888884,0.26666666666666666,0.24444444444444446,0.36904761904761907,-0.4166666666666667,0.367037037037037,167.64000000000001,170.18,1.0,10718.0,Danny Martinez
0.0,0.2,0.0,2.8,47.8,104.8,90.2,151.6,2.0,5.0,23.6,67.2,15.4,23.0,8.0,12.2,30.0,75.4,10.2,17.2,5.6,7.4,190.0,741.2,0.4812843833781799,3.822210917956805,0.6148986678630032,7.707318782330165,0.3755254882489242,1.939682430594333,0.6218383367839889,1.2396758853019323,0.6715029999240525,0.6428526020605398,0.4305728587319243,2.320279238537045,0.4442912093066892,0.9603706680902679,0.6916666666666667,0.5015610113294922,0.16996700763549266,0.3727272727272727,0.13737373737373737,0.29379577733187967,175.26,180.34,1.0,9937.0,Piotr Hallmann
0.0,0.2,0.0,2.6,57.4,116.2,82.4,137.8,0.2,0.2,37.2,86.4,17.2,24.6,0.6,0.8,43.6,98.8,10.2,15.0,0.2,0.4,46.0,733.6,0.47152671104284005,4.845714285714286,0.5369001378184799,6.2057142857142855,0.4394637572496012,3.5390476190476194,0.5227614379084968,1.2666666666666668,0.5,0.04,0.42957107105625764,3.785832628909552,0.5613617376775271,0.8,0.1,0.013333333333333332,0.013333333333333332,0.2,1.0,0.05111111111111112,185.42,190.5,1.0,12603.2,Fabio Maldonado
0.0,0.0,0.0,3.0,33.5,84.25,44.5,97.0,0.75,4.25,20.75,65.25,6.5,11.75,6.25,7.25,29.75,77.25,3.25,5.75,0.5,1.25,106.25,900.0,0.3996916980434027,2.2333333333333334,0.4638813719171201,2.966666666666667,0.3127128565346956,1.3833333333333333,0.5083333333333333,0.43333333333333335,0.8601190476190477,0.41666666666666663,0.3851501447078658,1.9833333333333334,0.625,0.21666666666666667,0.25,0.03333333333333333,0.05,0.09821428571428571,0.6830357142857143,0.11805555555555555,180.34,180.34,1.0,11718.0,Gasan Umalatov
0.5,0.0,0.0,2.0,38.75,87.0,45.75,96.25,0.0,0.0,29.75,71.0,8.75,14.75,0.25,0.5,31.75,75.75,3.25,5.5,3.75,5.75,32.5,499.75,0.5260504201680672,4.377627833877834,0.5577262782594603,4.941249628749628,0.4935347484991157,3.4692808880308874,0.6632882882882882,0.8916802791802791,0.125,0.016666666666666666,0.4777729384436701,3.400834742180896,0.3,0.2773648648648649,0.6547619047619048,0.6502518315018315,0.0,0.0,0.25,0.08241758241758242,182.88,187.96,1.0,10955.5,Edimilson Souza
0.0,0.2,0.0,2.6,34.2,73.4,46.4,87.0,1.8,7.2,9.6,42.4,7.0,10.4,15.4,20.0,26.4,63.4,7.6,9.6,0.0,0.4,174.8,775.4,0.4289470837041815,2.429939831528279,0.5025289001131872,3.33323706377858,0.18620155866339277,0.6999759326113116,0.5586080586080586,0.5266425992779784,0.7384693232131563,1.2033212996389893,0.3740580103008946,1.8499638989169676,0.8096666666666668,0.5799759326113116,0.0,0.0,0.12,0.1280112044817927,1.0,0.20871640593662258,185.42,190.5,1.0,10098.6,Cathal Pendred
0.3333333333333333,0.0,0.0,1.3333333333333333,15.666666666666666,42.666666666666664,18.0,45.666666666666664,1.3333333333333333,1.6666666666666667,9.666666666666666,36.0,3.6666666666666665,4.0,2.3333333333333335,2.6666666666666665,8.666666666666666,30.0,5.666666666666667,7.333333333333333,1.3333333333333333,5.333333333333333,82.66666666666667,304.3333333333333,0.3893942218080149,3.3995314372888736,0.4197222222222223,4.02473575242454,0.2738095238095238,2.2839707965566087,0.625,0.6045003813882532,0.6666666666666666,0.5110602593440122,0.33086820586820587,1.7075296937997166,0.7222222222222222,1.1683847299407941,0.2380952380952381,0.48735970360684316,0.24202898550724639,0.5833333333333334,0.8333333333333334,0.30254682600220356,167.64000000000001,170.18,1.0,9940.666666666666,Jon Delos Reyes
0.25,0.75,0.5,2.25,20.0,47.25,41.5,69.75,2.0,4.75,11.0,31.75,5.5,10.25,3.5,5.25,13.0,37.0,0.5,1.5,6.5,8.75,307.25,633.75,0.42398467432950193,2.143610082848581,0.5864079268684532,4.3765644279922435,0.3371843434343434,1.245117221928433,0.48084415584415585,0.4519125683060109,0.6166666666666667,0.4465802926141371,0.35054347826086957,1.3784505552617663,0.20833333333333331,0.043989071038251365,0.7524420024420023,0.7211704565485634,0.17595628415300546,0.3194444444444444,1.0,0.5073462013044244,177.8,175.26,1.0,9798.75,Paddy Holohan
0.0,0.0,1.0,3.0,39.0,111.66666666666667,49.0,122.66666666666667,0.0,1.3333333333333333,25.666666666666668,93.33333333333333,5.333333333333333,8.666666666666666,8.0,9.666666666666666,35.0,105.0,0.0,1.0,4.0,5.666666666666667,154.66666666666666,900.0,0.3745167935603822,2.6,0.42717056869816816,3.266666666666667,0.30070045552803215,1.7111111111111112,0.5972222222222222,0.35555555555555557,0.8357142857142857,0.5333333333333333,0.36015978196285103,2.3333333333333335,0.0,0.0,0.5625,0.26666666666666666,0.0,0.0,0.22222222222222224,0.17185185185185184,180.34,185.42,1.0,10198.0,Mickael Lebout
0.4,0.0,0.0,1.6,14.4,35.4,27.8,50.0,0.8,3.0,9.8,28.8,2.0,3.8,2.6,2.8,6.6,24.2,4.0,6.2,3.8,5.0,107.2,363.4,0.3955324990388104,2.7334006420686703,0.47082786838722346,4.663341564697316,0.3395760643438662,2.1090548749261657,0.38333333333333336,0.23574648138772858,0.5,0.3885992857547758,0.28837520577055453,1.4385567993225072,0.3760683760683761,0.5064160227578519,0.2912280701754386,0.7884278199883109,0.10599742599742601,0.17222222222222222,1.0,0.2082699545490184,182.88,190.5,2.0,10966.6,Shawn Jordan
0.0,0.0,0.0,3.0,59.0,116.5,68.0,125.5,0.0,0.0,46.0,102.0,7.0,7.5,6.0,7.0,53.5,109.0,5.0,7.0,0.5,0.5,41.0,900.0,0.5068891836133216,3.9333333333333336,0.5376668785759695,4.533333333333333,0.45198500432567534,3.0666666666666664,0.9166666666666667,0.4666666666666667,0.875,0.4,0.49544534412955465,3.566666666666667,0.625,0.3333333333333333,0.5,0.03333333333333333,0.0,0.0,0.0,0.04555555555555555,190.5,198.12,1.0,10293.0,Ruslan Magomedov
0.0,1.0,0.2,2.8,40.4,100.8,55.8,119.2,0.4,0.8,19.4,71.0,13.4,20.6,7.6,9.2,29.6,82.6,8.2,13.2,2.0,3.8,84.6,809.8,0.3752341502239321,2.773689680772086,0.46140224822891873,3.8941054194506313,0.22800670794633643,1.3067260579064588,0.6596687797926187,0.9201187824795841,0.7033333333333334,0.546844840386043,0.3363850184294475,2.026904231625835,0.6862032085561498,0.6134521158129176,0.2857142857142857,0.13333333333333336,0.026666666666666665,0.2,0.8,0.09466963622865628,162.56,165.1,2.0,12208.2,Chris Cariaso
0.0,0.0,0.3333333333333333,2.3333333333333335,28.0,65.66666666666667,38.666666666666664,77.33333333333333,0.6666666666666666,3.0,13.0,40.666666666666664,3.6666666666666665,9.0,11.0,16.0,18.666666666666668,52.333333333333336,6.666666666666667,9.333333333333334,2.0,3.0,83.0,622.6666666666666,0.3993217355286321,2.150877192982456,0.4504873294346978,3.0,0.23931623931623933,0.9379023883696781,0.2722222222222222,0.24444444444444446,0.6304347826086957,1.0619883040935674,0.3561649118747348,1.5730994152046784,0.44637681159420284,0.4444444444444444,0.5238095238095238,0.13333333333333333,0.044444444444444446,0.09523809523809523,0.7619047619047619,0.1415204678362573,175.26,177.80000000000004,1.0,12116.666666666666,Francisco Trevino
0.0,0.2,0.6,3.0,46.6,118.8,64.2,138.0,0.4,2.0,39.2,108.6,5.2,7.8,2.2,2.4,36.4,102.0,5.2,7.6,5.0,9.2,117.0,862.0,0.4212918087179946,3.1887323943661974,0.49908122729842264,4.401314553990611,0.3778692753890651,2.656150234741784,0.549033189033189,0.3609389671361502,0.775,0.17164319248826293,0.36934376522024215,2.48018779342723,0.7754061624649861,0.35737089201877936,0.63109243697479,0.3511737089201878,0.030234741784037556,0.16666666666666666,0.6,0.1524788732394366,167.64000000000001,167.64000000000001,1.0,10773.0,Chico Camus
0.0,0.6,0.6,2.4,11.0,35.2,35.2,60.4,0.6,3.6,6.0,24.8,0.8,3.2,4.2,7.2,8.0,29.8,0.8,2.4,2.2,3.0,130.8,646.2,0.30053946053946057,1.0024348077238623,0.5102795126575158,2.859069475685321,0.21687159813758278,0.5424447690365918,0.20666666666666664,0.06303262955854126,0.572121212121212,0.3969574091287294,0.26831673761021585,0.7700194621159384,0.18666666666666668,0.06303262955854126,0.3777777777777777,0.1693827160493827,0.05135802469135803,0.325,0.14285714285714288,0.16985434769422586,172.72,167.64000000000001,2.0,10983.8,Naoyuki Kotani
0.0,0.25,0.25,1.25,14.75,33.75,15.75,35.25,0.25,0.25,9.75,26.5,1.75,3.25,3.0,3.75,13.5,31.5,0.5,1.0,0.0,0.0,18.25,200.75,0.4733974358974359,3.2480430159373657,0.49505537974683544,3.4485385697360202,0.24020224678119417,1.877114334685356,0.29375,0.35696776565755606,0.725,1.06500675449076,0.455518018018018,3.172666131515255,0.125,0.07537688442211055,0.0,0.0,0.03768844221105527,0.25,0.75,0.07138188036582448,172.72,167.64000000000001,1.0,12120.5,Katsunori Kikuno
0.2,0.0,0.0,2.2,35.4,83.8,51.2,101.6,0.6,1.6,23.4,65.6,8.4,12.8,3.6,5.4,20.4,59.6,6.0,11.2,7.2,10.2,204.8,556.4,0.39864016797021756,4.134089110394518,0.45801824030939864,5.303945490573478,0.3259628237259816,2.646326456092063,0.6071967163271511,0.9236822479755874,0.6512698412698412,0.5640804063268673,0.32825333614034635,2.766195651644712,0.45301075268817204,0.6034600427034867,0.29967948717948717,0.7644334160463193,0.05393939393939394,0.25,1.0,0.28902686522110976,185.42,182.88,1.0,11869.2,George Roop
0.5,0.5,0.25,3.0,62.0,192.5,81.25,212.75,2.25,7.0,36.75,151.0,12.75,23.75,12.5,17.75,46.0,167.25,9.75,14.0,6.25,11.25,171.0,881.75,0.31524973302458437,4.236316001612253,0.3673253746661585,5.524062877871826,0.23606924476125274,2.5059048770656993,0.5665322580645161,0.8735388956066101,0.729544911610129,0.8568722289399435,0.2721161530579095,3.1431680773881503,0.712719298245614,0.670596533655784,0.4960768398268398,0.4225513905683192,0.1848045143087465,0.4363636363636364,0.95,0.1926726454386672,180.34,185.42000000000002,1.0,8799.5,Clay Collard
0.0,0.2,0.0,2.0,31.6,110.0,34.4,112.8,0.6,1.0,11.0,77.0,10.6,17.2,7.8,9.6,28.8,105.4,1.0,1.4,1.6,3.2,25.2,463.2,0.3364619305647685,4.763757892507667,0.3584083301509639,5.029229823298172,0.1754182913860333,1.5399910688074754,0.3091666666666667,0.8744589504605684,0.7867521367521367,1.2204919423240033,0.30998770400178854,4.082549253153737,0.4666666666666666,0.08425851499321554,0.2,0.1076437429537768,0.040390830514844045,0.3,1.0,0.02854723730675778,175.26,177.8,1.0,11029.6,Sam Stout
0.25,0.25,0.0,3.0,56.0,115.75,76.0,143.5,1.75,4.0,28.25,76.0,15.0,23.25,12.0,15.25,41.0,95.25,8.5,12.0,5.5,7.75,227.75,889.5,0.5028764510804011,3.7855256973496636,0.5338884385120181,5.185581438709753,0.3604147465437788,1.9135004797252941,0.6701046798029557,1.0107617726917835,0.8344513243894048,0.861263444932586,0.4543840361064838,2.777809112061498,0.7658088235294118,0.6077165852881654,0.3625,0.39999999999999997,0.11742160278745645,0.5357142857142857,0.9642857142857143,0.2840307577887809,180.34,185.42000000000002,1.0,10242.0,Elias Silverio
0.0,0.0,0.6,2.0,27.6,67.2,41.2,84.2,1.8,2.4,18.0,51.4,8.0,14.0,1.6,1.8,20.4,58.0,3.6,4.4,3.6,4.8,227.6,575.0,0.4608191555360174,2.9390144981048043,0.520232668397806,4.270048980863425,0.4225299152353898,1.926345935280645,0.48432692307692304,0.8647548937594112,0.5,0.14791366906474818,0.36599125066767463,2.2864774739951423,0.6066666666666667,0.3146059896269031,0.42142857142857143,0.33793103448275863,0.21846565089548248,0.725,1.0,0.3656002906976744,170.18,172.72,1.0,12848.2,Yves Jabouin
0.0,0.0,0.0,3.0,55.8,134.6,62.6,142.4,0.2,2.4,23.4,88.8,8.0,17.4,18.4,23.4,46.6,119.8,7.8,12.6,0.4,0.6,55.0,900.0,0.4232274876414513,3.7199999999999998,0.44935170520536366,4.173333333333334,0.28467373503019544,1.56,0.43650034650034647,0.6,0.833843537414966,1.3866666666666667,0.4078596770944311,3.106666666666667,0.5781684981684981,0.5866666666666667,0.13333333333333333,0.026666666666666665,0.013333333333333332,0.025,-1.475,0.061111111111111116,185.42,185.42000000000002,1.0,11712.2,Tom Watson
0.75,0.0,0.0,2.0,15.25,39.25,25.75,50.25,0.25,2.75,11.0,31.75,2.5,4.75,1.75,2.75,10.25,31.0,2.0,3.5,3.0,4.75,99.75,559.25,0.38895604888672597,2.4644607718926808,0.4977041850331864,3.4337019052999667,0.3448529411764706,1.8727066859117418,0.5654761904761905,0.3882944458938731,0.5625,0.20345964008706582,0.32162756090808414,1.7823657302523697,0.475,0.25930592599405256,0.3244047619047619,0.42278911564625854,0.016666666666666666,0.016666666666666666,0.75,0.13831065759637187,167.64000000000001,170.18,1.0,11453.75,Hugo Viana
0.0,0.0,0.0,1.8,14.2,26.4,37.0,51.6,0.8,3.0,11.8,22.8,1.6,2.6,0.8,1.0,6.0,15.4,0.6,1.0,7.8,10.6,96.2,419.8,0.5756514816452898,2.8635103710717367,0.7241138700009667,6.936734210893803,0.5398412698412698,2.4211736939703146,0.51,0.3605158227355882,0.3333333333333333,0.06741369552914545,0.32451927917044193,0.7494064425197209,0.12,0.04,0.8083333333333333,1.5691095774627182,0.22127841598130224,0.5066666666666666,1.0,0.4045236796781788,193.04,200.66,1.0,13477.4,Soa Palelei
0.2,0.8,0.2,1.8,25.2,53.2,45.8,76.4,0.4,3.2,20.4,47.6,3.8,4.6,1.0,1.0,16.8,42.4,7.2,8.8,1.2,2.0,160.0,473.4,0.463027559845046,3.3909648385821685,0.5768106725651483,6.126700715131198,0.4312245139876719,2.8293256481021887,0.47333333333333333,0.47459305989505596,0.6,0.0870461305849235,0.3823379831444348,2.080653196281782,0.52,0.7682429501084599,0.2857142857142857,0.22818490014299714,0.034349095154699354,0.08095238095238096,0.8,0.3116496034840869,190.5,195.58,1.0,13422.2,Antonio Rodrigo Nogueira
0.4,0.4,0.0,2.0,26.0,58.4,54.8,93.0,2.8,4.0,19.8,49.4,3.4,6.2,2.4,2.8,13.6,37.2,4.4,7.8,7.6,12.8,204.8,508.2,0.4171575821865721,3.2533070160416315,0.5168794957533085,5.517836965294593,0.3627858106805476,2.3876448911456043,0.47857142857142854,0.3722952753461228,0.6,0.38836779040168873,0.3348111950909226,1.6614763767306138,0.2381818181818182,0.29333333333333333,0.4339393939393939,1.0063827564924275,0.3435959856298839,0.7428571428571429,1.0,0.37860154041685307,180.34,190.5,1.0,9563.6,Ramsey Nijem
0.0,1.0,0.6666666666666666,2.3333333333333335,35.333333333333336,82.0,46.666666666666664,94.33333333333333,1.0,3.0,23.0,67.0,9.333333333333334,12.0,3.0,3.0,28.0,70.66666666666667,7.0,10.666666666666666,0.3333333333333333,0.6666666666666666,70.33333333333333,648.0,0.43660968660968663,4.222222222222222,0.4876239876239876,4.977777777777778,0.3234640522875816,2.233333333333333,0.7777777777777777,1.2055555555555557,1.0,0.7555555555555555,0.4100215517241379,3.5,0.6190476190476191,0.7000000000000001,0.16666666666666666,0.022222222222222223,0.06666666666666667,0.27777777777777773,1.0,0.07814814814814815,180.34,185.42,1.0,10346.666666666666,Jessamyn Duke
0.0,0.2,0.0,2.0,30.2,65.0,47.2,81.0,0.0,0.4,19.0,50.6,7.4,10.0,6.6,8.0,24.6,56.4,1.2,1.4,2.0,3.2,15.0,486.4,0.5317815776016128,4.998968162415284,0.652119881436517,6.932812365822241,0.3922873100377124,2.976218691856304,0.7989873417721519,1.3282915891417395,0.5914285714285714,0.6428109345928152,0.4935383395525211,3.8862067931737982,0.5599999999999999,0.14345498783454988,0.125,0.13333333333333333,0.0,0.0,-0.2,0.01719545823195458,167.64000000000001,167.64000000000001,1.0,11406.2,Vaughan Lee
0.0,0.5,0.5,2.0,35.0,87.0,40.5,93.5,0.0,5.5,23.0,69.0,6.5,11.0,5.5,7.0,30.0,77.0,5.0,10.0,0.0,0.0,93.5,542.5,0.43144654088050316,3.235135135135135,0.4899257688229056,4.3747747747747745,0.3640625,2.0486486486486486,0.48245614035087714,0.5621621621621622,0.875,0.6243243243243243,0.3944444444444445,2.5153153153153154,0.5333333333333333,0.7198198198198198,0.0,0.0,0.0,0.0,0.9444444444444444,0.25204204204204206,175.26,185.42000000000002,1.0,12412.0,Ivan Jorge
0.0,0.0,0.0,3.0,25.0,74.0,69.0,120.33333333333333,1.0,2.6666666666666665,12.0,55.666666666666664,9.333333333333334,14.0,3.6666666666666665,4.333333333333333,16.333333333333332,61.666666666666664,6.666666666666667,9.333333333333334,2.0,3.0,69.0,900.0,0.3525641025641026,1.6666666666666667,0.5769650319567354,4.6000000000000005,0.23561136098617355,0.7999999999999999,0.6011695906432748,0.6222222222222222,0.9333333333333332,0.24444444444444446,0.2632850241545894,1.0888888888888888,0.43333333333333335,0.4444444444444444,0.25,0.13333333333333333,0.06666666666666667,0.25,0.0,0.07666666666666667,182.88,185.42,1.0,9485.666666666666,Pawel Pawlak
0.2,0.0,0.0,2.2,37.8,97.2,44.4,104.2,0.4,0.4,19.2,75.4,8.6,13.2,7.6,9.0,34.4,92.2,1.8,3.4,0.2,0.8,12.6,569.4,0.3802938577138645,5.542683151568495,0.397606065550466,6.049927888646654,0.24855908052950443,2.929986024931522,0.7343618513323983,1.3776346730765647,0.857777777777778,0.9893632958801499,0.37549906013483836,4.853226957427475,0.31666666666666665,0.1201498127340824,0.05,0.013333333333333332,0.026666666666666665,0.2,0.6,0.014042446941323344,162.56,180.34,2.0,10572.8,Marcus Brimage
0.0,0.0,0.0,1.5,17.0,30.0,22.5,36.5,0.0,0.0,6.5,16.0,4.0,6.5,6.5,7.5,15.0,27.0,1.5,2.5,0.5,0.5,0.0,291.0,0.5625,4.997222222222222,0.6208079268292683,6.258333333333333,0.40283400809716596,1.9472222222222224,0.6309523809523809,0.9472222222222222,0.9285714285714286,1.0027777777777778,0.5325914149443561,3.8888888888888893,0.6666666666666666,0.3388888888888889,0.5,0.06944444444444445,0.0,0.0,-0.5,0.0,177.8,177.8,1.0,9396.5,Leonardo Mafra
0.0,0.6,0.0,3.0,28.6,71.2,41.8,88.0,2.2,3.0,16.8,56.8,9.0,11.2,2.8,3.2,17.6,56.8,6.0,6.8,5.0,7.6,167.6,900.0,0.41518894898205244,1.9066666666666667,0.4686692017963079,2.7866666666666666,0.3254937653663498,1.1199999999999999,0.8229500891265598,0.6,0.7,0.18666666666666665,0.29946442446442445,1.1733333333333333,0.8755555555555556,0.4,0.6566666666666667,0.33333333333333337,0.14666666666666667,0.6142857142857142,0.5,0.18622222222222223,187.96,198.12,1.0,11466.8,Ildemar Alcantara
0.0,1.0,0.5,3.0,28.0,56.5,117.0,151.0,1.0,2.0,20.5,45.5,5.0,8.0,2.5,3.0,21.5,47.0,6.0,8.5,0.5,1.0,367.0,900.0,0.5046113306982872,1.8666666666666667,0.7517241379310344,7.933333333333334,0.4407675194660734,1.3666666666666667,0.38461538461538464,0.3333333333333333,0.875,0.16666666666666669,0.47268518518518515,1.4333333333333333,0.5595238095238095,0.39999999999999997,0.5,0.03333333333333333,0.06666666666666667,0.25,-1.0,0.4077777777777778,170.18,170.18,1.0,11777.0,Masanori Kanehara
0.0,0.3333333333333333,0.3333333333333333,2.6666666666666665,22.666666666666668,51.0,61.333333333333336,92.66666666666667,1.0,5.333333333333333,10.0,29.0,6.0,12.333333333333334,6.666666666666667,9.666666666666666,15.666666666666666,36.333333333333336,3.0,6.333333333333333,4.0,8.333333333333334,152.33333333333334,750.3333333333334,0.4291248206599713,1.6881005173688102,0.5642744892613935,4.422222222222222,0.30743243243243246,0.7156801661474558,0.43950617283950616,0.44424735156442474,0.6370370370370371,0.5329391475732939,0.3847117794486215,1.1993101749199309,0.638888888888889,0.22212367578221234,0.16,0.26666666666666666,0.11091401823109139,0.15079365079365079,0.8333333333333334,0.16925925925925925,185.42,195.58,1.0,12322.666666666666,Igor Araujo
0.6,0.0,0.0,1.4,18.4,52.0,19.0,52.8,0.0,0.0,15.4,47.6,2.6,3.6,0.4,0.4,15.0,46.6,2.4,4.4,1.0,1.2,9.0,217.6,0.5067428807751388,7.802230863822326,0.5270316804407713,9.24574700601577,0.4761942735626946,6.096441385666156,0.4066666666666666,0.675641839789531,0.4,0.11266823328348644,0.46501513900357827,6.011900041311183,0.33999999999999997,0.723115909159636,0.35,1.411764705882353,0.0,0.0,0.8,0.19359626365777727,190.5,198.12,1.0,9811.6,Todd Duffee
0.2,0.0,0.0,2.8,29.2,74.2,38.0,83.8,1.6,5.2,14.4,51.6,7.2,11.8,7.6,10.8,20.2,56.4,5.8,10.8,3.2,7.0,161.0,699.2,0.4261075102653539,2.5899568926807364,0.49650822813670653,3.794182607394103,0.2785467865467865,1.2149528513695556,0.6241830065359477,0.6274425984134112,0.6967836257309942,0.7475614428977698,0.38875529320292584,1.6118667864092202,0.5200041135335253,0.6690824726837301,0.37,0.3090076335877863,0.148234096692112,0.43939393939393934,0.7272727272727273,0.20317289327944915,177.8,180.34,1.0,12308.8,Josh Thomson
0.2,0.0,0.2,2.6,29.2,72.2,63.2,109.6,0.4,1.0,20.4,61.0,4.4,5.8,4.4,5.4,21.0,62.0,4.6,5.8,3.6,4.4,89.2,729.8,0.4383127041474091,2.519772189984956,0.5420559014410331,4.825948850204169,0.35773689695372923,1.7096410917687515,0.7238095238095238,0.3419772189984956,0.8400000000000001,0.46815387921770907,0.34807371895700745,1.9237180313776059,0.5380952380952382,0.35605415860735007,0.5133333333333333,0.24000000000000005,0.026666666666666665,0.13333333333333333,0.0,0.10388523533204386,185.42,193.04,1.0,10242.0,Andrew Craig
0.4,1.4,0.2,2.6,29.0,64.6,41.0,77.4,0.6,2.4,19.6,53.4,7.4,9.0,2.0,2.2,21.0,55.2,6.2,7.2,1.8,2.2,54.6,754.8,0.40734778274128314,2.386128628856031,0.49188801019309486,3.202024500322372,0.309728924805036,1.4962733720180528,0.7955182072829131,0.6374854932301741,0.9,0.22462927143778205,0.3496379602636359,1.7777820760799483,0.46356275303643724,0.4442424242424242,0.16363636363636364,0.13636363636363638,0.06921985815602837,0.26666666666666666,0.6,0.07910122501611863,185.42,187.96,1.0,11439.2,Dan Miller
0.0,0.6666666666666666,0.0,1.6666666666666667,13.333333333333334,51.666666666666664,16.333333333333332,54.666666666666664,0.3333333333333333,1.3333333333333333,8.0,40.0,2.3333333333333335,7.0,3.3333333333333335,4.666666666666667,13.0,50.0,0.3333333333333333,1.3333333333333333,0.0,0.3333333333333333,18.666666666666668,416.3333333333333,0.2751938751938752,2.2016249451032057,0.2949933739407424,2.4016249451032063,0.1803970223325062,1.0023731832752556,0.4259259259259259,0.5277777777777778,0.7714285714285715,0.7649319279754062,0.27766494598177766,2.1794027228809836,0.1111111111111111,0.022222222222222223,0.0,0.0,0.022222222222222223,0.16666666666666666,0.6666666666666666,0.02074074074074074,167.64000000000001,170.18,2.0,9760.0,Darrell Montague
0.25,0.25,1.25,2.5,20.5,68.5,36.5,86.25,0.0,0.5,8.25,50.75,3.25,7.5,9.0,10.25,15.75,61.25,2.0,2.5,2.75,5.5,87.25,750.0,0.3664275605199484,1.8,0.460977764666258,3.333333333333334,0.22743298572228443,0.8166666666666668,0.51875,0.35000000000000003,0.8891148325358852,0.6333333333333333,0.3639872631251942,1.0833333333333335,0.625,0.16666666666666666,0.14473684210526316,0.55,0.0,0.0,-0.5,0.19805555555555557,172.72,175.26,1.0,10820.0,Yosdenis Cedeno
0.0,0.2,0.0,2.4,18.4,64.6,37.2,86.2,0.4,1.4,12.2,54.0,4.0,6.2,2.2,4.4,12.4,54.2,4.8,7.0,0.8,1.0,78.4,609.0,0.3188396443888558,1.8023663999485844,0.43013609977556844,3.5378849611254592,0.25225795863216216,1.3081787569279897,0.3238095238095238,0.2849122807017544,0.3,0.20927536231884059,0.24405030330254657,1.276287121930924,0.47435897435897434,0.40473489710973665,0.4,0.12134438090792392,0.06056445461479787,0.4,0.9333333333333333,0.13893426760770625,185.42,195.58,1.0,11958.6,Mike Swick
0.25,0.0,0.25,2.25,19.75,60.5,45.25,88.5,1.25,1.5,19.0,59.5,0.5,0.75,0.25,0.25,13.5,51.25,0.75,2.0,5.5,7.25,202.25,584.0,0.39702380952380956,3.184480126611461,0.5419994588744589,6.430161504383424,0.38855772524837273,2.5776329092409807,0.375,0.03377042949448879,0.25,0.01710376282782212,0.26924587588373916,2.100555768078259,0.20833333333333331,0.24460093896713614,0.6428571428571429,0.8173657694621186,0.11147540983606558,0.5,0.0,0.36056816771256583,182.88,193.04,1.0,11505.75,Eddie Gordon
0.0,0.0,0.0,3.0,32.0,61.0,64.5,97.0,3.0,9.5,13.5,37.5,8.5,12.5,10.0,11.0,16.5,39.0,9.5,14.0,6.0,8.0,347.0,900.0,0.5214574898785425,2.1333333333333333,0.6651785714285714,4.300000000000001,0.35714285714285715,0.8999999999999999,0.6826923076923077,0.5666666666666667,0.905982905982906,0.6666666666666667,0.4014945652173913,1.1,0.6754385964912281,0.6333333333333333,0.7666666666666666,0.4,0.26666666666666666,0.3942307692307692,0.8125,0.38555555555555554,172.72,172.72,1.0,9646.0,Levan Makashvili
0.2,0.6,0.0,2.2,25.0,65.6,30.6,72.2,0.4,1.6,17.0,51.6,5.8,10.4,2.0,3.6,15.2,48.2,8.0,13.4,1.4,3.4,52.4,569.8,0.41735480943738656,3.437694117226143,0.466508699440522,4.068775055679287,0.34724128389596015,2.2793073407214606,0.7040909090909091,0.7716013273584315,0.5633333333333332,0.3867854491462509,0.3445885965306307,2.399188558241876,0.41428571428571426,0.6785055589842667,0.20476190476190476,0.09333333333333334,0.026726057906458794,0.13333333333333333,-0.4,0.0964391731737641,177.8,177.8,1.0,11131.6,Justin Edwards
0.0,0.0,0.2,2.6,33.6,73.6,58.2,101.2,0.8,5.8,18.6,48.4,5.6,11.4,9.2,13.6,23.6,59.6,4.8,7.4,5.0,6.6,178.2,780.0,0.4379642361201805,2.3610738255033556,0.5138351869253661,4.133333333333333,0.36004791853848456,1.282741433021807,0.4148051948051948,0.37333333333333335,0.5932478632478632,0.6399999999999999,0.3703547642961114,1.6266666666666665,0.4587301587301587,0.32,0.42987012987012985,0.3333333333333333,0.05333333333333333,0.13333333333333336,0.9199999999999999,0.198,182.88,185.42000000000002,2.0,12019.4,Brian Ebersole
0.4,0.0,0.0,2.2,34.2,51.8,51.0,71.4,0.4,1.0,13.4,28.8,9.0,10.6,11.6,12.4,16.6,31.8,12.4,15.6,3.4,4.2,173.4,615.6,0.6232023742227246,3.394360000005997,0.6649526665703137,4.864469667088976,0.44089712089712096,1.41148157526144,0.8103030303030303,0.9624912281175171,0.7493464052287582,1.02038719662704,0.5122685185185185,1.6418495333381007,0.8958041958041958,1.3224806201550388,0.3555555555555555,0.321498127340824,0.05827715355805243,0.3,0.6,0.26718249568258223,185.42,185.42000000000002,1.0,11826.2,Ryan Jimmo
0.0,1.5,0.25,2.25,21.25,58.25,48.5,86.75,0.75,2.25,11.5,41.25,5.75,11.5,4.0,5.5,16.0,48.0,2.5,5.25,2.75,5.0,107.0,639.25,0.344606186723724,1.8774871476187787,0.49529138450170285,4.074197314652656,0.2714901477832512,1.0866843681147957,0.5200592885375493,0.5049300416172344,0.5541666666666667,0.2858727378867484,0.32022263450834876,1.4506628627384517,0.475,0.17626970227670755,0.525,0.25055458260361935,0.06920607122008172,0.2857142857142857,-0.0357142857142857,0.15906158785755983,162.56,165.1,1.0,10934.5,Josh Sampo
0.0,0.3333333333333333,0.0,3.0,22.333333333333332,44.333333333333336,76.0,109.0,1.0,4.333333333333333,6.666666666666667,25.0,5.666666666666667,8.0,10.0,11.333333333333334,10.0,26.333333333333332,10.333333333333334,13.333333333333334,2.0,4.666666666666667,286.6666666666667,900.0,0.5030758556891767,1.488888888888889,0.6857930500610955,5.066666666666666,0.28065647990945103,0.4444444444444445,0.7676767676767676,0.37777777777777777,0.9027777777777778,0.6666666666666666,0.37986111111111115,0.6666666666666666,0.789047619047619,0.6888888888888888,0.6031746031746031,0.13333333333333333,0.06666666666666667,0.3333333333333333,1.0,0.3185185185185185,180.34,180.34,2.0,9070.0,Zhang Lipeng
0.0,0.4,0.0,1.8,22.4,39.0,37.2,55.0,2.0,5.6,14.0,28.4,6.2,8.8,0.8,1.6,5.6,14.4,3.4,6.4,7.6,11.8,210.0,465.4,0.38708906524368303,1.814077475568115,0.43326620972477164,3.16,0.2944638946041017,1.0506739224732837,0.266031746031746,0.4666666666666667,0.5333333333333333,0.09063291139240506,0.27323905171824825,0.5306509623412081,0.2154589371980676,0.22666666666666666,0.2767857142857143,0.8533333333333333,0.15933075933075933,0.2125,1.0,0.24145991561181437,182.88,180.34,1.0,13275.4,Mark Munoz
0.6666666666666666,0.3333333333333333,0.0,2.6666666666666665,41.666666666666664,130.33333333333334,61.333333333333336,150.66666666666666,0.6666666666666666,1.3333333333333333,26.666666666666668,100.0,11.333333333333334,20.666666666666668,3.6666666666666665,9.666666666666666,30.0,113.66666666666667,8.0,11.333333333333334,3.3333333333333335,5.0,27.0,744.0,0.34666347381864626,3.7166666666666663,0.43191125009306824,5.1000000000000005,0.28679261361774094,2.5,0.6136363636363636,0.9,0.5873015873015873,0.31666666666666665,0.2770633621697452,2.65,0.6825396825396824,0.6518518518518518,0.48888888888888893,0.4148148148148148,0.06851851851851852,0.5,-0.3333333333333333,0.04845679012345679,193.04,195.58,1.0,9588.333333333334,Luke Barnatt
0.2,0.0,0.0,2.2,12.6,41.6,23.6,54.6,0.0,0.2,8.4,32.4,1.4,4.6,2.8,4.6,7.0,32.4,2.0,2.8,3.6,5.6,49.0,581.8,0.2810931917979973,1.85155048490098,0.38648575961549925,3.3959359602166095,0.194981684981685,1.0945443443131357,0.46380952380952384,0.24161293959524333,0.5742857142857142,0.47706080851105204,0.21428578923208078,1.1153210700819047,0.4833333333333333,0.33655571908384446,0.3096774193548387,0.3319332035652085,0.0,0.0,-0.2,0.11319838251866672,180.34,185.42000000000002,1.0,12486.6,Constantinos Philippou
0.0,0.0,0.0,2.5,18.0,30.5,58.5,74.5,1.5,2.0,4.5,15.0,4.5,4.5,9.0,11.0,15.0,26.5,1.5,2.0,1.5,2.0,228.0,749.5,0.5915948275862069,1.5015025041736227,0.7372093023255815,4.3857540345019475,0.30000000000000004,0.35025041736227047,1.0,0.4005008347245409,0.8181818181818182,0.7507512520868114,0.5669642857142857,1.3015025041736228,0.375,0.1,0.375,0.1,0.1,0.375,0.0,0.26055555555555554,170.18,170.18,1.0,10276.0,Royston Wee
0.0,0.0,0.0,2.5,47.5,144.75,57.25,159.0,2.5,5.25,34.5,119.75,7.5,17.25,4.0,4.5,38.5,124.25,6.25,10.5,2.75,8.75,187.5,747.5,0.30809264858424124,3.683989842685495,0.3704306712042175,4.770507190072408,0.26851346970445833,2.847796808666374,0.43288177339901474,0.5683479161740032,0.5972222222222222,0.2678451178451179,0.27028393659743427,2.815311982703287,0.5685897435897436,0.51784173958087,0.25426136363636365,0.35083612040133777,0.2328323567454002,0.5565476190476191,0.7083333333333334,0.2632052314298691,165.1,165.1,1.0,10313.25,Alptekin Ozkilic
0.0,0.6,0.2,2.6,28.8,74.6,53.6,103.6,2.0,3.2,17.0,52.4,10.2,20.0,1.6,2.2,24.8,68.0,2.2,4.0,1.8,2.6,183.0,765.0,0.39117191462995304,2.271830110817453,0.5233250889982233,4.12827611207358,0.3239335128990301,1.3792823210544731,0.5265353037766831,0.7775146372614727,0.67,0.11503315250150692,0.3636845882165575,1.9669350059223476,0.5133333333333333,0.16195804195804192,0.6857142857142857,0.14293706293706293,0.17300336794007679,0.5633333333333332,0.0,0.2655581464948554,180.34,185.42000000000002,1.0,11177.8,Hatsu Hioki
0.6666666666666666,0.3333333333333333,0.0,1.6666666666666667,14.0,31.333333333333332,20.666666666666668,38.0,1.6666666666666667,3.0,5.666666666666667,20.333333333333332,5.0,7.0,3.6666666666666665,5.666666666666667,9.333333333333334,25.0,4.0,5.666666666666667,0.6666666666666666,0.6666666666666666,90.0,443.3333333333333,0.47907066052227343,1.863319469201822,0.6026455026455027,3.442146959794019,0.23105413105413106,0.6301582806255704,0.6285714285714286,0.6174291938997821,0.6444444444444444,0.7091899386017033,0.42936023581184873,1.3919389978213508,0.23529411764705885,0.40404040404040403,0.3333333333333333,0.06734006734006734,0.2547768547768548,0.5555555555555555,1.0,0.30377071367267444,185.42,187.96,3.0,12725.0,Dylan Andrews
0.0,0.3333333333333333,0.0,2.3333333333333335,23.333333333333332,48.666666666666664,58.0,85.33333333333333,0.6666666666666666,2.0,17.333333333333332,41.333333333333336,5.333333333333333,6.666666666666667,0.6666666666666666,0.6666666666666666,8.0,24.666666666666668,8.333333333333334,11.333333333333334,0.0,0.0,139.33333333333334,662.0,0.49374715158144195,2.23923787964535,0.6946225071225071,6.169892473118279,0.42185363533678144,1.7526881720430108,0.39999999999999997,0.35555555555555557,0.3333333333333333,0.044444444444444446,0.41143790849673206,0.8835834627105975,0.7626262626262625,1.0114695340501791,0.0,0.0,0.12974910394265232,0.27777777777777773,-0.3333333333333333,0.31831541218637993,180.34,185.42,1.0,13718.666666666666,Vik Grujic
0.0,0.0,0.0,3.2,47.8,118.2,56.6,128.0,0.2,1.8,29.6,95.8,12.8,16.8,4.6,4.8,34.2,94.6,10.6,16.4,0.2,0.4,35.0,900.0,0.39727681082892075,3.1704585900068443,0.45854545639518857,3.7490212183436,0.28475720212638905,1.9672553045859,0.7877579737335834,0.9016016427104724,0.9800000000000001,0.3016016427104723,0.3510399257311153,2.2668309377138947,0.583091418385536,0.8502943189596166,0.1,0.013333333333333332,0.013333333333333332,0.05,0.6,0.038618754277891854,185.42,185.42000000000002,1.0,12515.8,Quinton Jackson
0.0,0.3333333333333333,0.0,2.0,19.666666666666668,44.0,26.666666666666668,51.333333333333336,0.0,0.0,6.333333333333333,25.333333333333332,6.666666666666667,9.0,7.0,9.666666666666666,12.333333333333334,33.0,7.333333333333333,10.666666666666666,0.0,0.3333333333333333,15.0,491.0,0.4600229004619576,3.9445027923647573,0.5589542483660132,4.7321330332583145,0.28931623931623934,1.6877231769001437,0.7416666666666667,1.0878552971576227,0.8166666666666665,0.9613069934150203,0.4244374672946101,2.0582145536384098,0.6238095238095238,0.8511627906976744,0.0,0.0,0.0,0.0,-0.6666666666666666,0.06947570225889806,177.80000000000004,177.80000000000004,1.0,13585.0,Chris Clements
0.0,1.0,0.0,2.0,21.5,45.5,51.0,80.0,1.5,3.5,14.0,35.5,6.0,7.5,1.5,2.5,7.0,27.0,7.0,9.0,7.5,9.5,299.0,596.5,0.5153846153846154,2.538225255972696,0.6540920716112532,6.990898748577929,0.45952380952380956,1.8310580204778155,0.75,0.6071672354948805,0.3,0.1,0.33192389006342493,0.8119453924914675,0.6785714285714286,0.6047781569965871,0.7840909090909092,1.1215017064846415,0.1690557451649602,0.45,0.8,0.5451441031475162,162.56,165.1,1.0,9917.0,Aisling Daly
0.0,0.8,0.2,2.4,43.6,75.8,65.8,115.8,2.0,6.2,32.4,65.4,6.8,8.0,1.8,2.2,21.8,45.6,7.8,11.0,5.0,6.8,203.4,662.8,0.6154370255348517,3.366170350599881,0.6863146167557932,5.637702599624797,0.533275015582708,2.5569440640378853,0.7077030812324929,0.6407722007722008,0.7428571428571429,0.14468003145348682,0.5168150729126338,1.6376133047071264,0.7605050505050505,0.8141266209000764,0.5205128205128206,0.5747793038115618,0.2290465293668955,0.37111111111111106,0.5666666666666667,0.3408957293350886,175.26,180.34,2.0,9558.8,Jimy Hettes
0.0,0.0,0.0,2.2,36.0,93.8,52.4,119.6,0.8,4.2,22.6,77.2,8.8,13.4,4.2,4.8,29.2,78.6,4.0,8.0,2.0,4.4,111.4,606.2,0.32308122567185094,3.3284249028164097,0.3924973012005098,4.618605830164766,0.23261742435315869,2.2921710908164834,0.5190350877192983,0.6512547528517111,0.5349999999999999,0.27999999999999997,0.2755224403656549,2.4844106463878326,0.36666666666666664,0.525019011406844,0.18888888888888888,0.1979214195183777,0.08562737642585552,0.15454545454545454,0.16363636363636366,0.15781073088297423,190.5,190.5,1.0,11827.2,Seth Baczynski
0.2,0.4,0.0,3.0,26.6,62.6,53.4,91.8,0.0,0.6,18.6,52.4,6.0,7.6,2.0,2.6,12.0,43.2,10.4,14.2,4.2,5.2,92.6,807.2,0.43976403454074786,1.988769677072924,0.571117022473886,3.903763366595445,0.3777571239432377,1.4006956451770758,0.7743006993006993,0.4479969599920245,0.42142857142857143,0.14007707190382393,0.2629957598332045,0.8922732051475395,0.7205590062111801,0.7921798461668244,0.5523809523809524,0.30677255762625694,0.0,0.0,0.6,0.11042938616991396,187.96,185.42000000000002,2.0,13326.6,Mirko Filipovic
0.2,0.0,0.2,2.2,30.2,75.4,45.2,91.0,0.2,0.6,13.8,54.6,6.6,10.2,9.6,10.2,19.0,60.0,5.8,9.4,2.2,2.2,57.4,607.0,0.3517646043924816,3.691929824561403,0.4951130710894566,5.293333333333333,0.2289487551877682,2.088554913294798,0.5814814814814815,0.8266666666666665,0.5603827751196172,0.64,0.24596530920060333,2.302230489033558,0.3748062015503876,0.4800000000000001,0.6,0.5726686217008797,0.013333333333333332,0.2,-0.8,0.08919806763285025,172.72,180.34,1.0,10176.2,Robert Peralta
0.0,0.0,0.0,1.6,10.4,34.4,19.4,44.0,0.8,3.4,6.8,29.4,3.0,4.4,0.4,0.4,5.8,27.0,2.4,4.8,2.2,2.4,147.2,447.2,0.31734570916788796,1.1508092096098637,0.45903748851319187,2.1451724137931034,0.218841334104492,0.7098671024968157,0.6338461538461538,0.3131543228346798,0.2,0.08633093525179855,0.17723694482106905,0.6114048268774143,0.6666666666666667,0.29833055722909363,0.38,0.2212658227848101,0.12742599742599742,0.2,1.0,0.3621371767118325,177.8,185.42000000000002,1.0,13119.0,Josh Koscheck
0.0,1.0,0.3333333333333333,1.6666666666666667,6.333333333333333,16.0,20.0,31.0,0.3333333333333333,2.0,3.3333333333333335,11.0,1.0,2.0,1.6666666666666667,3.0,4.666666666666667,13.0,0.6666666666666666,0.6666666666666666,0.6666666666666666,1.3333333333333333,35.666666666666664,398.3333333333333,0.35819782416484064,0.8156295217722443,0.6444444444444445,2.821025059458145,0.23010424612255273,0.3538900064651184,0.3333333333333333,0.11622792786946708,0.5,0.19229521316865306,0.32316630355846043,0.5415322905115214,0.3333333333333333,0.0718132854578097,0.16666666666666666,0.08032128514056223,0.04016064257028112,0.1111111111111111,0.6666666666666666,0.08181856261499791,187.96,190.5,1.0,13356.666666666666,Ruan Potts
0.0,0.0,0.0,2.25,43.0,91.0,52.75,93.75,1.25,2.75,26.5,68.0,8.75,12.25,9.75,10.75,33.5,69.75,7.5,10.0,3.5,7.0,86.75,609.25,0.48976418318523585,4.209422157983774,0.5063719862227325,4.486448880020426,0.35013218488828246,2.3999362708463434,0.5729166666666666,0.6651906352502182,0.8914141414141414,1.1030581384851494,0.4515878744135691,2.9963063925839957,0.4328282828282828,0.7406232132647227,0.3402777777777778,0.3391592188017213,0.10145797598627787,0.25,1.0,0.13493339552425948,180.34,190.5,1.0,8828.0,William Macario
0.0,0.0,0.0,3.0,57.0,136.4,87.4,169.2,1.4,6.6,22.8,86.4,18.2,28.0,11.2,16.0,40.2,109.4,10.4,16.6,4.0,7.0,141.6,900.0,0.41965019454212127,3.8,0.5202291691824639,5.826666666666666,0.2617354625032621,1.52,0.6586296296296296,1.2533333333333334,0.706015037593985,0.8400000000000001,0.3576046789307589,2.6800000000000006,0.5432693393562958,0.7866666666666666,0.5,0.26666666666666666,0.09333333333333332,0.22722943722943723,0.9636363636363636,0.15733333333333333,165.1,165.1,1.0,10738.6,Ian McCall
0.0,0.0,0.0,2.3333333333333335,37.666666666666664,156.66666666666666,41.0,164.0,0.0,0.3333333333333333,24.666666666666668,129.33333333333334,7.333333333333333,10.333333333333334,5.333333333333333,7.333333333333333,36.666666666666664,144.66666666666666,0.6666666666666666,1.0,0.0,0.3333333333333333,0.0,638.6666666666666,0.22975845410628018,2.6421052631578945,0.2594037940379404,3.022222222222222,0.13977437993789552,1.7946360153256704,0.443019943019943,0.4888888888888889,0.49444444444444446,0.35555555555555557,0.20089130785057385,2.5946360153256705,0.2222222222222222,0.044444444444444446,0.0,0.0,0.0,0.0,-0.6666666666666666,0.0,190.5,198.12,1.0,8790.0,Andy Enz
0.0,0.0,0.2,2.6,22.8,53.0,69.4,102.4,1.2,3.0,12.8,39.6,7.0,10.2,2.6,2.8,16.8,44.2,1.2,1.8,4.4,6.4,328.2,705.6,0.40621076016613544,1.6926527728717766,0.5877501625975424,4.963508771929825,0.29823798750269337,0.9353730119691754,0.5694444444444444,0.4764912280701754,0.7714285714285715,0.17578947368421055,0.3352844586110306,1.1761403508771928,0.325,0.09228070175438596,0.5724053724053724,0.30315789473684207,0.08245614035087719,0.4066666666666666,0.7,0.3990047514619883,172.72,175.26,1.0,9136.8,Andy Ogle
0.3333333333333333,0.0,0.0,1.3333333333333333,24.0,45.666666666666664,31.666666666666668,54.0,1.3333333333333333,2.6666666666666665,19.666666666666668,40.0,4.333333333333333,5.666666666666667,0.0,0.0,9.0,20.333333333333332,7.666666666666667,11.0,7.333333333333333,12.333333333333334,58.666666666666664,306.3333333333333,0.5228758169934641,4.585077256525038,0.5583207642031172,5.420142385628715,0.5198036203728803,3.9267765982502887,0.2708333333333333,0.44673539518900346,0.0,0.0,0.4306878306878306,2.5471271594086478,0.44061302681992337,0.8939833113746157,0.39462365591397847,1.0688236013202397,0.13333333333333333,0.2777777777777778,1.0,0.13922570780482033,180.34,180.34,1.0,11448.0,Stanislav Nedkov
0.0,0.0,0.0,3.0,41.0,144.4,59.8,169.8,1.2,7.8,26.4,109.2,9.0,21.0,5.2,8.0,30.6,127.0,2.8,5.0,5.2,8.2,140.6,900.0,0.27574752540425385,2.7333333333333334,0.3486254188062432,3.986666666666667,0.18003685293472957,1.7866666666666666,0.4447326007326008,0.6,0.5900000000000001,0.3466666666666667,0.2063469995744077,2.04,0.6423076923076924,0.18666666666666668,0.46313131313131317,0.5066666666666667,0.10666666666666666,0.13999999999999999,1.0,0.16244444444444445,187.96,200.66,1.0,10770.0,Phil Davis
0.0,0.0,0.0,2.0,27.6,61.0,30.8,64.4,0.4,1.4,15.8,45.4,5.6,7.8,6.2,7.8,24.0,55.4,3.6,5.6,0.0,0.0,59.2,507.8,0.42150757125017935,3.355729011442345,0.43911964472309306,3.613981438626811,0.3314716067413027,2.087213270302784,0.6957264957264957,0.5765182488065841,0.608,0.6919974923329775,0.411619287587938,3.0009719617500523,0.52,0.3547570496922935,0.0,0.0,0.026666666666666665,0.06666666666666667,0.8,0.07987494006539078,172.72,172.72,1.0,11458.0,Akira Corassani
0.0,0.0,0.0,1.0,10.0,18.0,10.0,18.0,0.0,0.0,3.0,10.0,3.0,4.0,4.0,4.0,10.0,17.0,0.0,1.0,0.0,0.0,0.0,217.0,0.5555555555555556,2.7649769585253456,0.5555555555555556,2.7649769585253456,0.3,0.8294930875576036,0.75,0.8294930875576036,1.0,1.1059907834101383,0.5882352941176471,2.7649769585253456,0.0,0.0,0.0,0.0,0.0,0.0,1.0,0.0,187.96,190.5,2.0,11681.0,Ron Stallings
0.0,0.2,0.0,3.0,57.0,153.2,58.4,156.2,0.6,3.4,41.8,131.4,6.0,11.0,9.2,10.8,54.2,148.8,2.2,3.4,0.6,1.0,46.6,869.2,0.3708256948054223,3.956890080428954,0.37281984194594764,4.0502234137622874,0.30724800093500154,2.9270420017873104,0.5442067736185383,0.41376228775692586,0.7905169340463458,0.6160857908847185,0.361982653853929,3.770223413762288,0.6392857142857142,0.14666666666666667,0.12,0.04,0.04,0.2571428571428571,0.8,0.05223652070300864,170.18,180.34,1.0,12506.4,Rodrigo Damm
0.0,0.75,0.0,2.75,30.5,82.0,45.5,100.0,0.5,1.25,18.25,62.25,4.75,8.75,7.5,11.0,24.25,70.0,3.25,7.0,3.0,5.0,59.5,778.0,0.33780121950889097,2.692756423293336,0.4330198783146349,3.923737373737374,0.22754016148489734,1.6832247710752384,0.39926470588235297,0.4111111111111111,0.724025974025974,0.529845811879238,0.3007064975522919,2.0712121212121213,0.45,0.250737176781745,0.15,0.30303030303030304,0.050505050505050504,0.25,0.75,0.09816498316498316,162.56,165.1,1.0,10437.5,Louis Gaudinot
0.0,0.3333333333333333,0.0,2.3333333333333335,33.333333333333336,85.66666666666667,37.333333333333336,90.66666666666667,0.6666666666666666,2.0,17.333333333333332,63.333333333333336,4.666666666666667,9.0,11.333333333333334,13.0,30.666666666666668,80.0,2.6666666666666665,4.666666666666667,0.0,0.0,63.0,625.0,0.49143292020004353,2.711111111111111,0.532932617491441,3.2222222222222228,0.3611961624821392,1.4000000000000001,0.6666666666666666,0.5555555555555555,0.5942028985507246,0.7555555555555555,0.47557424748995225,2.533333333333333,0.4166666666666667,0.17777777777777778,0.0,0.0,0.044444444444444446,0.16666666666666666,0.3333333333333333,0.07,185.42,187.96,1.0,8979.0,Mike Rhodes
0.0,0.3333333333333333,0.3333333333333333,2.0,17.333333333333332,32.333333333333336,30.0,45.0,1.3333333333333333,2.0,5.0,17.333333333333332,4.666666666666667,5.666666666666667,7.333333333333333,8.666666666666666,12.333333333333334,25.0,0.6666666666666666,1.0,4.0,5.666666666666667,170.66666666666666,521.6666666666666,0.4650848765432099,1.8473340213278295,0.6052083333333333,2.8812144212523716,0.3020833333333333,0.5590976175416403,0.5462962962962963,0.41307189542483663,0.6111111111111112,0.7111111111111111,0.4079861111111111,1.4898165717900065,0.3333333333333333,0.044444444444444446,0.23529411764705885,0.26666666666666666,0.08888888888888889,0.2222222222222222,0.5555555555555556,0.32265232974910396,175.26,175.26,1.0,11668.0,Tom Niinimaki
0.0,0.6,0.0,2.0,23.2,61.8,38.6,83.4,1.2,3.2,18.6,53.8,3.8,7.0,0.8,1.0,13.6,44.2,5.8,9.8,3.8,6.2,107.2,532.8,0.3666236645648961,2.5843236409608092,0.4301479398275226,3.8625537294563843,0.3248001680132672,2.0369405815423516,0.5172727272727273,0.4940497260851243,0.3333333333333333,0.05333333333333333,0.278710304383499,1.3725158027812894,0.6536075036075035,0.760952380952381,0.33043478260869563,0.33309734513274336,0.13333333333333336,0.4066666666666666,1.0,0.16770501474926253,172.72,180.34,1.0,10678.8,Jamie Varner
0.0,1.4,0.2,2.2,13.2,60.2,17.8,65.2,0.6,1.6,7.2,51.2,4.2,6.6,1.4,2.4,10.0,55.6,1.4,2.0,1.4,2.6,42.2,577.6,0.2570226972814389,1.6047867294937137,0.33359102157692355,2.0674638306026636,0.14337762237762236,0.7102159826124668,0.5774509803921568,0.5045817763725209,0.35,0.3072108843537415,0.18812621031499283,1.2801380871777244,0.6533333333333333,0.13611574207147648,0.2111111111111111,0.11117370892018778,0.04,0.1,0.5333333333333334,0.056754239724058644,170.18,180.34,1.0,9021.2,Dustin Kimura
0.0,1.0,0.0,3.0,23.0,48.5,42.5,72.0,3.0,7.5,15.0,39.5,6.0,7.0,2.0,2.0,9.0,26.5,7.0,13.0,7.0,9.0,263.5,852.0,0.4972972972972973,1.6288557213930348,0.5889446266640941,2.972636815920398,0.4096102150537634,1.0517412935323383,0.8444444444444444,0.43184079601990044,1.0,0.14527363184079603,0.3431372549019608,0.6477611940298508,0.638095238095238,0.5064676616915422,0.7333333333333334,0.4746268656716418,0.2119402985074627,0.44999999999999996,1.0,0.3019320066334992,175.26,182.88,1.0,10768.0,Joe Ellenberger
0.0,0.4,0.2,1.8,15.2,35.8,34.2,61.2,1.6,3.4,12.8,31.2,2.2,3.4,0.2,1.2,8.2,22.0,2.2,3.6,4.8,9.2,173.0,481.2,0.4604496136374694,3.0726805238495736,0.5201000471873336,4.367393167527735,0.47379630361374786,2.736228197731542,0.593939393939394,0.21015979814970565,0.05,0.04137931034482759,0.3558333333333333,2.288444070647603,0.6178571428571429,0.4909031198686371,0.2013157894736842,0.32,0.17015979814970567,0.43166666666666664,0.9333333333333333,0.2908438438663944,193.04,198.12,1.0,11140.8,Brendan Schaub
0.3333333333333333,0.0,0.0,2.3333333333333335,35.333333333333336,83.66666666666667,60.333333333333336,113.66666666666667,2.0,6.0,25.0,68.33333333333333,6.666666666666667,10.666666666666666,3.6666666666666665,4.666666666666667,12.333333333333334,48.0,8.333333333333334,11.0,8.333333333333334,14.333333333333334,244.0,655.6666666666666,0.3931939466348069,3.038323353293413,0.4457384560015852,4.704990019960079,0.3058201058201058,1.8617431803060545,0.60207336523126,0.5419827012641384,0.8333333333333334,0.6345974717232202,0.2833333333333334,1.309913506320692,0.9166666666666666,0.7950765136393878,0.3355263157894737,0.9333333333333332,0.17777777777777778,0.2962962962962963,0.3333333333333333,0.33778408096088525,177.80000000000004,177.80000000000004,2.0,10097.0,Matt Hobar
0.2,0.0,0.0,2.2,29.2,71.0,32.0,75.4,0.4,1.0,12.6,49.4,7.4,11.4,8.8,10.2,25.0,65.4,3.8,5.2,0.4,0.4,44.0,555.6,0.393033519406662,3.2152549947206346,0.4149457875457876,3.776561079361403,0.24205571237448362,1.428562413676175,0.5153036437246964,0.6081560817460777,0.8965201465201466,1.1499650707269535,0.3537072406290451,2.6435443149644504,0.5126050420168068,0.3630150275822713,0.2,0.20869565217391303,0.02931202840656902,0.26666666666666666,1.0,0.05988618074451456,175.26,185.42000000000002,2.0,13513.0,Yves Edwards
0.0,0.0,0.0,3.0,68.75,154.5,104.5,182.5,0.25,2.0,43.0,119.0,15.75,21.5,10.5,13.0,43.25,119.0,13.0,18.0,1.25,1.25,135.25,900.0,0.463129782032312,4.733333333333333,0.5825277289560817,7.5166666666666675,0.37425833214345205,2.8666666666666667,0.7165750915750916,1.15,0.8105149752208576,0.7,0.3852727571475517,3.066666666666667,0.7145348837209302,1.0666666666666667,0.75,0.08333333333333333,0.016666666666666666,0.125,0.75,0.1502777777777778,172.72,177.8,1.0,13082.25,Isaac Vallie-Flagg
0.0,0.0,0.0,1.2,5.4,11.4,13.6,21.6,1.2,4.0,1.8,6.8,2.2,3.0,1.2,1.2,2.6,7.6,1.0,1.6,1.6,1.6,78.2,204.4,0.4120703933747413,1.482776463720302,0.5393514412416851,3.360658575435926,0.2261828814460393,0.489025206056542,0.4666666666666667,0.5715928930882203,0.6,0.33022854001413654,0.30186274509803923,0.6766614364195453,0.35,0.42419636438328023,0.4,0.308741066520066,0.19872239909623088,0.20357142857142857,0.975,0.2794972079414081,177.8,177.8,1.0,11894.4,Charlie Brenneman
0.0,0.0,0.0,1.0,13.0,28.5,13.5,29.0,0.0,1.0,10.5,24.5,0.0,1.0,2.5,3.0,11.5,26.5,1.5,2.0,0.0,0.0,0.0,167.5,0.38636363636363635,4.629724208375894,0.39168278529980655,4.742083758937691,0.30640243902439024,2.929009193054137,0.0,0.0,0.8333333333333333,1.2704119850187265,0.3825581395348837,4.2926455566905,0.5,0.33707865168539325,0.0,0.0,0.0,0.0,1.0,0.0,187.96,187.96,1.0,11910.0,Luke Zachrich
0.0,1.0,0.0,2.0,21.25,50.0,31.0,60.25,0.75,2.25,14.0,38.5,2.25,4.5,5.0,7.0,18.5,45.75,0.25,0.25,2.5,4.0,106.25,483.25,0.4282822327044026,2.928076727782162,0.5046972703222703,4.046405258746735,0.3614756158873806,1.8206703739729968,0.6041666666666666,0.4741834443689932,0.7636363636363637,0.6332229094401722,0.39817051820728294,2.6395449067361634,0.25,0.016666666666666666,0.2564102564102564,0.27186515437933206,0.07337744171392564,0.2857142857142857,0.5,0.18970958950774994,177.8,185.42000000000002,1.0,10995.0,Vagner Rocha
0.0,0.5,0.25,1.75,10.0,29.0,18.0,37.75,0.5,4.0,5.0,21.75,1.5,2.5,3.25,4.75,7.25,25.0,1.75,2.0,0.5,2.0,76.75,484.5,0.4183524347356905,1.458871239408152,0.5027789897849186,2.5233429858429854,0.30649766899766895,0.752879815730283,0.5833333333333333,0.2628217503217503,0.7564102564102564,0.3705145994208494,0.3629588677576293,1.0137256676319175,0.625,0.2589446589446589,0.1875,0.04345238095238095,0.04345238095238095,0.07272727272727272,0.6772727272727272,0.170410382480695,177.8,180.34,1.0,12386.5,Fabricio Camoes
0.0,0.0,0.0,2.3333333333333335,31.333333333333332,77.0,55.666666666666664,103.0,0.6666666666666666,2.0,17.0,55.333333333333336,5.666666666666667,10.0,8.666666666666666,11.666666666666666,27.0,70.66666666666667,4.0,5.666666666666667,0.3333333333333333,0.6666666666666666,142.33333333333334,674.0,0.4133673706196333,2.796117852804144,0.508191712157105,4.425386145487071,0.32996224379719524,1.6521793690843314,0.4246031746031746,0.3888501742160279,0.7111111111111111,0.7550883095037847,0.39193121693121685,2.499176311960164,0.5384615384615384,0.27471931862175764,0.16666666666666666,0.022222222222222223,0.044444444444444446,0.3333333333333333,0.9166666666666666,0.1607652600335527,172.72,177.80000000000004,1.0,11305.333333333334,Ernest Chavez
0.2,0.0,0.0,2.8,39.0,90.6,42.8,94.6,0.0,0.4,16.6,56.8,12.4,19.6,10.0,12.6,36.4,87.0,2.4,3.2,0.2,0.4,1.6,814.4,0.4329090784803718,2.914350282485876,0.45856419705389956,3.191864406779661,0.2988394145537002,1.2880225988700567,0.6214102564102564,0.9112994350282486,0.6416666666666667,0.7150282485875705,0.41762658084063703,2.6926553672316382,0.7533333333333333,0.20836158192090398,0.2,0.013333333333333332,0.0,0.0,-0.6,0.0021807909604519777,185.42,190.5,1.0,12159.8,Anthony Njokuani
0.0,0.0,0.0,2.8,70.0,158.4,81.6,176.4,0.4,2.4,34.2,111.8,12.8,21.6,16.4,21.0,51.6,129.8,11.6,16.6,5.4,7.8,70.8,821.4,0.44053915084786777,5.307455621301775,0.4787571377626139,6.215147928994083,0.3202218628540972,2.734753451676529,0.6103890445066915,0.9876923076923078,0.8214905951748058,1.3316765285996055,0.38894131670110565,3.6673767258382646,0.6921367521367522,0.9180276134122287,0.6241545893719807,0.5993352883675465,0.04733727810650888,0.2,0.1,0.11156738987508219,177.8,190.5,1.0,11535.0,Amir Sadollah
0.3333333333333333,0.0,0.0,2.6666666666666665,29.333333333333332,78.0,54.0,119.0,1.3333333333333333,3.6666666666666665,18.666666666666668,65.0,4.0,5.0,6.666666666666667,8.0,23.666666666666668,66.0,2.6666666666666665,3.6666666666666665,3.0,8.333333333333334,264.0,751.3333333333334,0.39276734400656815,2.2175232501223694,0.44497482174127984,3.8837983357807144,0.31718719764696773,1.4627508565834557,0.5333333333333333,0.26666666666666666,0.8518518518518517,0.4881057268722467,0.37134089953762084,1.774253548702888,0.8333333333333334,0.22143906020558002,0.4444444444444444,0.22183064121390114,0.11071953010279001,0.48333333333333334,0.7000000000000001,0.3766160874530919,180.34,185.42,2.0,9726.0,Kazuki Tokudome
0.25,0.0,0.25,2.25,37.0,75.5,54.25,103.5,1.0,1.75,22.25,58.5,11.75,15.0,1.75,1.75,15.25,44.5,7.0,8.75,6.25,8.25,187.75,523.5,0.5134393278477248,5.266685343766179,0.5733679081001198,7.186458927777053,0.39754901960784317,3.517557359385324,0.9176691729323309,1.503935560678069,0.5,0.1305473978749417,0.38305322128851543,2.2628309114460414,0.5993788819875776,0.9651108954402416,0.40963855421686746,0.828099928069496,0.08356545961002786,0.16666666666666666,-0.5,0.31998359397740206,177.8,180.34,1.0,11174.0,Johnny Bedford
0.0,0.0,0.2,2.6,26.2,67.2,40.4,83.6,0.8,4.0,15.0,53.0,8.0,10.8,3.4,3.4,16.2,54.6,8.4,10.0,1.6,2.6,83.0,746.0,0.35815157815157816,2.2201349527665317,0.42956811597414185,3.3271794871794875,0.25100524118883966,1.3158974358974358,0.741436925647452,0.6123076923076923,0.8,0.22666666666666666,0.24044104940539918,1.1777265871383518,0.7666666666666667,0.8758974358974358,0.12307692307692308,0.10666666666666666,0.1323076923076923,0.22857142857142856,0.4,0.12249572649572649,180.34,187.96,1.0,11970.4,Paulo Thiago
0.0,0.2,0.2,2.8,21.4,69.4,41.0,94.0,1.4,4.4,13.6,55.6,3.8,8.8,4.0,5.0,16.4,60.8,0.8,1.8,3.8,5.4,180.0,784.0,0.3304520845887628,1.8627404921700221,0.42386539395128364,3.3016666666666667,0.24450922701000058,1.1241666666666668,0.4661172161172161,0.30166666666666664,0.8150000000000001,0.43583333333333335,0.27095060514165503,1.48,0.3333333333333333,0.10166666666666666,0.12352941176470589,0.27999999999999997,0.10666666666666666,0.2863636363636364,0.6,0.23527266081871345,190.5,198.12,1.0,11784.2,Francis Carmont
0.25,0.0,0.0,2.5,33.25,80.0,34.0,80.75,0.5,0.75,13.25,52.25,13.75,20.5,6.25,7.25,31.0,76.75,2.25,3.0,0.0,0.25,18.75,631.5,0.4318104843916053,3.203130937941824,0.4351290684624018,3.2531309379418243,0.27233870330885257,1.3600916446082052,0.6722045011518696,1.1890531279582675,0.8854166666666666,0.6539861653753514,0.42537455718766215,3.053130937941824,0.225,0.15,0.0,0.0,0.03333333333333333,0.25,1.0,0.023927412814274126,175.26,177.8,2.0,13596.0,Cung Le
0.25,0.75,0.5,2.5,18.75,46.75,41.0,73.25,1.75,5.25,12.75,38.25,4.25,7.25,1.0,1.0,11.0,36.75,1.0,1.0,6.0,8.25,171.75,692.0,0.3472409628519074,1.578615009151922,0.4997933884297521,3.05,0.31456043956043955,1.0973661852166525,0.1574074074074074,0.2833333333333333,0.25,0.06666666666666667,0.24339248277927522,0.9772727272727273,0.5,0.06666666666666667,0.6634615384615384,0.4,0.13333333333333333,0.41414141414141414,1.0,0.19111111111111112,175.26,180.34,1.0,10996.0,Roland Delorme
0.2,1.0,0.2,2.2,25.0,63.2,49.0,91.4,0.2,0.8,18.2,54.4,4.2,5.6,2.6,3.2,16.4,46.0,4.2,7.8,4.4,8.6,135.8,569.0,0.40257033552805394,4.573333333333332,0.4818649847998901,6.194285714285714,0.3453156640857653,3.0592207792207793,0.5625,0.565021645021645,0.7083333333333333,0.72,0.3556634543711355,2.746666666666667,0.28541666666666665,0.27999999999999997,0.6611428571428571,0.8751794442117025,0.013333333333333332,0.05,0.2,0.17355555555555555,180.34,177.8,1.0,9786.0,Steven Siler
0.0,0.0,0.0,2.4,36.2,78.4,46.6,89.4,1.2,4.2,14.0,50.2,9.2,11.4,11.6,14.0,23.2,61.4,11.0,14.0,0.6,0.8,108.2,682.6,0.4481265839684962,3.0643067846607672,0.5010832755330362,3.9709734513274335,0.24872960372960376,1.0528613569321534,0.810394265232975,0.8590560471976403,0.8411363636363637,1.1523893805309735,0.36641502045885704,1.991445427728614,0.7423976608187134,1.0328613569321534,0.15,0.04,0.10666666666666666,0.12142857142857144,0.17142857142857143,0.15466666666666667,193.04,200.66,1.0,11097.2,Kyle Kingsbury
0.0,0.0,0.0,2.0,21.333333333333332,73.66666666666667,26.333333333333332,79.66666666666667,1.3333333333333333,4.666666666666667,17.0,66.33333333333333,1.6666666666666667,3.3333333333333335,2.6666666666666665,4.0,18.0,67.0,2.6666666666666665,5.333333333333333,0.6666666666666666,1.3333333333333333,78.33333333333333,529.6666666666666,0.2923952393059945,2.9124161755740707,0.3260980432598722,3.294912958070853,0.23814886314886316,2.414075729865204,0.6666666666666666,0.23862358599200703,0.5185185185185185,0.25971685971685976,0.26811959017841375,2.5754792386371332,0.3333333333333333,0.2761046761046761,0.4444444444444444,0.060832260832260836,0.12166452166452167,0.26143790849673204,0.9607843137254902,0.1290990990990991,162.56,165.1,1.0,10970.0,Phil Harris
0.3333333333333333,0.6666666666666666,0.0,1.3333333333333333,27.333333333333332,48.0,34.666666666666664,55.666666666666664,0.3333333333333333,2.0,18.333333333333332,38.0,8.333333333333334,9.333333333333334,0.6666666666666666,0.6666666666666666,17.666666666666668,33.666666666666664,9.333333333333334,13.666666666666666,0.3333333333333333,1.0,61.0,268.6666666666667,0.5905982905982906,5.6591016318105405,0.6625716928769658,7.801768908665886,0.43993993993993996,3.344558528629106,0.8724867724867725,1.6907292823523192,0.3333333333333333,0.10471204188481675,0.44749694749694746,2.9283846243264775,0.7306763285024155,1.550668993600931,0.1111111111111111,0.06734006734006734,0.06734006734006734,0.16666666666666666,1.0,0.3110620942861808,190.5,187.96,1.0,12008.333333333334,Cody Donovan
0.0,0.0,0.0,3.0,47.25,152.5,85.75,189.25,1.0,6.25,26.25,117.5,15.75,28.25,5.25,5.5,35.5,134.75,9.5,15.0,2.25,3.75,165.0,900.0,0.31731439510852516,3.15,0.4455124145489171,5.716666666666667,0.2074391561824565,1.75,0.554937404937405,1.05,0.875,0.35,0.27254347098519954,2.3666666666666663,0.6978337754199823,0.6333333333333333,0.15,0.15,0.06666666666666667,0.09126984126984126,0.5654761904761905,0.18333333333333332,182.88,182.88,1.0,11169.0,Pat Healy
0.25,0.75,0.0,2.25,13.75,33.5,34.5,60.0,1.75,5.0,5.75,22.0,2.75,4.5,5.5,7.0,8.0,25.75,4.25,5.5,1.75,2.0,191.75,502.5,0.5010041682455475,2.0130468553252903,0.5723866431831034,3.5146555293895707,0.2729096989966555,0.6314972225057227,0.675,0.6640285763681499,0.75,0.8260850835660937,0.31934523809523807,0.7750910036401456,0.8590909090909091,0.8634324874241853,0.21875,0.11666666666666667,0.1906430834111632,0.27604166666666663,1.0,0.37158370221924963,182.88,180.34,1.0,9516.75,Colton Smith
0.0,0.0,0.2,3.0,47.0,142.2,68.2,166.2,0.8,3.8,19.2,102.8,12.2,21.6,15.6,17.8,36.8,127.2,8.4,11.8,1.8,2.8,74.8,900.0,0.33706482095383516,3.1333333333333337,0.40912815679564646,4.546666666666666,0.1874881495301345,1.28,0.5467532467532468,0.8133333333333332,0.8996273291925465,1.0399999999999998,0.29800427155341075,2.4533333333333336,0.7246507515473033,0.5599999999999999,0.32222222222222224,0.12,0.05333333333333333,0.175,0.45,0.08311111111111111,167.64000000000001,177.8,2.0,10729.2,Mike Easton
0.0,0.0,0.5,2.75,47.75,133.0,72.25,168.0,1.0,2.0,30.75,106.25,9.0,12.75,8.0,10.5,30.0,107.25,11.0,17.25,4.0,7.25,120.0,756.0,0.3400411600810537,3.4796296296296294,0.41261074106636075,5.492592592592592,0.2591488981852747,2.2277777777777774,0.69222334682861,0.6592592592592592,0.7237394957983192,0.5925925925925926,0.2835087515098059,2.2666666666666666,0.6209241767483988,0.8796296296296297,0.2125,0.26666666666666666,0.06666666666666667,0.2,0.375,0.13333333333333333,182.88,187.96,1.0,12595.0,Bobby Voelker
0.25,0.0,0.25,3.0,55.25,108.0,105.0,163.75,1.5,4.5,33.0,80.25,15.75,19.0,6.5,8.75,34.0,81.25,7.5,9.75,13.75,17.0,287.75,900.0,0.5354509246880571,3.6833333333333336,0.6556618866452053,7.0,0.42114964831433427,2.1999999999999997,0.83125,1.05,0.78125,0.43333333333333335,0.4202398565323339,2.2666666666666666,0.7768308080808081,0.5,0.8032649558679307,0.9166666666666667,0.1,0.26190476190476186,0.6309523809523809,0.31972222222222224,180.34,182.88,2.0,8947.25,Lance Benoist
0.0,1.25,0.5,1.75,10.0,26.75,15.5,33.0,1.0,1.25,8.0,22.5,1.25,3.25,0.25,1.0,7.0,22.25,1.75,2.75,1.0,1.75,102.75,397.0,0.2861763674614306,1.1777682174582207,0.4486930575390714,2.6272660987028935,0.24690789473684208,0.925646634430885,0.2589285714285714,0.10813953488372094,0.25,0.029069767441860465,0.22472741957194778,0.7368030510301373,0.35714285714285715,0.16627906976744186,0.5,0.2233210530355361,0.18720930232558142,0.5,-0.16666666666666663,0.32634485025639803,172.72,185.42000000000002,2.0,11382.0,Jason High
0.0,0.6,0.2,3.0,44.0,91.2,79.2,128.0,3.4,10.2,25.6,67.8,8.2,11.6,10.2,11.8,15.8,52.0,10.8,14.2,11.0,16.6,397.8,900.0,0.45753705817019075,2.9477404921700225,0.6054877925867557,5.279999999999999,0.3383733415139198,1.7094080996884735,0.6577543859649123,0.5466666666666666,0.8366666666666667,0.6799999999999999,0.32340988218744504,1.0533333333333332,0.775187675070028,0.8400000000000001,0.3643452642136275,0.9066666666666666,0.22666666666666666,0.35264735264735264,1.0,0.46999305555555554,172.72,190.5,1.0,11226.0,Mark Bocek
0.0,0.4,0.0,2.6,25.6,48.0,54.8,83.6,2.2,5.8,10.2,30.4,5.4,6.4,7.8,9.8,13.2,33.8,7.0,8.4,4.4,5.2,291.8,693.4,0.4821645534621005,1.991160526543192,0.5657401249585206,3.9910157367668093,0.32308252575724533,0.7733226371451873,0.6711111111111111,0.37917024320457793,0.6824372759856632,0.6286695278969957,0.36115506156696087,0.9718454935622317,0.6,0.5066666666666666,0.6446153846153846,0.2971673819742489,0.16766809728183119,0.36666666666666664,1.0,0.35061585002384354,185.42,190.5,1.0,9090.8,Ronny Markes
0.0,0.2,0.2,3.0,43.0,121.8,82.0,164.0,0.6,8.2,15.4,77.6,11.4,17.0,10.8,16.4,27.6,97.4,6.4,11.0,2.8,3.0,186.4,733.6,0.3273241063029354,2.974155586509645,0.45147744786007393,5.202666666666667,0.18192301465735172,0.9974828660436137,0.6046428571428571,1.0415262054507337,0.42473604826546,0.7040000000000001,0.24100059957112344,1.9410817610062896,0.28481884057971013,0.5413333333333333,0.38571428571428573,0.11733333333333333,0.034666666666666665,0.04523809523809523,0.9214285714285715,0.22437064989517821,182.88,182.88,1.0,12431.2,Jake Shields
0.25,0.0,0.0,2.5,23.5,73.0,35.75,87.0,1.75,3.0,16.0,60.75,4.25,8.25,3.25,4.0,12.0,50.75,5.25,9.5,6.25,8.5,196.75,677.75,0.3094254539888147,2.3781061477839383,0.3696406707770344,3.272620915716428,0.2247809654564799,1.4164155943787706,0.5073863636363636,0.5141786100359172,0.6666666666666666,0.4475119433692506,0.23847503251702362,1.5882327300624193,0.40964366515837103,0.36160337552742616,0.5662878787878788,0.4282700421940928,0.11666666666666667,0.3055555555555556,0.0,0.25135150640313864,170.18,180.34,1.0,9578.75,Renee Forte
0.0,0.0,0.0,2.0,9.0,33.0,19.5,44.0,1.0,2.0,4.0,21.5,2.5,5.5,2.5,6.0,7.0,29.5,1.0,1.0,1.0,2.5,154.0,586.5,0.325,0.9062271062271062,0.4243589743589744,1.9333333333333336,0.19210526315789472,0.3735202492211838,0.4642857142857143,0.31978021978021975,0.6818181818181819,0.24322344322344322,0.3020408163265306,0.7728937728937728,0.5,0.06666666666666667,0.2,0.06666666666666667,0.14322344322344321,0.6666666666666666,1.0,0.2042857142857143,190.5,190.5,2.0,11174.5,Robert McDaniel
0.0,0.25,0.5,3.0,30.75,85.5,52.75,111.5,1.25,2.75,18.75,70.25,10.25,12.75,1.75,2.5,26.25,77.0,2.0,3.25,2.5,5.25,131.5,893.25,0.3482905094362722,2.1929230378929403,0.47193094058300966,3.5357388316151206,0.24594975060400592,1.2762790249542346,0.6622549019607843,0.6848797250859107,0.8125,0.11718213058419244,0.30568690890990546,1.7561855670103093,0.41666666666666663,0.13333333333333333,0.4861111111111111,0.16872852233676977,0.0838487972508591,0.25,1.0,0.14777777777777779,175.26,177.8,1.0,9538.0,Will Campuzano
0.4,0.2,0.0,1.6,26.6,52.6,36.6,61.8,0.6,0.6,16.8,35.6,7.8,10.4,4.4,5.6,20.4,43.6,4.4,5.2,3.0,3.6,49.4,403.0,0.5575111123568475,3.131585072947119,0.7238151927437642,4.3592433537832305,0.4062515262515262,2.0169336620606613,0.5151515151515151,0.876319018404908,0.3793103448275862,0.38666666666666666,0.4189730085582621,1.855685071574642,0.526984126984127,0.6900000000000001,0.5133333333333333,0.38482617586912066,0.10599742599742601,0.4,0.2,0.1887946915473756,193.04,200.66,2.0,13719.2,Cyrille Diabate
0.4,0.2,0.0,2.4,33.0,86.4,38.8,93.0,0.2,0.6,21.6,70.6,6.4,10.6,5.0,5.2,24.8,73.4,4.2,7.2,4.0,5.8,37.2,648.6,0.3778364226852643,4.127755362710846,0.4092442098257581,4.563872421954243,0.30978200044062565,2.9156783965210646,0.6617012227538543,0.8146902588376724,0.75,0.38278372591006427,0.32063614255751366,2.6024568916939033,0.6655011655011654,0.5837544610992149,0.6297619047619047,0.340842255531763,0.013333333333333332,0.2,0.8,0.059212492330039945,175.26,180.34,1.0,10932.8,Melvin Guillard
0.2,0.8,0.0,3.0,42.6,118.0,99.0,194.2,1.0,3.6,27.4,96.8,8.6,13.8,6.6,7.4,28.4,94.6,5.2,8.4,8.6,13.8,202.8,852.4,0.3624149006286561,2.9694259818731115,0.5184333440072303,7.329264853977845,0.27014100201974156,1.888982880161128,0.6424797424797425,0.6212688821752266,0.7046153846153846,0.4591742195367573,0.29905229747901196,1.9700302114803627,0.5930618401206635,0.3898086606243706,0.43790224223660756,0.6095871097683786,0.07146022155085599,0.2333333333333333,0.8666666666666668,0.24330916414904333,185.42,190.5,1.0,9072.8,John Hathaway
0.2,0.6,0.0,2.2,24.8,67.4,47.4,91.4,0.4,0.8,11.2,44.0,8.0,13.6,5.6,9.8,15.8,55.0,3.6,5.4,5.4,7.0,46.2,639.8,0.4397032814869627,2.744720194647202,0.6034716429173193,5.058783454987834,0.3638800803955069,1.6780535279805353,0.5053846153846153,0.6933333333333334,0.33141025641025645,0.37333333333333335,0.3190084635360718,1.243795620437956,0.5743589743589743,0.3009245742092458,0.39594202898550723,0.7858823529411765,0.09712895377128954,0.4,0.2,0.13936415247364153,167.64000000000001,165.1,1.0,11222.2,Ivan Menjivar
0.0,0.0,0.0,3.0,52.0,158.6,61.2,170.4,0.0,1.0,34.6,129.2,12.2,22.2,3.6,5.2,46.4,150.2,0.2,0.6,0.2,0.6,9.6,900.0,0.30464455268795604,3.8800000000000003,0.3414761313149287,4.08,0.24478943749172846,2.7952215799614644,0.4876165408052463,0.8400000000000001,0.6095238095238095,0.24,0.2844253186756186,3.4933333333333336,0.1,0.013333333333333332,0.06666666666666667,0.013333333333333332,0.0,0.0,0.0,0.010666666666666666,167.64000000000001,177.8,1.0,10931.2,Nam Phan
0.4,2.0,0.0,2.0,15.2,32.8,20.8,39.6,0.6,2.8,8.6,25.0,3.2,3.6,3.6,4.2,10.6,26.0,3.0,4.2,1.6,2.0,74.6,471.0,0.5465314698090802,2.130708816687464,0.6059983937077655,2.560259479547736,0.4141573122218284,1.2410411167307434,0.7464285714285714,0.3122448607146116,0.9018181818181817,0.6334976055972497,0.47480519480519473,1.5680610255699226,0.6766666666666667,0.3185452270149779,0.3555555555555555,0.24410256410256412,0.13896445896445897,0.44000000000000006,0.4,0.16519630547388556,180.34,190.5,1.0,9078.8,TJ Waldburger
0.0,0.0,0.0,2.0,21.6,72.0,26.0,77.0,0.0,3.4,12.0,55.2,4.4,9.4,5.0,7.6,19.4,68.2,1.8,3.6,0.0,0.0,31.2,472.0,0.29824579882270214,2.2711936786507665,0.3331556831941967,2.8028250753394643,0.20543089760481062,1.2721038680434789,0.611111111111111,0.6329221906326237,0.3937728937728938,0.40402570368359125,0.2754553489730729,2.1101595464616087,0.35769230769230764,0.14281744954294506,0.0,0.0,0.0,0.0,0.8,0.04659194834769929,172.72,180.34,1.0,11008.8,Rafaello Oliveira
0.0,0.25,0.0,2.75,42.5,124.25,56.75,145.25,0.5,4.25,29.25,96.75,8.0,16.0,5.25,9.0,37.75,113.75,4.25,8.5,0.5,1.25,65.5,793.25,0.3565747615927786,3.4201198026779425,0.41674297203268273,4.370119802677943,0.3016737434580824,2.431465821000705,0.5382575757575757,0.6236081747709654,0.6895833333333333,0.3650458069062721,0.33514267060536007,3.1034531360112756,0.377972027972028,0.2833333333333333,0.375,0.03333333333333333,0.03333333333333333,0.0875,1.0,0.07403159501996712,175.26,182.88,1.0,12857.0,Cristiano Marcello
0.0,0.0,0.2,2.8,23.6,59.2,44.8,83.8,2.6,7.8,13.8,46.6,3.4,5.6,6.4,7.0,11.8,41.4,6.6,10.8,5.2,7.0,232.2,755.0,0.440003613829243,1.8192905828348866,0.5547050650498926,3.3749561830574484,0.35284845188562597,1.0732452357768811,0.5474458874458874,0.25338897389530296,0.9206349206349206,0.4926563731627023,0.2960611325920686,0.8346547966801131,0.6476190476190476,0.5327120137246719,0.6895238095238095,0.4519237724301016,0.20005564056196964,0.35479797979797983,0.9,0.34617047649959043,182.88,182.88,2.0,11134.2,Nick Catone
0.0,0.3333333333333333,0.0,1.3333333333333333,6.333333333333333,19.0,8.666666666666666,21.333333333333332,0.3333333333333333,2.3333333333333335,3.6666666666666665,14.666666666666666,2.0,3.3333333333333335,0.6666666666666666,1.0,3.3333333333333335,13.333333333333334,3.0,5.666666666666667,0.0,0.0,26.333333333333332,298.6666666666667,0.4059011164274322,1.581771077701393,0.4682539682539682,2.035148201791069,0.2824404761904762,0.8769965932967504,0.6833333333333332,0.6376603904449114,0.3333333333333333,0.06711409395973154,0.27248677248677244,0.8434395463168846,0.7212121212121213,0.7383315313845088,0.0,0.0,0.10638297872340426,0.1111111111111111,0.7222222222222223,0.15809678505130453,177.80000000000004,177.80000000000004,1.0,11774.333333333334,Mike Rio
0.0,1.0,0.0,2.0,25.5,50.0,35.5,61.0,0.0,0.5,9.5,30.5,11.0,14.0,5.0,5.5,8.5,27.0,10.5,13.5,6.5,9.5,22.5,567.0,0.4305555555555556,2.364102564102564,0.5339147286821706,3.7897435897435896,0.2757437070938215,0.917948717948718,0.7708333333333333,1.0179487179487179,0.95,0.42820512820512824,0.2922077922077922,0.9461538461538462,0.6642857142857143,0.9846153846153847,0.34210526315789475,0.43333333333333335,0.0,0.0,-1.5,0.03290598290598291,182.88,182.88,1.0,12037.0,Garett Whiteley
0.2,0.4,0.0,2.0,20.4,47.6,62.8,94.0,0.4,1.8,10.6,33.8,3.0,3.8,6.8,10.0,15.4,40.0,3.8,5.4,1.2,2.2,77.8,553.6,0.45335883228380425,3.306666666666666,0.6385872050052426,6.926666666666667,0.33993682645856554,1.9579630129832712,0.6900000000000001,0.3,0.6822793148880105,0.9933333333333334,0.3997469328684593,2.6133333333333333,0.8190909090909091,0.64,0.2571428571428571,0.5326686217008798,0.04,0.2,1.0,0.11037037037037037,180.34,185.42000000000002,2.0,11766.4,Chris Leben
0.0,0.75,0.5,2.5,16.5,41.25,40.25,70.0,1.0,3.75,8.5,28.75,4.25,8.0,3.75,4.5,11.25,34.25,2.0,2.5,3.25,4.5,141.5,727.0,0.4375069229655002,1.2823637196518551,0.4919301712779974,2.976314813602949,0.3420377241805813,0.6683724887114718,0.47527472527472525,0.30960451977401127,0.8722222222222222,0.30438671116637217,0.37171916374502584,0.9060925332111773,0.75,0.15084745762711865,0.625,0.22542372881355932,0.06666666666666667,0.21666666666666667,0.6666666666666667,0.18559867373426697,167.64000000000001,165.1,1.0,12120.0,Darren Uyenoyama
0.0,0.0,0.0,2.0,18.0,54.5,24.0,61.5,0.5,1.0,8.5,38.5,3.5,6.0,6.0,10.0,14.5,50.0,2.0,3.0,1.5,1.5,48.0,433.5,0.31399521531100477,2.3996459987127228,0.3902439024390244,3.2490881785024674,0.18181818181818182,1.1052885646856898,0.7727272727272727,0.4573052992919975,0.6,0.8370521347350355,0.2723235156615241,1.9299506543660159,0.75,0.2790173782450118,0.5,0.19067796610169493,0.0635593220338983,0.5,-1.0,0.11036794679253378,175.26,172.72,1.0,11213.0,Roger Bowling
0.0,0.4,0.0,2.8,54.4,99.2,94.4,156.8,1.0,3.6,33.6,75.6,12.8,15.0,8.0,8.6,40.6,81.6,12.0,15.6,1.2,2.0,178.2,813.4,0.536073896188727,3.9110064239828697,0.6278525410883127,7.030035688793719,0.41212336816134976,2.338900785153462,0.8367857142857144,0.9027837259100643,0.7388888888888888,0.6693219129193434,0.49245524274459046,2.9786438258386867,0.8254819988195946,0.8523625981441827,0.41428571428571426,0.07999999999999999,0.06666666666666668,0.18666666666666668,0.29333333333333333,0.2006785629312396,172.72,177.8,1.0,12010.8,Mac Danzig
0.0,1.4,0.2,2.0,16.2,40.0,33.0,58.4,1.0,4.4,12.4,35.0,2.0,3.0,1.4,2.0,11.2,35.2,2.2,2.6,2.2,2.2,118.8,516.4,0.33630417349464803,1.701768583313791,0.5033380434062534,3.3522923667615414,0.2662406015037594,0.9717079650539008,0.38476190476190475,0.15203528670447386,0.6533333333333333,0.4813862633900442,0.2672917588087867,1.2841733592852562,0.5333333333333333,0.17471959672337745,0.4,0.14666666666666667,0.07999999999999999,0.09230769230769231,0.9846153846153847,0.1598160163944663,182.88,182.88,3.0,9094.8,Cody McKenzie
0.0,0.4,0.0,3.0,54.2,121.2,79.2,152.2,1.6,4.2,25.6,83.6,11.2,16.2,13.4,16.8,42.0,105.0,6.2,7.8,6.0,7.0,184.8,882.6,0.45856357169299383,3.6960885608856087,0.5221854056109375,5.472619926199262,0.3102284267951899,1.75089790897909,0.7514574898785426,0.7609348093480935,0.799020979020979,1.0109225092250924,0.3777511974219265,2.8428044280442806,0.8618589743589743,0.42046740467404675,0.36428571428571427,0.4328167281672816,0.11380073800738008,0.3,1.0,0.21815088150881506,182.88,187.96,2.0,12221.8,Nick Ring
0.2,0.2,0.0,1.2,12.6,18.8,14.4,21.4,0.0,0.2,6.2,11.4,1.2,1.2,4.8,6.0,9.8,15.0,1.0,1.4,1.2,1.2,39.2,239.0,0.6163636363636363,2.593017433727976,0.6450574712643677,3.040768548272582,0.46601760812287124,1.4759785161057932,0.6,0.23180625332033084,0.696969696969697,0.8429779765054384,0.5937229437229437,2.021886189574526,0.14285714285714285,0.2158273381294964,0.6,0.2872533363345509,0.0,0.0,1.0,0.1382529284880148,180.34,187.96,1.0,12123.6,Pat Barry
0.5,0.5,0.5,2.75,31.25,88.0,42.5,100.25,0.25,0.25,24.25,76.75,4.5,7.5,2.5,3.75,19.0,64.5,1.5,3.75,8.25,12.75,120.5,815.0,0.35931758454011187,2.326190476190476,0.41931626135814937,3.1976190476190474,0.3165325387336321,1.7988095238095236,0.43696581196581197,0.3404761904761905,0.3472222222222222,0.1869047619047619,0.3265284617115147,1.4589285714285714,0.375,0.11011904761904762,0.43737373737373736,0.7571428571428571,0.026785714285714284,0.25,-1.25,0.1554761904761905,170.18,175.26,1.0,10427.0,Edwin Figueroa
0.0,0.4,0.0,1.6,15.2,34.2,66.6,91.0,1.4,3.0,9.2,25.6,5.4,7.2,0.8,1.4,4.2,16.0,5.6,9.2,5.8,9.4,213.8,424.0,0.4386647029945999,1.7892121843425315,0.7174091493361271,8.605023547880691,0.3061069601904448,1.0193786594861276,0.7547619047619047,0.7298335248564038,0.16,0.05333333333333333,0.2145191409897292,0.4154800321004634,0.6342857142857143,0.7191699447020382,0.36428571428571427,0.7187333305346822,0.16224899598393577,0.2976190476190476,0.2,0.3802556390977444,185.42,185.42000000000002,2.0,13086.2,Chael Sonnen
0.2,0.0,0.4,1.8,18.2,44.8,22.6,49.4,0.2,0.2,11.6,36.6,5.2,6.6,1.4,1.6,13.6,37.8,2.2,3.2,2.4,3.8,16.8,462.8,0.47020950240983356,3.4006433786851473,0.5252549313046913,4.51382971424054,0.37547763347763347,2.352623059475402,0.8566666666666667,0.8487569674602055,0.3666666666666667,0.1992633517495396,0.44212454212454205,2.3440791215586985,0.425,0.4877347202891119,0.5533333333333333,0.5688295368373366,0.06417112299465241,0.2,1.0,0.059372352054835,182.88,182.88,1.0,10865.4,Alessio Sakara
0.75,0.0,0.25,2.0,26.75,48.75,41.0,64.0,1.25,2.25,19.75,39.5,3.0,4.25,4.25,5.75,15.0,30.0,5.0,8.75,6.75,10.0,108.5,489.5,0.5666573971078976,3.4105082816246273,0.6670518867924529,4.78170341493439,0.3922109404565546,2.3480792593523523,0.75,0.4515959566717801,0.575,0.6274997322671617,0.41767562794348506,2.0337688454170086,0.6607142857142857,0.7157805320980295,0.3375,0.6698630136986301,0.2085995443097503,0.4375,0.0,0.1998267033663051,182.88,185.42000000000002,1.0,8828.75,Michael Kuiper
0.0,2.0,0.4,2.4,18.6,33.8,32.0,49.8,0.8,1.8,10.6,24.4,3.4,4.2,4.6,5.4,11.0,24.6,2.6,3.0,5.0,6.2,157.4,686.4,0.6054686265212581,1.6015987857323553,0.6875462962962964,2.7174264271861035,0.4918961297924408,0.8457306686904461,0.7636363636363637,0.3008314360401383,0.6799999999999999,0.45503668100177086,0.485406255525466,0.9373370435955813,0.6666666666666667,0.26602917615313265,0.725,0.3982325659836411,0.10896702926047727,0.6,0.9,0.3211568973634652,175.26,187.96,1.0,9263.6,Dustin Pague
0.3333333333333333,0.0,0.0,2.0,29.333333333333332,60.666666666666664,34.0,66.0,1.0,3.0,24.666666666666668,54.666666666666664,3.0,4.0,1.6666666666666667,2.0,24.333333333333332,51.333333333333336,3.3333333333333335,7.0,1.6666666666666667,2.3333333333333335,103.0,361.6666666666667,0.480289484887186,5.184564322010963,0.5076447625243982,5.809549880426594,0.4280748663101604,3.9304363589522153,0.7380952380952381,0.8692647654609678,0.5833333333333334,0.21119372981066506,0.4724705548460338,4.671137114528142,0.15873015873015872,0.3262642740619902,0.5555555555555555,0.1871629334208301,0.12191007860843202,0.2619047619047619,1.0,0.20967948155097224,177.80000000000004,177.80000000000004,1.0,10526.333333333334,Jeremy Larsen
1.0,0.0,0.0,1.0,15.0,26.0,23.0,34.0,0.0,1.0,10.0,18.0,3.0,6.0,2.0,2.0,3.0,10.0,5.0,7.0,7.0,9.0,5.0,180.0,0.5769230769230769,5.0,0.6764705882352942,7.666666666666667,0.5555555555555556,3.3333333333333335,0.5,1.0,1.0,0.6666666666666666,0.3,1.0,0.7142857142857143,1.6666666666666667,0.7777777777777778,2.3333333333333335,0.0,0.0,1.0,0.027777777777777776,187.96,193.04,1.0,9851.0,Adlan Amagov
0.0,0.4,0.0,2.4,28.8,122.0,30.2,123.4,1.0,7.0,20.0,105.8,5.0,10.6,3.8,5.6,27.0,117.6,1.2,4.0,0.4,0.4,65.6,594.4,0.2612656858554948,2.709059059320311,0.29315644483108594,2.857369440979638,0.18784736925837628,1.6851346967869147,0.48571428571428565,0.6312218828834422,0.5323809523809524,0.44877724600509444,0.22277087800921552,2.5233071800010776,0.15238095238095237,0.1339160261874838,0.2,0.05183585313174945,0.10980786186091071,0.11645021645021644,1.0,0.12363767616219408,177.8,180.34,1.0,12615.2,George Sotiropoulos
0.6,0.0,0.0,2.2,41.4,96.0,51.2,106.2,0.0,0.0,22.2,69.4,6.0,10.0,10.6,13.0,34.8,81.8,4.6,10.6,2.0,3.2,17.8,612.8,0.4615050974319267,4.482136568186265,0.5117456064510534,5.24845235765995,0.3636779448621554,2.651285462727451,0.45619047619047615,0.5251053283767038,0.8690645052347179,1.1796491228070178,0.4133472811059775,3.4994165888093014,0.23795357223349106,0.30666666666666664,0.5111111111111111,0.5348333659427379,0.0,0.0,0.0,0.07218369964564447,187.96,187.96,1.0,10580.2,Thiago Silva
0.0,0.0,0.0,2.8,46.6,126.6,53.8,135.2,1.6,8.0,33.2,106.2,2.6,4.0,10.0,14.4,41.4,115.4,4.0,7.0,1.2,4.2,96.2,822.8,0.36769373670480865,3.236835278858625,0.3914533511564481,3.72,0.32005942649246777,2.33348897535668,0.6244444444444445,0.18334630350194553,0.5786587436332767,0.72,0.35819669157657985,2.8801556420233467,0.525,0.27667963683527885,0.05714285714285714,0.08,0.10666666666666666,0.2873015873015873,1.0,0.1068888888888889,185.42,193.04,1.0,12726.0,Matt Hamill
0.2,0.8,0.2,1.4,16.6,29.2,32.6,49.2,0.6,0.8,9.8,21.8,1.8,2.0,4.6,5.0,11.6,21.2,0.8,1.0,3.4,5.8,67.0,302.4,0.4095801371663441,2.3076609756026047,0.4912244860170721,3.6655133245958935,0.1820298122929702,0.7815576323987539,0.375,0.20342507645259938,0.52,0.8201834862385322,0.38168498168498166,1.7855133245958936,0.2,0.05333333333333333,0.11724137931034481,0.22666666666666666,0.07317829457364342,0.4,1.0,0.10618518915443147,172.72,180.34,1.0,11833.2,Rousimar Palhares
0.0,0.0,0.0,2.6,58.4,166.4,87.4,201.0,0.8,3.0,36.4,136.0,12.6,18.0,9.4,11.2,38.8,138.4,12.8,16.8,3.6,4.8,171.4,730.0,0.33352789050560094,4.966025267249757,0.4286435808959029,7.463030303030303,0.24793226062125898,3.00044703595724,0.7149756744803184,1.1313985334393497,0.81243961352657,0.8341796978531673,0.26413279044693316,3.4423730011485114,0.8115343915343916,1.161203286509409,0.6666666666666667,0.2691156462585034,0.05749271137026239,0.3,0.7,0.2147692081161469,185.42,190.5,1.0,11096.4,Joey Beltran
0.0,1.8,0.2,2.8,23.6,72.6,70.8,124.2,0.6,1.2,16.0,60.4,5.6,7.8,2.2,4.4,14.0,56.2,5.6,9.6,4.2,6.8,91.6,815.0,0.37863756733170834,1.8147368421052632,0.6280610414248858,5.686315789473683,0.2799732259977359,1.0666666666666667,0.6856140350877192,0.5466666666666667,0.2730769230769231,0.14666666666666667,0.28041648238242667,0.9520855614973263,0.44981684981684983,0.49333333333333335,0.6754285714285715,0.27999999999999997,0.04,0.2333333333333333,-1.1,0.10515789473684209,182.88,190.5,1.0,11955.0,David Mitchell
0.0,0.0,0.0,2.0,27.0,90.0,32.0,96.0,1.0,4.333333333333333,18.666666666666668,78.0,5.666666666666667,8.333333333333334,3.0,3.6666666666666665,23.666666666666668,84.66666666666667,2.0,4.0,1.3333333333333333,1.3333333333333333,67.66666666666667,540.6666666666666,0.3159090909090909,2.578825988512724,0.36014851485148514,3.1632319530302624,0.191535889653811,1.5389375364856974,0.5111111111111111,0.5058182525783227,0.8333333333333334,0.5562924216709257,0.2735690235690235,2.156747325026515,0.6111111111111112,0.30758167963721134,0.6666666666666666,0.11449698384899785,0.09227476162677563,0.21428571428571427,0.9523809523809524,0.15098967468181465,165.1,170.18,1.0,11996.666666666666,Iliarde Santos
0.0,0.0,1.5,3.0,17.0,56.5,20.5,61.0,0.0,0.0,9.5,42.0,5.0,11.0,2.5,3.5,9.5,46.5,0.5,1.5,7.0,8.5,40.0,900.0,0.4275510204081633,1.1333333333333333,0.44173669467787113,1.5666666666666669,0.3617683686176837,0.6333333333333333,0.5438596491228069,0.3333333333333333,0.8333333333333333,0.16666666666666666,0.3611111111111111,0.6333333333333333,0.25,0.03333333333333333,0.8166666666666667,0.4666666666666667,0.0,0.0,-1.0,0.044444444444444446,182.88,193.04,2.0,9909.0,Mike Ricci
0.0,0.0,0.0,3.0,69.0,171.0,70.0,173.0,1.0,7.0,32.0,122.0,12.0,24.0,23.0,25.0,66.0,165.0,3.0,6.0,0.0,0.0,37.0,900.0,0.40350877192982454,4.6,0.4046242774566474,4.666666666666667,0.26229508196721313,2.1333333333333333,0.5,0.8,1.0,1.6666666666666667,0.4,4.4,0.5,0.2,0.0,0.0,0.06666666666666667,0.14285714285714285,1.0,0.04111111111111111,182.88,185.42000000000002,1.0,8828.0,Yuri Villefort
0.2,0.2,0.0,2.8,34.6,58.6,48.4,73.8,0.6,1.4,12.2,31.6,11.8,14.0,10.0,13.0,22.8,42.8,9.2,11.4,2.6,4.4,137.2,722.6,0.5889946389779908,2.490322071334799,0.6508893280632411,3.4615304355994594,0.4076707521868813,0.9150133933153933,0.87323991797676,0.8581401834780384,0.7512698412698413,0.7171684945413672,0.4674269080673022,1.5203335412388974,0.8467316017316018,0.6615296123566395,0.5,0.308458917739262,0.03711053089643168,0.3,0.5,0.14709892660284304,190.5,198.12,1.0,12367.2,Brandon Vera
0.0,0.0,0.0,1.8,42.8,105.2,66.2,126.0,0.0,1.4,31.4,86.8,6.6,9.2,5.2,7.4,34.4,89.0,2.0,5.0,4.4,7.0,49.2,422.6,0.3963246717294025,5.277055617247801,0.4471249687697275,7.105158530121355,0.2670010527668053,3.2772470023949056,0.6363636363636364,0.7409988116611874,0.7558441558441558,1.0995898126173356,0.38162159566263265,4.136966314262031,0.32999999999999996,0.19701682757737324,0.17857142857142858,0.5326686217008798,0.0,0.0,0.4,0.09938598549136493,190.5,190.5,1.0,10931.2,Jared Hamman
0.0,0.0,0.0,2.5,37.0,116.0,41.0,120.5,0.5,6.5,13.5,80.0,12.0,18.0,11.5,18.0,26.5,98.0,10.5,18.0,0.0,0.0,128.0,712.5,0.33347297863426895,3.1571428571428575,0.35957755070916575,3.5666666666666664,0.17407247627264882,1.0666666666666667,0.6666666666666666,1.0857142857142859,0.6714285714285715,1.0047619047619047,0.27269170579029733,2.123809523809524,0.5735785953177257,1.0333333333333334,0.0,0.0,0.05714285714285714,0.07142857142857142,1.0,0.2168253968253968,177.8,185.42000000000002,1.0,11253.5,Ryan Couture
0.25,0.25,0.25,2.0,20.75,42.75,31.0,53.25,0.25,0.25,12.75,33.5,6.75,7.75,0.75,1.0,11.5,31.0,8.25,10.5,0.5,0.5,60.5,482.25,0.4357191821473084,3.0671666575142553,0.5084524427409803,4.1665463393764375,0.3237080037279505,1.737257477410207,0.6674107142857143,0.8642681426814268,0.41666666666666663,0.05178351783517835,0.31953551912568307,1.4062944542488904,0.5841991341991342,0.8642681426814268,0.5,0.03511685116851168,0.016666666666666666,0.25,-0.25,0.11242101861397434,185.42,185.42000000000002,1.0,10426.0,James Head
0.0,0.0,0.0,2.0,7.5,18.5,17.5,30.0,0.5,1.0,4.0,13.5,2.5,4.0,1.0,2.0,5.5,15.0,1.5,3.0,0.5,0.5,44.0,579.5,0.49404761904761907,1.0976652587390843,0.6505728314238952,1.9916344916344917,0.40217391304347827,0.34916344916344916,0.5833333333333333,0.49665379665379666,0.6666666666666666,0.14916344916344917,0.45999999999999996,0.6141570141570142,0.375,0.3474903474903475,0.5,0.03333333333333333,0.03333333333333333,0.25,0.0,0.04888888888888889,180.34,193.04,1.0,11806.0,Ben Alloway
0.2,0.4,0.2,2.6,27.0,79.8,34.8,89.4,1.6,5.6,21.6,72.6,5.2,6.8,0.0,0.2,20.0,67.0,5.0,9.6,1.8,2.8,159.2,624.0,0.32565848298202255,2.104153227874363,0.37328270061412094,2.7703640712197712,0.2685680582197053,1.6103197803171228,0.6,0.4019036229958366,0.0,0.0,0.26703096430003576,1.4625134116169118,0.44128787878787873,0.4348144211179024,0.4,0.13364779874213836,0.12955620515546107,0.17523809523809525,0.9206349206349206,0.18274696607316857,182.88,182.88,1.0,11070.2,Martin Kampmann
0.0,0.0,0.0,2.6,36.8,69.0,86.8,131.2,2.4,5.6,21.2,49.0,6.6,9.8,7.0,8.4,11.8,38.0,9.6,12.2,12.4,15.8,286.6,733.6,0.5706739878850217,3.1333333333333333,0.6942608826515927,6.453333333333333,0.46395231887418015,1.8666666666666667,0.5416478129713423,0.44000000000000006,0.745045045045045,0.7866666666666666,0.3588364293085655,1.4854188948306593,0.6614705882352941,0.76,0.6497142857142857,0.8666666666666668,0.16,0.38555555555555554,0.4,0.3184444444444444,167.64000000000001,177.8,1.0,13240.6,Mike Brown
0.0,0.0,0.0,2.0,11.5,49.0,16.0,55.0,1.5,4.5,9.0,47.0,1.0,1.0,1.0,1.0,9.0,44.5,2.0,4.5,0.0,0.0,72.0,464.5,0.2252818035426731,1.0194604157452454,0.2738001573564123,1.5777511004401763,0.1367053998632946,0.645578231292517,0.5,0.07202881152460984,0.5,0.07202881152460984,0.17687908496732024,0.6924588017024992,0.2222222222222222,0.14405762304921968,0.0,0.0,0.10804321728691477,0.16666666666666666,1.0,0.08643457382953182,185.42,190.5,1.0,11372.0,Bristol Marunde
0.0,0.4,0.0,2.0,17.0,69.0,19.8,72.6,0.8,1.8,7.8,54.6,5.0,7.4,3.8,6.6,12.0,60.2,2.4,3.2,2.2,5.0,37.0,476.0,0.4131284717969974,2.5262523665592718,0.46105894308943085,2.8871079815325342,0.273744470465782,1.4749371685433068,0.4866666666666667,0.7604774083546462,0.40745341614906827,0.29083778966131907,0.31892617449664423,1.9570545055967052,0.18461538461538463,0.3466666666666667,0.22333333333333333,0.1841711229946524,0.07208556149732621,0.26666666666666666,0.9333333333333333,0.07205228758169935,190.5,190.5,1.0,9889.0,Vinny Magalhaes
0.0,0.0,0.0,2.0,21.2,85.0,41.0,108.6,0.4,1.4,9.6,63.0,7.6,15.0,4.2,7.0,12.4,71.2,6.0,9.8,2.0,2.6,97.8,549.2,0.3051258136672409,2.855661109363532,0.3721008314679629,4.325372758729161,0.13050800077115868,0.7645674740484429,0.652253628724217,0.9247226591171227,0.6876190476190477,0.7348558246828143,0.23469242897814327,2.216999056307015,0.41492063492063486,0.5053287197231834,0.15384615384615385,0.13333333333333333,0.026666666666666665,0.08,1.0,0.1196653035545769,172.72,175.26,2.0,10903.0,Aaron Riley
0.2,1.8,0.2,1.2,13.4,27.0,23.4,37.8,0.0,0.6,9.0,20.6,3.2,5.0,1.4,1.4,6.8,18.2,3.0,4.0,3.6,4.8,41.4,264.0,0.4529233511586453,3.9874791559329537,0.6154158254210775,6.0441284903165595,0.37588394062078273,2.5515001263586052,0.49000000000000005,0.6925226532367773,0.8,0.403850399885593,0.351797385620915,2.5072648822687307,0.2733333333333333,0.43968992248062017,0.6147058823529411,0.6518558675072041,0.0,0.0,0.8,0.2212602964584645,172.72,172.72,1.0,9427.6,John Albert
0.0,0.0,0.0,3.0,12.0,29.0,14.0,31.0,2.0,4.0,8.0,22.0,3.0,5.0,1.0,2.0,5.0,22.0,6.0,6.0,1.0,1.0,206.0,900.0,0.41379310344827586,0.8,0.45161290322580644,1.0666666666666667,0.36363636363636365,0.5333333333333333,0.6,0.2,0.5,0.06666666666666667,0.22727272727272727,0.3333333333333333,1.0,0.4,1.0,0.06666666666666667,0.13333333333333333,0.5,0.5,0.2288888888888889,193.04,200.66,1.0,11606.0,Roger Gracie
0.0,0.0,0.0,1.5,17.5,30.0,17.75,30.5,0.5,0.5,5.25,15.0,5.75,7.5,6.75,8.0,17.0,27.75,0.25,0.75,0.25,0.75,17.0,309.75,0.5452413762446657,4.778495662252364,0.5721079033579034,5.335157521391817,0.18700159489633172,0.563270259712328,0.7729166666666667,1.4978898647669965,0.7115384615384616,1.0646818447168709,0.5158457613814758,4.27595625769895,0.08333333333333333,0.026269702276707527,0.08333333333333333,0.026269702276707527,0.052539404553415055,0.25,0.625,0.0299649078914449,193.04,195.58,1.0,10208.25,Dave Herman
0.0,1.0,0.2,2.8,19.6,47.2,48.0,78.2,2.4,5.6,14.8,41.6,2.4,2.8,2.4,2.8,12.8,38.8,3.0,3.8,3.8,4.8,292.8,836.0,0.48868580042632875,1.3508045977011496,0.6304625199362042,3.457471264367816,0.43504720504720507,1.0160919540229885,0.5714285714285714,0.17471264367816092,0.5555555555555556,0.16,0.38409570648163277,0.8720855614973262,0.5133333333333333,0.2,0.616969696969697,0.29011494252873565,0.19540229885057472,0.48571428571428565,0.9,0.3697309941520468,175.26,175.26,2.0,10688.2,John Maguire
0.0,0.2,0.4,2.6,37.2,99.0,63.2,127.6,0.2,1.6,24.8,83.8,8.0,9.4,4.4,5.8,28.4,86.4,6.4,8.4,2.4,4.2,126.2,752.4,0.34232169321028577,2.662222222222222,0.4426655387190559,4.395555555555555,0.2791449840807904,1.8355555555555554,0.6154553049289891,0.5333333333333333,0.6638461538461538,0.29333333333333333,0.29906828554206494,2.0755555555555554,0.6582857142857144,0.42666666666666664,0.5288888888888889,0.16,0.013333333333333332,0.1,0.3,0.1402222222222222,182.88,193.04,2.0,13221.4,Sean Pierson
0.0,1.0,0.2,2.0,15.0,32.8,34.8,59.4,1.4,4.8,13.0,30.0,1.0,1.2,1.2,1.8,4.8,14.0,0.6,1.6,7.8,12.4,143.8,472.2,0.4355311355311355,2.5142440858390693,0.5697537035714569,5.2028480408390125,0.3537992068906703,2.180215663950547,0.6,0.13093671968853582,0.3,0.18831820696154555,0.3384012066365007,0.7029475540761304,0.26666666666666666,0.09098144931241031,0.3855952380952381,1.1815225295053018,0.226642991226898,0.39166666666666666,0.6166666666666667,0.35768436654149777,182.88,190.5,1.0,9735.4,Karlos Vemola
0.8,0.8,0.2,2.2,55.4,110.6,82.0,135.4,1.0,2.4,35.8,86.8,14.6,18.4,5.6,6.0,35.2,83.4,14.4,19.8,5.6,9.2,167.4,590.0,0.5208163478922827,6.812292072155225,0.5982090351921789,9.385125345050984,0.43578966158898724,4.7543676909874595,0.7068452380952381,1.626841644794401,0.7666666666666666,0.4413813306292603,0.4428737123067081,4.127949925934089,0.7144110275689223,1.326120218579235,0.47555555555555556,0.964387322972156,0.07278688524590164,0.2857142857142857,0.9,0.2540416667960447,177.8,182.88,1.0,10412.8,TJ Grant
0.25,0.5,0.25,2.0,21.25,71.75,27.0,78.5,0.5,0.5,14.5,63.0,6.5,8.5,0.25,0.25,16.5,64.25,3.25,3.75,1.5,3.75,106.5,475.0,0.29333059833026676,3.2376524076073965,0.3391701493931303,3.780057376981608,0.2308976427031722,2.4633537505255436,0.6967787114845938,0.7355389671593722,0.25,0.03875968992248062,0.26124518684220177,2.6729444723818316,0.375,0.23875968992248064,0.2556818181818182,0.32594824530308397,0.08809523809523809,0.5,0.75,0.1424208318563157,170.18,177.8,1.0,11510.0,Brian Bowles
0.0,0.0,0.6666666666666666,2.3333333333333335,31.0,63.333333333333336,36.333333333333336,69.0,0.6666666666666666,4.333333333333333,21.333333333333332,50.666666666666664,2.6666666666666665,5.333333333333333,7.0,7.333333333333333,23.666666666666668,53.0,1.6666666666666667,3.0,5.666666666666667,7.333333333333333,77.0,643.3333333333334,0.4596306471306471,2.950642437591777,0.4776449173022,3.4811979931473327,0.3512012012012012,1.9908835046500244,0.5317460317460317,0.28076970141948115,0.9333333333333332,0.6789892315222712,0.4524302474613034,2.211753548702888,0.5555555555555555,0.1486111111111111,0.25757575757575757,0.5902777777777778,0.05694444444444444,0.1111111111111111,0.2777777777777778,0.12414413036384402,180.34,187.96,1.0,10444.0,John Cholish
0.0,0.8,0.2,2.0,21.4,61.0,33.8,74.2,0.2,0.8,13.4,48.2,4.4,7.2,3.6,5.6,11.8,45.6,0.8,1.4,9.0,12.6,132.2,552.4,0.4237193987782223,3.392410105884037,0.532517446166002,5.420589188174151,0.34246039561829034,2.565623487036066,0.647017543859649,0.5044949705037296,0.4766666666666667,0.2970284904495042,0.2359502312552928,1.074398596474762,0.3,0.12391870766023971,0.4588235294117647,1.246075727117304,0.023762376237623763,0.2,0.2,0.3556424018855374,187.96,190.5,1.0,10165.2,Alan Belcher
0.2,0.0,0.0,1.8,20.2,43.2,31.6,56.4,0.4,1.2,8.8,27.8,6.4,8.0,5.2,7.8,10.4,31.8,5.8,7.8,2.8,3.2,140.4,442.6,0.5472222222222223,2.696309484080006,0.6131763648855768,3.8553584179655713,0.33915918829331393,1.0538979307696,0.7076923076923076,0.7516613914230745,0.7312629399585922,0.9040834952206644,0.4293206793206793,1.6719744165322972,0.7233333333333334,0.7133916713212933,0.37142857142857144,0.3109433962264151,0.026666666666666665,0.2,1.0,0.16747160209323536,193.04,200.66,1.0,13404.8,Cheick Kongo
0.2,0.0,0.0,2.8,44.4,139.0,55.0,159.8,0.4,1.4,28.2,115.4,7.2,12.6,8.4,11.0,39.6,131.0,2.4,4.6,0.4,0.6,28.8,839.8,0.2378707022339753,3.1815746602278963,0.28417449765799874,3.77386755703951,0.15320598404710556,1.989741989504834,0.6023809523809524,0.49340011129660544,0.5333333333333333,0.6067668336115749,0.19080183224545033,2.8604340567612687,0.4833333333333334,0.17340011129660543,0.2,0.026666666666666665,0.026666666666666665,0.1,0.8,0.031999999999999994,177.8,172.72,1.0,11986.6,Leonard Garcia
0.0,0.0,0.3333333333333333,2.0,15.0,45.333333333333336,40.0,75.33333333333333,1.0,1.0,13.333333333333334,42.0,1.3333333333333333,3.0,0.3333333333333333,0.3333333333333333,11.666666666666666,38.333333333333336,1.0,1.6666666666666667,2.3333333333333335,5.333333333333333,177.0,465.0,0.3342989751736598,2.023996355833663,0.468594211834578,4.1891466177581185,0.28748687959214275,1.522547080471344,0.27777777777777773,0.28405797101449276,0.3333333333333333,0.21739130434782608,0.28840811965811963,1.719557425588281,0.25,0.1488833746898263,0.14583333333333334,0.15555555555555556,0.06666666666666667,0.3333333333333333,0.3333333333333333,0.27842661520080875,182.88,198.12,1.0,11356.333333333334,Clifford Starks
0.25,0.75,0.0,2.0,24.5,81.25,27.75,85.0,0.0,0.0,12.25,61.0,3.0,5.5,9.25,14.75,23.0,79.25,1.0,1.5,0.5,0.5,7.0,557.0,0.2980390103255378,3.6220705150362944,0.3171271143171345,3.838737181702961,0.20096049783549783,2.2871183316050234,0.4178571428571428,0.28073510773130544,0.6357789855072464,1.0075757575757576,0.28824375126783364,3.481702961170642,0.4,0.06666666666666667,0.5,0.07370088719898606,0.0,0.0,0.25,0.0077777777777777776,175.26,177.8,1.0,10627.25,Bart Palaszewski
0.0,0.0,0.0,1.5,17.5,48.5,18.0,50.5,0.5,2.0,13.5,37.5,1.5,7.5,1.5,2.5,16.5,47.0,0.0,0.0,0.0,0.0,4.5,342.0,0.29846743295019157,2.0325657182575405,0.3144089112468559,2.396547821165818,0.24340659340659343,1.4644653539184107,0.1,0.15280135823429541,0.3,0.15280135823429541,0.2492063492063492,1.7298811544991513,0.0,0.0,0.0,0.0,0.050933786078098474,0.125,1.0,0.007640067911714771,172.72,170.18,1.0,8828.0,Justin Lawrence
0.0,0.6,0.2,2.0,30.8,70.4,50.4,90.8,0.6,2.4,16.8,51.2,8.4,11.6,5.6,7.6,14.8,42.4,3.6,6.8,8.2,12.4,98.2,534.0,0.4236185147723375,3.2784136661242385,0.5306234259099535,5.290441243720335,0.2709937888198758,1.5360253685944136,0.7716083916083916,0.9386091147513073,0.7333333333333333,0.8037791827785181,0.3456776556776557,1.6856237646671055,0.5961904761904762,0.5185463590217092,0.41428571428571426,1.0335788308029707,0.0846376811594203,0.18,0.06000000000000001,0.13318819188191883,185.42,185.42000000000002,1.0,10456.2,Pablo Garza
0.2,0.2,0.0,1.6,13.0,27.4,23.6,40.8,1.2,2.8,11.4,25.2,1.2,1.6,0.2,0.2,5.8,16.6,4.2,5.2,3.0,5.0,174.8,343.2,0.43637917637917634,3.4180781961866833,0.5168753215407947,5.061829054385898,0.40600972127287915,2.7385402153757132,0.3666666666666667,0.12124700239808153,0.2,0.021582733812949638,0.3051890756302521,1.8091599020249043,0.5279411764705882,0.9463119736768725,0.23974358974358978,0.2577458033573142,0.17582956028999192,0.3866666666666666,1.0,0.34376302014415633,193.04,200.66,1.0,9591.6,Philip De Fries
0.25,0.0,0.0,2.0,26.0,88.25,34.0,97.25,0.0,0.75,11.25,68.0,2.25,4.0,8.5,10.5,23.0,83.0,1.75,2.75,1.25,2.5,36.75,514.25,0.33248650184711565,4.255149174617598,0.38137219968917024,5.044396486445555,0.23892248972401647,2.7546569741026805,0.29166666666666663,0.34460093896713617,0.8875,1.0058912615477813,0.30405197777051324,3.474011812812358,0.35416666666666663,0.3086021505376344,0.2738095238095238,0.4725352112676056,0.0,0.0,1.0,0.05696122974405573,175.26,177.8,1.0,12148.0,Antonio Carvalho
0.0,0.5,0.0,2.5,36.75,75.0,67.5,107.5,0.75,3.25,19.0,55.75,11.5,13.0,6.25,6.25,21.0,55.0,11.0,13.25,4.75,6.75,237.0,690.5,0.4656154291717672,2.9851236729001225,0.573396552247314,5.286099962997752,0.31188421524045745,1.504451655139043,0.8372258771929825,0.972655338285942,1.0,0.5080166794751374,0.36354713488859836,1.6993581533031623,0.8601425438596492,0.9223066632510745,0.6166666666666667,0.36345885634588565,0.05850767085076709,0.14166666666666666,0.41666666666666674,0.3090935635062951,170.18,180.34,1.0,10478.5,Reuben Duran
0.6666666666666666,0.0,0.0,2.0,10.333333333333334,19.333333333333332,33.0,44.0,0.3333333333333333,1.3333333333333333,8.0,15.666666666666666,1.3333333333333333,2.3333333333333335,1.0,1.3333333333333333,5.333333333333333,12.666666666666666,2.3333333333333335,3.0,2.6666666666666665,3.6666666666666665,83.66666666666667,327.6666666666667,0.5107142857142858,1.8861533912905042,0.5880952380952381,5.065167007498296,0.4698717948717949,1.4567055385297678,0.2222222222222222,0.24539877300613497,0.25,0.1840490797546012,0.4188034188034188,0.9747778276863945,0.2916666666666667,0.42944785276073616,0.24242424242424243,0.4819277108433735,0.060240963855421686,0.16666666666666666,0.3333333333333333,0.20955165692007796,165.1,165.1,1.0,10385.0,Issei Tamura
1.0,0.2,0.0,2.6,37.8,109.4,46.2,120.4,0.2,0.6,27.6,94.4,4.0,6.2,6.2,8.0,28.6,92.8,4.8,9.8,4.4,6.8,30.0,601.0,0.3742479419942212,4.175000293292685,0.3984180744059369,4.7120419367231365,0.32684048155917483,3.396464592137278,0.5266666666666666,0.34981049987813895,0.6666666666666666,0.428725201277269,0.3427427916498683,3.417473072839858,0.38164835164835165,0.4747048360246036,0.4428571428571429,0.2828223844282238,0.013333333333333332,0.2,1.0,0.03667346665069392,180.34,187.96,1.0,12903.8,Wanderlei Silva
0.8,0.0,0.2,2.0,33.4,71.4,53.2,95.2,0.0,0.0,18.2,52.2,5.0,7.4,10.4,11.8,23.4,55.2,5.4,9.0,4.6,7.2,63.2,538.8,0.4480493626070333,4.277533705883875,0.596030388438171,6.851001990325528,0.32144817154169425,2.5759983040946053,0.8009803921568628,0.519562799908386,0.9210489510489509,1.1352405174324742,0.3977411674347158,2.574461667179084,0.44023809523809526,0.7920392593509011,0.39166666666666666,0.8361618155700541,0.0,0.0,-0.6,0.1811163185052718,185.42,187.96,1.0,11519.4,Brian Stann
0.0,0.0,0.0,3.0,61.5,145.5,86.5,169.0,2.0,6.0,36.25,109.75,9.0,13.25,17.0,21.25,54.5,131.0,7.75,11.5,1.75,3.5,170.75,900.0,0.42715778674234434,4.416666666666667,0.5218978801205997,6.366666666666666,0.33436926063913525,2.6833333333333336,0.6599702380952381,0.6,0.704656803298569,1.1333333333333333,0.4100861213677166,3.783333333333333,0.6283783783783783,0.5166666666666666,0.25,0.11666666666666667,0.16666666666666669,0.5416666666666666,1.0,0.1897222222222222,182.88,185.42000000000002,2.0,11407.0,Riki Fukuda
0.2,0.2,0.0,1.8,35.8,70.2,58.6,95.6,1.2,4.0,26.6,57.0,5.0,7.2,4.4,6.4,11.0,28.8,4.6,8.0,8.0,11.8,170.8,505.0,0.48604127493430394,3.553920065699425,0.609625947092035,6.208811479149558,0.36329634586877363,2.457485172004745,0.475,0.5327046263345195,0.4111111111111111,0.5770636006934939,0.284640522875817,0.9919030630941872,0.32238805970149254,0.5907692307692308,0.3454253611556982,1.0120039100684264,0.10833333333333332,0.33095238095238094,0.6,0.32761583445793974,172.72,177.8,1.0,10666.8,Matt Grice
0.5,0.0,0.0,1.5,36.0,55.5,62.75,99.0,0.25,0.25,25.25,43.75,7.0,7.75,3.75,4.0,14.5,26.5,12.5,16.0,4.5,5.5,53.75,377.5,0.6298884443786466,5.74406013650618,0.6702191020398653,9.597399003873823,0.5301091269841269,3.8829257447754557,0.9188311688311689,1.4519461353993728,0.7222222222222222,0.5281992587747983,0.36614645858343337,2.7377642106799955,0.5806630546955625,1.15,0.20454545454545456,0.3,0.016666666666666666,0.25,0.0,0.2717643349435285,193.04,200.66,1.0,12801.25,Lavar Johnson
0.0,0.2,0.0,1.8,22.8,62.6,33.4,74.4,0.2,1.0,14.2,51.6,5.4,6.8,2.8,3.8,18.0,55.6,4.2,5.8,0.2,0.6,28.2,469.6,0.3382268759673478,2.417431052295365,0.4107173583084459,3.852385428907168,0.23437615455883773,1.417132345673589,0.6154761904761904,0.7086329808068939,0.3166666666666667,0.18666666666666668,0.28512899862087526,1.7581590285938113,0.37696969696969695,0.5066666666666667,0.06666666666666667,0.013333333333333332,0.06521739130434782,0.06666666666666667,-0.4,0.17952552552552553,180.34,182.88,1.0,10525.2,Josh Neer
0.0,0.3333333333333333,0.6666666666666666,2.6666666666666665,28.333333333333332,74.33333333333333,41.0,88.33333333333333,1.0,1.0,17.0,58.0,10.0,14.666666666666666,1.3333333333333333,1.6666666666666667,17.333333333333332,60.0,5.666666666666667,7.0,5.333333333333333,7.333333333333333,166.33333333333334,749.6666666666666,0.40162577373405917,2.290670626082653,0.4567611599869665,3.1351150705270974,0.3202594512982498,1.3788666171739667,0.6897435897435898,0.8229151200197972,0.5833333333333334,0.08888888888888889,0.3004855275443511,1.4457312546399406,0.8333333333333334,0.4893838158871566,0.25396825396825395,0.35555555555555557,0.06666666666666667,0.3333333333333333,0.3333333333333333,0.2037878412934092,172.72,182.88,1.0,10328.0,Anton Kuivanen
0.0,0.0,0.0,3.0,47.0,92.0,80.0,127.0,3.0,11.0,24.0,60.0,12.0,20.0,11.0,12.0,32.0,68.0,15.0,24.0,0.0,0.0,127.0,900.0,0.5108695652173914,3.1333333333333333,0.6299212598425197,5.333333333333333,0.4,1.6,0.6,0.8,0.9166666666666666,0.7333333333333333,0.47058823529411764,2.1333333333333333,0.625,1.0,0.0,0.0,0.2,0.23076923076923078,0.9230769230769231,0.1411111111111111,175.26,187.96,1.0,10640.0,Caros Fodor
0.0,2.5,0.0,1.5,3.5,13.75,10.75,22.25,0.25,1.0,2.25,12.0,0.75,0.75,0.25,0.5,2.0,11.75,0.0,0.0,1.5,2.5,45.25,355.5,0.3206709145427286,0.8943247380195455,0.43692261270717014,1.837719298245614,0.24759615384615385,0.631496966715855,0.5,0.1482456140350877,0.125,0.016666666666666666,0.17294254658385094,0.41491228070175434,0.0,0.0,0.15,0.39473684210526316,0.06578947368421052,0.25,1.0,0.1946843019005848,182.88,185.42000000000002,1.0,8842.5,Paul Sass
0.0,1.0,0.0,2.5,10.0,26.75,19.0,36.0,1.75,4.0,3.75,17.25,2.5,4.5,4.0,5.0,7.5,21.5,1.25,3.25,1.25,2.0,119.5,697.25,0.4085452338359315,1.0675926398052873,0.5434587813620071,1.8987179487179486,0.23511556669451406,0.4396693147322871,0.625,0.28940450817025126,0.8452380952380952,0.3402732028676613,0.3814646464646465,0.8190822192081639,0.34090909090909094,0.08333333333333333,0.525,0.15026480656203578,0.12556675062972292,0.38055555555555554,0.75,0.14959477060862453,180.34,187.96,1.0,8834.25,Josh Grispi
0.0,1.0,0.2,2.4,18.0,58.8,19.8,60.8,0.4,1.2,8.2,45.6,2.2,4.2,7.6,9.0,14.2,53.4,3.8,5.0,0.0,0.4,49.8,606.8,0.3354487943997926,2.005213703611635,0.36818609425307985,2.388943371558061,0.2080876487853232,0.8759933943396758,0.34857142857142853,0.20799832262799037,0.8158730158730159,0.9075165821932446,0.2970194293167632,1.546505063365147,0.8666666666666666,0.4450032357957639,0.0,0.0,0.0332409972299169,0.06666666666666667,1.0,0.10131116141211068,185.42,185.42000000000002,1.0,9181.6,Terry Etim
0.0,0.6,0.2,2.6,19.0,58.6,26.2,66.8,0.2,1.4,10.8,47.8,5.4,7.2,2.8,3.6,13.2,49.6,4.6,7.2,0.6,1.2,54.2,693.8,0.34677831966111766,1.5431213826453383,0.42614541165806585,2.152113638362514,0.275001227963396,0.9358831398677039,0.5571428571428572,0.3778655363727213,0.7416666666666666,0.2293727064049133,0.3144611668524712,1.1215049738385505,0.4133333333333333,0.3567759054412626,0.36666666666666664,0.06484050336552531,0.03582089552238806,0.2,-0.4666666666666666,0.09408306035212133,185.42,190.5,1.0,10666.2,Jorge Santiago
0.0,2.0,0.0,2.2,8.0,26.8,30.6,52.0,2.2,5.8,5.6,19.8,1.6,3.2,0.6,3.8,2.8,19.0,0.2,0.2,4.8,7.2,308.4,587.4,0.3644187192118227,1.3669355701717123,0.5540469309854337,3.3390806129247173,0.31794871794871793,0.8464422264699962,0.6333333333333333,0.3243680577752276,0.2583333333333333,0.04053949903660886,0.2275193923723336,0.5599929141651231,0.2,0.013333333333333332,0.5497665732959851,0.6346986658861979,0.21144069656837639,0.30333333333333334,1.0,0.5849009668463371,175.26,180.34,2.0,11576.0,Jacob Volkmann
0.0,0.6,0.2,2.6,38.4,63.8,77.4,131.4,2.4,5.4,25.8,48.4,7.2,9.6,5.0,5.4,7.0,18.2,8.0,13.0,11.4,16.4,300.8,733.6,0.47845075280030464,2.7621476510067113,0.6203418059877389,6.266666666666667,0.38494505494505493,1.7788161993769471,0.5461904761904762,0.48,0.72,0.33333333333333337,0.35674796747967485,0.49333333333333335,0.3691468253968254,0.5866666666666667,0.6332680617255085,1.3585509746420563,0.19933075933075933,0.3541125541125541,1.0,0.35861988304093567,182.88,187.96,1.0,12269.0,Jon Fitch
0.0,0.75,0.0,2.0,12.25,42.0,20.0,50.75,1.0,4.0,6.0,34.25,2.0,2.5,4.0,4.75,10.25,37.75,0.75,1.25,1.0,2.25,111.5,433.75,0.34586094798350875,1.6257703081232493,0.42621177448285275,2.372762789326257,0.16240133042887595,0.5598407784166298,0.65,0.41178681999115435,0.7,0.5392304290137108,0.2997450980392157,1.2577908675431897,0.5,0.18628188117352204,0.1111111111111111,0.09022556390977443,0.1,0.1875,0.75,0.17186962504299966,182.88,190.5,1.0,11849.75,Jay Hieron
0.2,0.4,0.2,2.2,15.4,34.2,34.2,56.4,1.8,6.4,14.2,32.8,1.2,1.4,0.0,0.0,9.0,23.6,2.6,4.6,3.8,6.0,200.0,586.2,0.42300834431269213,1.5939416177164525,0.5097271139777766,3.040744748360642,0.40738636363636366,1.5006082843831188,0.3333333333333333,0.09333333333333334,0.0,0.0,0.36691414141414136,1.066668890443725,0.2311111111111111,0.28727272727272724,0.12666666666666665,0.2533333333333333,0.1753913653913654,0.2787878787878788,1.0,0.3139881397426928,185.42,185.42000000000002,1.0,12664.4,Mike Russow
0.2,0.0,0.0,1.4,9.0,24.0,11.2,26.4,0.4,0.6,5.4,19.4,0.2,0.2,3.0,3.8,7.8,21.8,0.2,0.6,0.6,1.0,20.6,256.2,0.40972686733556296,2.944412193273883,0.45551024179072963,3.9649122807017543,0.30795739348370926,2.0188461808727425,0.2,0.09022556390977443,0.15789473684210525,0.2,0.3681828545371637,2.295417285738791,0.06666666666666667,0.013333333333333332,0.2,0.7058823529411765,0.026666666666666665,0.13333333333333333,0.8,0.09533333333333334,182.88,187.96,1.0,13648.8,Vladimir Matyushenko
0.0,0.0,0.0,2.0,33.0,84.5,34.5,86.5,0.5,0.5,22.5,71.5,5.0,7.0,5.5,6.0,27.0,72.5,6.0,11.0,0.0,1.0,108.5,575.0,0.370450885668277,3.6733333333333333,0.37589480236539063,3.7733333333333334,0.2836734693877551,2.28,0.7333333333333334,0.6799999999999999,0.9375,0.7133333333333334,0.3539081885856079,3.0999999999999996,0.75,0.5733333333333333,0.0,0.0,0.03333333333333333,0.5,1.0,0.12055555555555555,185.42,200.66,1.0,10482.0,Simeon Thoresen
0.0,0.0,0.5,2.0,15.0,32.0,22.0,40.5,0.0,0.5,7.5,19.5,8.0,12.0,0.0,0.5,13.0,29.0,2.0,2.0,0.0,1.0,36.5,514.0,0.3598031173092699,2.0932232542139664,0.41074332171893146,3.2130718954248363,0.2596491228070176,0.9483660130718954,0.8181818181818181,1.0204808343958556,0.0,0.0,0.3192401960784314,1.7142008318478907,1.0,0.24880250870119577,0.0,0.0,0.0,0.0,-1.0,0.07952069716775599,182.88,187.96,2.0,9468.0,Wagner Prado
0.6,0.0,0.0,3.0,40.2,97.8,42.4,101.0,1.0,1.6,16.4,61.2,9.6,14.6,13.8,17.8,28.4,78.4,7.2,10.0,4.6,7.8,108.8,900.0,0.4318741718135879,2.6799999999999997,0.44071406231406235,2.88,0.2846024915315742,1.0933333333333333,0.6548484848484848,0.6399999999999999,0.7321580547112463,0.9466666666666667,0.38481191356137867,1.893333333333333,0.692822966507177,0.48,0.3771428571428571,0.30666666666666664,0.06666666666666668,0.3,0.2,0.12088888888888889,167.64000000000001,170.18,1.0,10736.0,Diego Nunes
0.0,0.2,0.0,2.0,25.2,56.4,31.4,63.6,1.2,5.4,19.6,47.4,4.6,7.4,1.0,1.6,10.8,33.8,8.0,14.0,6.4,8.4,236.6,521.8,0.47132918759531456,4.567586170998944,0.5044078620198023,5.419320866686595,0.43112970344962565,3.5438823005837845,0.5136507936507936,0.9506934895170189,0.45,0.19640880858272164,0.3362957875457876,2.4567141639264403,0.4357142857142858,0.7565367965367965,0.3393939393939394,1.0125490196078433,0.17197145197145197,0.35615384615384615,1.0,0.3109537464524677,182.88,187.96,2.0,9646.4,Jonathan Brookins
0.0,0.0,0.3333333333333333,2.3333333333333335,37.0,93.66666666666667,54.333333333333336,117.0,0.0,1.3333333333333333,25.666666666666668,78.0,7.333333333333333,11.0,4.0,4.666666666666667,30.333333333333332,82.66666666666667,6.0,9.666666666666666,0.6666666666666666,1.3333333333333333,104.0,667.0,0.39669478508114153,3.0076285240464347,0.4815818737837086,4.549585406301824,0.34169445175631014,2.174792703150912,0.7847619047619049,0.5661691542288557,0.6060606060606061,0.26666666666666666,0.3825162248807569,2.485903814262023,0.5499999999999999,0.4772802653399668,0.16666666666666666,0.044444444444444446,0.0,0.0,0.5555555555555556,0.11555555555555556,172.72,170.18,2.0,8922.666666666666,Jared Papazian
1.0,0.0,0.0,3.0,75.0,119.0,96.0,142.0,0.0,2.0,36.0,77.0,11.0,12.0,23.0,29.0,67.0,109.0,8.0,10.0,0.0,0.0,114.0,900.0,0.6302521008403361,5.0,0.676056338028169,6.4,0.4675324675324675,2.4,0.9166666666666666,0.7333333333333333,0.9333333333333333,1.8666666666666667,0.6146788990825688,4.466666666666667,0.8,0.5333333333333333,0.0,0.0,0.0,0.0,1.0,0.12666666666666668,177.8,177.8,3.0,8828.0,Brendan Loughnane
0.0,0.0,0.0,2.5,44.0,135.5,49.5,148.0,0.0,1.5,33.0,121.0,2.0,5.0,9.0,9.5,42.0,128.0,2.0,7.5,0.0,0.0,64.5,688.5,0.30116602854159413,3.5540880503144656,0.3201983175901123,4.1572327044025155,0.25380674027567296,2.6729559748427674,0.375,0.1628930817610063,0.9,0.7182389937106919,0.2959260014962933,3.3025157232704405,0.13333333333333333,0.25157232704402516,0.0,0.0,0.0,0.0,0.0,0.13522012578616352,170.18,175.26,2.0,10562.0,Henry Martinez
0.0,0.3333333333333333,0.0,2.0,23.0,35.666666666666664,42.666666666666664,58.0,2.3333333333333335,6.333333333333333,6.333333333333333,15.666666666666666,3.3333333333333335,4.0,9.666666666666666,13.0,5.333333333333333,14.0,9.0,13.0,1.3333333333333333,2.0,295.3333333333333,540.3333333333334,0.5836038961038961,2.2703554300569224,0.6302840434419381,3.7981981981981985,0.4396178534109569,0.9828111693783335,0.6333333333333333,0.23731343283582088,0.6732456140350878,0.9613419389538792,0.4012345679012346,0.6584868450540092,0.8250000000000001,0.9764331495674777,0.4166666666666667,0.34654654654654654,0.2746268656716418,0.5428571428571428,1.0,0.5519286607896192,175.26,177.80000000000004,2.0,11011.666666666666,Marcus LeVesseur
0.0,0.0,0.0,1.0,2.0,6.0,5.0,8.5,0.5,1.0,1.0,4.0,0.5,0.5,0.5,0.5,1.5,3.0,0.0,0.5,0.0,0.0,3.5,146.5,0.4289855072463768,0.6798245614035088,0.6333333333333333,2.0413870246085013,0.05263157894736842,0.06666666666666667,0.5,0.20833333333333334,0.5,0.20833333333333334,0.37515006002400964,0.4968805704099822,0.0,0.0,0.0,0.0,0.2,0.25,0.0,0.024305555555555556,185.42,185.42000000000002,1.0,12500.0,Chad Griggs
0.6,0.0,0.0,2.6,33.0,85.6,53.2,107.4,0.4,0.6,20.6,68.2,9.2,13.0,2.8,4.0,25.6,75.2,0.4,0.6,6.4,8.4,67.4,571.2,0.41184109867165236,3.0496798861094163,0.47531523034291456,4.323272727272728,0.3357564157564158,2.1336505239308976,0.5307368421052632,0.6456969696969697,0.425,0.16533333333333333,0.36078256894466226,2.450909090909091,0.3,0.021333333333333333,0.5004608294930876,0.4563636363636364,0.021333333333333333,0.3,0.5,0.0663090909090909,172.72,172.72,1.0,10311.4,Mark Hominick
0.0,0.2,0.0,2.8,44.4,137.2,79.6,182.8,2.0,3.4,26.0,104.0,10.8,16.2,7.0,8.8,26.0,106.4,5.8,7.0,9.8,14.2,239.2,833.8,0.40032707566212916,3.285764499121266,0.5065669214809854,5.88838898652607,0.2741668386481108,2.0203163444639722,0.642016806722689,0.7987814879906269,0.6283333333333333,0.4666666666666667,0.285997450825037,1.7987814879906268,0.71,0.4176918570591681,0.545296442687747,0.8926686217008797,0.15660222612770944,0.5333333333333333,1.0,0.301953216374269,185.42,193.04,2.0,9352.0,Matthew Riddle
0.0,1.3333333333333333,0.0,2.6666666666666665,16.333333333333332,43.333333333333336,18.666666666666668,46.333333333333336,0.6666666666666666,0.6666666666666666,12.666666666666666,38.333333333333336,0.6666666666666666,1.0,2.6666666666666665,4.0,16.0,43.0,0.0,0.0,0.0,0.3333333333333333,40.666666666666664,710.6666666666666,0.3290921036369195,1.518791047860345,0.3492538671260878,2.0444444444444447,0.23676400759734095,1.0075141688248321,0.2222222222222222,0.044444444444444446,0.5185185185185185,0.2918340026773762,0.29625138114102456,1.3170013386880857,0.0,0.0,0.0,0.0,0.044444444444444446,0.3333333333333333,1.0,0.04581883087907185,172.72,175.26,1.0,12307.666666666666,Zhang Tiequan
0.2,0.0,0.0,2.2,34.2,83.4,41.8,90.4,0.4,1.0,21.8,67.4,7.6,9.8,3.8,4.2,30.2,77.8,1.0,1.6,1.2,2.0,14.6,482.8,0.38477925583188743,3.7071023406878902,0.40473478596713514,3.954469572326308,0.27703817011676357,2.1643723040125367,0.6043223443223443,0.6039133296082448,0.9428571428571428,0.826602595144968,0.37529871869493453,3.472390476281111,0.25,0.12135593220338983,0.3,0.11335593220338983,0.021333333333333333,0.2,0.3,0.01432316384180791,185.42,193.04,2.0,13288.4,Rich Franklin
0.0,0.0,0.0,3.0,16.0,38.5,51.5,79.0,0.5,5.0,3.5,20.0,6.0,9.5,6.5,9.0,13.0,35.0,2.5,3.0,0.5,0.5,23.5,900.0,0.4530769230769231,1.0666666666666667,0.6173913043478261,3.433333333333333,0.24404761904761907,0.23333333333333334,0.6136363636363636,0.4,0.625,0.43333333333333335,0.38699690402476783,0.8666666666666667,0.5,0.16666666666666666,0.5,0.03333333333333333,0.03333333333333333,0.07142857142857142,0.7142857142857143,0.026111111111111113,170.18,172.72,1.0,12429.5,Jeff Hougland
0.4,0.2,0.0,1.4,21.2,54.4,24.4,58.6,0.2,1.0,16.0,48.2,1.6,2.6,3.6,3.6,15.0,41.8,1.0,2.2,5.2,8.2,39.2,307.4,0.33284479314227594,4.025467591753727,0.36371375633145003,4.877258158343932,0.2550768403546285,2.7240847031017172,0.3090909090909091,0.1748616600790514,1.0,0.8528182069821776,0.3049994720726428,2.3902617476861936,0.3,0.14355889724310775,0.2979591836734694,0.7325490196078432,0.013333333333333332,0.06666666666666667,1.0,0.20115176830966303,187.96,195.58,2.0,10912.6,Luiz Cane
0.2,0.4,0.2,2.4,35.2,85.2,88.8,146.0,2.2,4.6,20.8,64.8,10.2,14.2,4.2,6.2,12.4,44.6,14.6,23.0,7.6,12.6,333.2,646.4,0.4103639980384166,3.411882659443395,0.5777778307744893,7.961774968727369,0.3224062760273563,2.1814375064661453,0.6464285714285715,0.8427213302860153,0.6765079365079366,0.38772382269123334,0.2888811459543167,1.2627021434684875,0.5546541368623749,1.3243717728055078,0.3706983805668016,0.6304918032786885,0.17865823951543883,0.4333333333333333,1.0,0.5457161053619137,193.04,200.66,1.0,12414.6,Stephan Bonnar
0.0,0.4,0.4,2.2,20.2,48.2,34.2,63.8,1.0,4.2,16.2,42.4,1.8,4.0,1.8,1.8,11.4,38.2,1.6,2.4,5.6,7.2,170.8,564.4,0.33639180409795105,1.534460742018982,0.4095413811059598,2.786666666666666,0.25933885346277086,1.1881768504719323,0.22000000000000003,0.12000000000000002,0.4,0.12,0.23939526808908682,0.8838689693463078,0.4166666666666667,0.10972677595628415,0.37241379310344824,0.4533333333333333,0.06972677595628415,0.16904761904761903,0.7833333333333333,0.20330418943533698,177.8,182.88,1.0,11902.6,Shane Roller
0.0,2.0,0.5,3.0,34.5,70.0,43.5,79.0,0.0,4.0,7.5,30.0,13.5,21.0,11.5,12.5,15.0,40.5,10.5,15.0,0.0,0.5,83.5,900.0,0.48713426021996264,2.3,0.5429719534197146,2.9000000000000004,0.1970474967907574,0.5,0.49601063829787234,1.0666666666666667,0.9166666666666667,0.7666666666666666,0.32346491228070173,1.0,0.6696969696969697,0.9333333333333333,0.0,0.0,0.0,0.0,0.2,0.09277777777777778,180.34,182.88,3.0,11353.5,Carlo Prater
0.8,0.6,0.0,2.8,46.4,80.8,82.4,122.4,1.6,5.6,27.6,55.8,9.8,15.0,8.6,9.6,18.0,43.2,15.4,21.4,10.4,13.2,248.8,785.8,0.6085281385281385,3.7412765957446807,0.6737199135474997,6.650374873353597,0.5247729878301104,2.372239108409321,0.6933021279795473,0.7458966565349544,0.7642857142857142,0.6231408308004053,0.4146191426541865,1.4314083080040527,0.750064935064935,1.32,0.79781206171108,0.7858966565349544,0.14314083080040527,0.31238095238095237,0.9866666666666667,0.3327468671679198,182.88,185.42000000000002,1.0,13706.8,Aaron Simpson
0.2,0.6,0.0,2.2,31.0,91.0,40.6,102.6,0.8,2.4,25.0,75.2,2.4,3.8,3.6,4.8,23.0,76.8,3.8,7.0,4.2,6.4,100.8,630.8,0.35413374843063006,3.1666293285646985,0.44354876794759496,3.8480182724622503,0.30077694235588975,2.4402638678833153,0.5095238095238096,0.20204150989197717,0.6888888888888889,0.4457274595613354,0.30046629340917685,2.261792550227732,0.42439393939393943,0.4105336408140146,0.2859259259259259,0.43445887445887443,0.05401869158878505,0.18571428571428572,0.2,0.16871487909805666,182.88,187.96,1.0,10732.0,Dan Hardy
0.2,0.2,0.2,1.6,13.6,32.4,20.4,40.6,0.8,1.2,10.2,28.6,1.8,2.2,1.4,1.4,7.6,23.2,1.8,3.0,4.0,5.8,93.0,355.0,0.3888877855014895,2.413271459599101,0.44819313507237524,3.3733210711315103,0.3152231148869804,1.9424544685572873,0.72,0.2631968359649942,0.6,0.1586958622837445,0.3102273977626994,1.4811028852808565,0.5166666666666667,0.24244489490033505,0.5769696969696969,0.6247246202696938,0.110495172843351,0.3,0.9,0.2084483051847255,185.42,190.5,1.0,10831.2,DaMarques Johnson
0.6666666666666666,0.0,0.0,1.3333333333333333,8.333333333333334,17.0,16.0,26.333333333333332,0.6666666666666666,0.6666666666666666,5.666666666666667,14.0,0.6666666666666666,0.6666666666666666,2.0,2.3333333333333335,3.6666666666666665,10.0,2.0,2.6666666666666665,2.6666666666666665,5.0,49.333333333333336,218.66666666666666,0.5252039627039627,4.176030576030576,0.6267105263157895,6.783374283374283,0.4353195823784059,2.982644757211231,0.3333333333333333,0.27027027027027023,0.6,0.804040404040404,0.4477264590046545,2.5391755391755395,0.7777777777777777,0.938957138957139,0.3511904761904762,1.4967900451771419,0.15444015444015444,0.3333333333333333,0.3333333333333333,0.3178503787878788,185.42,193.04,1.0,10794.666666666666,Che Mills
0.0,0.0,0.0,1.8,48.0,109.2,56.6,117.6,0.2,1.2,27.4,80.4,13.2,18.2,4.4,5.8,35.4,90.8,12.0,16.2,0.4,0.8,34.4,472.6,0.3945357960117686,5.570496436583393,0.44191444243082073,6.325044027652724,0.3001019387550254,3.197026128722535,0.5653796376186367,1.4419624819624821,0.6840336134453782,0.49967626576322227,0.3093452537800364,3.6244275896449816,0.695334500581877,1.4544144144144144,0.3,0.026666666666666665,0.013333333333333332,0.1,0.6,0.04686956521739131,177.8,177.8,1.0,12179.6,Duane Ludwig
0.0,0.0,0.0,2.3333333333333335,30.666666666666668,94.33333333333333,48.666666666666664,113.33333333333333,0.6666666666666666,1.0,16.0,75.66666666666667,6.333333333333333,8.333333333333334,8.0,10.0,23.333333333333332,82.33333333333333,5.0,8.333333333333334,2.0,2.6666666666666665,33.666666666666664,622.6666666666666,0.45521048999309865,3.716908212560386,0.542695955805712,4.894685990338164,0.3695365207516423,1.914009661835749,0.4666666666666666,0.4222222222222222,0.8388888888888889,1.1777777777777778,0.4051530700309121,3.25024154589372,0.4222222222222222,0.3333333333333333,0.4444444444444444,0.13333333333333333,0.044444444444444446,0.2222222222222222,-0.7777777777777777,0.03740740740740741,175.26,185.42,1.0,9321.666666666666,Jason Young
0.0,1.0,0.3333333333333333,2.3333333333333335,20.0,68.0,27.333333333333332,76.0,0.0,0.3333333333333333,10.666666666666666,49.666666666666664,4.333333333333333,8.333333333333334,5.0,10.0,16.333333333333332,63.666666666666664,1.0,1.0,2.3333333333333335,3.3333333333333335,25.333333333333332,623.0,0.2709937464805429,1.578743961352657,0.3417439872633076,2.111111111111111,0.1875707413695529,0.7111111111111111,0.6666666666666666,0.5565217391304348,0.1724137931034483,0.3333333333333333,0.2184590886820186,1.3565217391304347,0.3333333333333333,0.06666666666666667,0.5238095238095238,0.15555555555555556,0.0,0.0,0.0,0.028148148148148148,180.34,190.5,1.0,10126.0,Walel Watson
0.0,0.0,0.0,1.6666666666666667,28.0,56.0,39.0,69.0,0.0,1.0,14.0,41.0,3.6666666666666665,3.6666666666666665,8.666666666666666,11.0,20.666666666666668,46.666666666666664,7.0,7.333333333333333,0.0,1.0,109.0,403.0,0.5415499533146592,5.246717110080547,0.5891582583816524,6.383185528706641,0.39098837209302323,2.695234995796382,1.0,1.2667896111879515,0.5214285714285715,0.8489626556016597,0.5101771081152524,4.658519784123885,0.5555555555555555,0.5881973259566621,0.0,0.0,0.0,0.0,0.6666666666666666,0.1423789764868603,172.72,180.34,2.0,10738.666666666666,Ken Stone
0.0,0.5,0.0,2.0,23.5,48.5,30.5,56.5,0.0,2.0,9.5,32.5,8.5,9.5,5.5,6.5,18.0,41.5,5.5,7.0,0.0,0.0,27.0,544.5,0.4910138248847926,2.6034931904382685,0.5509348807221148,3.3658739050035766,0.27389705882352944,1.0601050116754627,0.9230769230769231,0.9312362492745017,0.8,0.6121519294883043,0.4072463768115942,2.00763966687813,0.6666666666666667,0.5958535235601388,0.0,0.0,0.0,0.0,0.6666666666666667,0.04875517972113866,185.42,190.5,1.0,11825.5,Oli Thompson
0.2,1.0,0.4,3.0,34.6,86.8,67.4,125.4,1.2,3.8,27.2,77.4,4.8,5.8,2.6,3.6,29.4,79.6,2.6,3.4,2.6,3.8,168.4,900.0,0.40330882160794823,2.3066666666666666,0.5504340144943969,4.493333333333334,0.36303774099421104,1.8133333333333332,0.76,0.32,0.7166666666666667,0.17333333333333334,0.3535967118901545,1.9600000000000002,0.6528571428571428,0.17333333333333334,0.3333333333333333,0.17333333333333334,0.07999999999999999,0.22999999999999998,-0.5,0.18711111111111112,167.64000000000001,172.72,1.0,13089.6,Michihiro Omigawa
0.0,0.3333333333333333,0.6666666666666666,1.6666666666666667,15.666666666666666,42.666666666666664,36.0,65.33333333333333,1.0,2.0,9.666666666666666,33.0,3.0,6.0,3.0,3.6666666666666665,11.333333333333334,32.666666666666664,2.0,3.3333333333333335,2.3333333333333335,6.666666666666667,136.0,380.6666666666667,0.35620978854061564,2.824841422238478,0.5275187969924812,5.8560489838492815,0.263991263991264,1.5774939803102808,0.6666666666666666,0.492303940991801,0.9259259259259259,0.7105990564919518,0.36296296296296293,2.214324660238891,0.8333333333333334,0.29370667262709077,0.3333333333333333,0.31681008937249605,0.14005642083303702,0.4166666666666667,0.3333333333333333,0.3144993719965051,167.64000000000001,167.64000000000001,1.0,10682.333333333334,Damacio Page
0.0,0.25,0.25,3.0,24.5,82.25,46.5,106.0,0.5,2.75,20.0,75.5,2.5,4.75,2.0,2.0,20.5,74.5,3.5,6.75,0.5,1.0,97.25,900.0,0.30216653298286983,1.6333333333333333,0.41417881556214287,3.1,0.2655627979745235,1.3333333333333333,0.3125,0.16666666666666669,0.75,0.13333333333333333,0.2719449457352683,1.3666666666666667,0.5257936507936508,0.23333333333333334,0.3333333333333333,0.03333333333333333,0.03333333333333333,0.05,-0.25,0.10805555555555557,177.8,182.88,1.0,10954.25,John Alessio
0.0,0.0,0.2,2.2,42.2,130.6,65.6,160.2,1.0,1.6,25.6,104.4,8.6,15.6,8.0,12.6,36.4,117.2,2.4,5.0,3.4,7.0,95.2,603.2,0.2741331328280948,3.2292573056076264,0.3485873554401325,4.835037272766904,0.17830728183442823,1.8453079907580974,0.36052287581699344,0.5733333333333334,0.5812280701754386,0.8106159815161951,0.2406052551885609,2.842590638940959,0.33111111111111113,0.16,0.2403225806451613,0.22666666666666666,0.06666666666666667,0.14285714285714285,1.0,0.10577777777777778,190.5,195.58,1.0,11595.8,Forrest Griffin
0.2,0.4,0.0,2.0,21.2,63.8,30.6,74.0,0.8,2.0,16.2,55.6,3.0,5.0,2.0,3.2,17.0,56.6,2.8,5.0,1.4,2.2,58.0,539.8,0.3521942721247145,2.426465633579971,0.4209931790022208,3.4308045977011496,0.3163698541747322,1.8061949872787308,0.6133333333333333,0.3936000288709648,0.23030303030303031,0.22344827586206897,0.30052320058458165,1.7954807869615172,0.4261904761904762,0.45599162742019883,0.34285714285714286,0.18344827586206897,0.060408163265306125,0.3,0.8,0.12599387694954195,190.5,187.96,1.0,13337.6,Tito Ortiz
0.0,0.0,0.0,2.25,24.0,37.0,34.75,49.0,0.75,4.0,8.5,19.5,3.5,5.75,7.25,8.5,8.75,20.5,7.75,11.0,4.5,4.5,160.0,545.5,0.5679037862449077,2.19749897071881,0.6597775338178882,3.5279194382852923,0.4480565730565731,0.8454445296364602,0.5625,0.2693404634581105,0.9878048780487805,0.8265542802486849,0.47146250642013354,1.0128679187861398,0.6586021505376344,0.6735294117647058,0.5,0.3587344028520499,0.05454545454545455,0.10416666666666666,0.7083333333333333,0.22650772430184196,177.8,187.96,2.0,11179.0,Ricardo Funch
0.0,0.0,0.0,2.6,34.4,100.4,47.6,115.0,0.2,0.4,17.8,78.6,6.8,9.6,9.8,12.2,31.8,96.2,2.4,4.0,0.2,0.2,7.8,742.8,0.33720692608389646,2.481322089754774,0.46353814473172567,3.7615643218261368,0.19052406796752247,1.2251093828811392,0.7453634085213033,0.5005421637282848,0.855042735042735,0.7268405062697212,0.31177769075301925,2.2582482316922965,0.6428571428571429,0.1809104878535149,0.2,0.013333333333333332,0.013333333333333332,0.2,-1.4,0.008869072894550602,170.18,172.72,2.0,12695.4,Spencer Fisher
0.0,1.0,0.6666666666666666,2.3333333333333335,13.333333333333334,39.666666666666664,24.333333333333332,53.666666666666664,0.0,1.6666666666666667,4.0,26.333333333333332,3.3333333333333335,5.0,6.0,8.0,9.0,32.333333333333336,4.0,6.0,0.3333333333333333,0.6666666666666666,79.33333333333333,647.0,0.4119250829777146,1.1281323877068556,0.5131313131313132,1.9810874704491723,0.20811287477954143,0.3862884160756501,0.4000000000000001,0.2222222222222222,0.8823529411764706,0.5196217494089834,0.34409937888198755,0.8392434988179668,0.3452380952380952,0.26666666666666666,0.16666666666666666,0.022222222222222223,0.0,0.0,-0.8666666666666667,0.13599684791174152,177.80000000000004,185.42,1.0,10935.0,Carlos Eduardo Rocha
0.0,0.0,0.0,2.0,24.0,50.666666666666664,31.666666666666668,59.0,1.0,2.6666666666666665,15.0,37.666666666666664,7.666666666666667,11.0,1.3333333333333333,1.6666666666666667,8.333333333333334,31.0,6.333333333333333,9.0,7.0,9.666666666666666,62.666666666666664,446.0,0.4919550111039473,3.3332787332787333,0.5260650480989465,4.172317772317773,0.37981220657277,2.2008736008736007,0.7679012345679013,0.948020748020748,0.5833333333333334,0.1843843843843844,0.337037037037037,1.4293748293748294,0.4066666666666667,0.454054054054054,0.632183908045977,0.8655588139459107,0.06666666666666667,0.14285714285714285,0.3333333333333333,0.0935972335972336,182.88,185.42,1.0,10254.0,Jake Hecht
0.0,0.0,0.0,2.3333333333333335,13.666666666666666,62.0,18.333333333333332,67.0,0.3333333333333333,2.0,8.0,54.0,3.0,4.666666666666667,2.6666666666666665,3.3333333333333335,12.333333333333334,59.666666666666664,1.0,2.0,0.3333333333333333,0.3333333333333333,21.666666666666668,521.0,0.22891963109354416,1.464625850340136,0.2783634485961228,1.8362811791383222,0.15231978389873127,0.8282051282051283,0.7166666666666667,0.4182103610675039,0.5833333333333334,0.2182103610675039,0.19598651960784316,1.1824699110413397,0.5,0.2549450549450549,0.3333333333333333,0.027210884353741496,0.027210884353741496,0.1111111111111111,0.888888888888889,0.029500261643118784,172.72,172.72,1.0,13625.333333333334,Kamal Shalorus
0.0,0.6666666666666666,0.6666666666666666,3.0,27.0,97.66666666666667,39.0,111.0,0.0,2.3333333333333335,16.0,80.33333333333333,7.0,12.0,4.0,5.333333333333333,21.666666666666668,90.0,3.3333333333333335,4.666666666666667,2.0,3.0,19.333333333333332,900.0,0.38892537858055104,1.8,0.49015963834145654,2.6,0.27974810503296665,1.0666666666666667,0.6785714285714285,0.4666666666666666,0.8214285714285715,0.26666666666666666,0.308312707650456,1.4444444444444444,0.8055555555555555,0.22222222222222224,0.5238095238095238,0.13333333333333333,0.0,0.0,-0.5555555555555556,0.02148148148148148,167.64000000000001,175.26,1.0,11598.666666666666,Jeff Curran
0.0,0.2,0.0,1.0,3.0,7.0,5.2,9.4,0.0,1.2,1.0,5.4,0.8,0.8,0.6,0.6,1.2,4.4,1.2,1.6,0.0,0.0,18.6,140.4,0.4386569872958258,0.9819705116631996,0.49489669421487603,1.8621299279945898,0.13579622132253708,0.3968155070958809,0.4,0.253411306042885,0.4,0.22978080120937264,0.2042016806722689,0.49231927114280055,0.5333333333333333,0.4091180331781835,0.0,0.0,0.0,0.0,0.8,0.14707688957297513,190.5,200.66,1.0,12999.4,Jason MacDonald
0.0,0.4,0.0,2.4,22.6,49.4,30.2,57.6,1.6,6.8,18.2,44.4,2.4,3.4,1.4,1.6,19.6,44.4,2.2,4.2,0.6,0.8,189.6,605.0,0.39295288035478915,1.8368660069793012,0.5036758672559667,2.5060357097690247,0.31290999237223494,1.419847549408478,0.64,0.20058496878556892,0.6,0.09518987341772153,0.3046399584015683,1.479720623448785,0.5051948051948052,0.22598006415341634,0.2,0.045569620253164564,0.1486469147725313,0.21948900772430183,1.0,0.27831847862565623,187.96,185.42000000000002,2.0,10519.2,Mike Massenzio
0.0,0.0,0.0,2.0,37.5,95.5,74.0,137.0,0.0,0.5,28.5,85.0,6.5,8.0,2.0,2.5,31.5,86.0,5.5,9.5,0.0,0.0,4.0,407.0,0.2995627884381832,3.455577719809728,0.5374899759422614,9.25,0.20353097934710193,2.482312925170068,0.40625,0.5685131195335277,0.4,0.1749271137026239,0.2525735294117647,2.791584166133986,0.2894736842105263,0.4810495626822157,0.0,0.0,0.0,0.0,0.5,0.0058309037900874635,193.04,195.58,1.0,10373.5,Aaron Rosa
0.0,0.5,0.0,1.0,9.0,11.0,16.5,20.0,1.5,2.5,5.5,7.5,1.5,1.5,2.0,2.0,4.0,6.0,2.0,2.0,3.0,3.0,96.0,161.5,0.7219298245614034,3.5236363636363635,0.775,5.796363636363637,0.6107142857142858,2.0206060606060605,1.0,0.6315151515151515,1.0,0.8715151515151515,0.6496598639455782,1.743030303030303,1.0,0.8715151515151515,0.5,0.9090909090909092,0.2,0.3,1.0,0.39432748538011697,175.26,182.88,1.0,11271.0,Mackens Semerzier
0.0,0.4,0.0,3.0,47.0,152.0,52.6,158.2,0.4,1.8,21.8,114.2,16.4,25.4,7.6,10.4,39.6,142.0,5.6,8.0,1.8,2.0,21.8,900.0,0.3036099482440946,3.1333333333333337,0.32660827389298946,3.5066666666666664,0.18744790345783724,1.4533333333333334,0.6502944070011599,1.1733333333333333,0.6900000000000001,0.5066666666666666,0.27215999591000534,2.64,0.7884057971014493,0.37333333333333335,0.3,0.12,0.026666666666666665,0.22857142857142856,0.4,0.02422222222222222,187.96,190.5,1.0,8942.2,Steve Cantwell
0.0,0.0,0.3333333333333333,2.3333333333333335,17.333333333333332,47.333333333333336,21.666666666666668,51.666666666666664,0.6666666666666666,2.6666666666666665,12.666666666666666,41.0,3.6666666666666665,5.333333333333333,1.0,1.0,13.666666666666666,40.333333333333336,3.0,5.666666666666667,0.6666666666666666,1.3333333333333333,105.33333333333333,689.6666666666666,0.40347985347985343,2.250227178851714,0.4615210547028729,2.6724494010739366,0.33134436845409193,1.8348616274266831,0.6523809523809524,0.3486988847583643,0.6666666666666666,0.06666666666666667,0.37227786337955826,1.79727385377943,0.6148148148148148,0.4085088806278397,0.2222222222222222,0.044444444444444446,0.09657166460140437,0.25,1.0,0.15091973013906101,162.56,167.64000000000001,2.0,12601.666666666666,Norifumi Yamamoto
0.0,0.0,0.0,1.5,11.5,46.0,14.0,48.5,0.0,0.5,4.5,37.5,2.5,3.5,4.0,5.0,8.5,43.0,2.0,3.0,0.0,0.0,35.0,223.5,0.24264087468460893,2.33311345646438,0.2784269022513537,2.6664028144239227,0.1165158371040724,0.7734322984736025,0.35714285714285715,0.395778364116095,0.6666666666666666,1.304089709762533,0.17669172932330826,2.016490765171504,0.3333333333333333,0.316622691292876,0.0,0.0,0.0,0.0,0.5,0.09234828496042216,182.88,182.88,1.0,10517.5,Chris Cope
0.0,1.6,0.2,2.2,7.4,35.8,24.4,55.0,0.8,3.0,3.2,28.2,3.0,4.4,1.4,3.2,6.2,33.8,1.2,1.8,0.0,0.2,91.0,599.6,0.26079414838035525,1.0628445988557862,0.41144241022000594,2.235433789954338,0.17336120401337793,0.5271249946656424,0.44666666666666666,0.2,0.2866666666666667,0.24438356164383562,0.23213327655950605,0.8354337899543379,0.25,0.07999999999999999,0.0,0.0,0.16,0.37857142857142856,0.6,0.17681278538812786,177.8,187.96,2.0,11227.8,Daniel Roberts
0.8,0.0,0.4,2.4,26.8,68.2,61.0,112.2,0.2,0.4,20.8,60.6,4.4,5.8,1.6,1.8,10.0,37.6,7.4,12.2,8.6,13.0,178.4,549.4,0.3665672690480875,2.917910812679344,0.5262388254859396,6.6119391074146225,0.3169562398164466,2.3254418152925576,0.48571428571428577,0.40821632129322144,0.5333333333333333,0.18425267609356416,0.25602251561553885,1.2181176045960744,0.33461538461538465,0.8266666666666668,0.47703703703703704,0.8946214592190014,0.013333333333333332,0.1,0.4,0.27491251762559343,185.42,185.42000000000002,1.0,13697.8,Jorge Rivera
0.0,0.4,0.4,2.4,18.8,67.6,44.0,94.8,0.8,1.8,16.6,64.4,1.6,2.6,0.6,0.6,10.6,56.6,2.6,4.4,5.8,7.4,114.0,661.2,0.4280309845077461,2.2920501992505797,0.5330272038151938,5.375788576300086,0.3630388245388245,2.093311921330716,0.5095238095238096,0.1240238704177323,0.4,0.07471440750213129,0.1955767175291169,0.7520855614973263,0.42666666666666664,0.17333333333333334,0.5466666666666666,0.8860017050298381,0.08804774083546463,0.21333333333333332,0.4,0.2977240497076023,190.5,193.04,1.0,12002.0,Eric Schafer
0.0,1.0,0.5,1.75,19.5,56.75,37.75,78.5,1.5,2.25,16.0,52.0,1.75,2.5,1.75,2.25,6.5,34.75,1.25,1.75,8.75,13.5,210.75,414.5,0.35273613193403297,2.932384313860828,0.4449532615599222,5.42047715819521,0.298268921095008,2.4969541439083063,0.5625,0.24797818531743823,0.45,0.18745198463508322,0.19567911434236618,0.8555762029843054,0.5625,0.15481048345408419,0.4185185185185185,1.0937340256665502,0.22667347961285503,0.7083333333333333,0.875,0.4551927457496737,193.04,200.66,1.0,9019.25,Christian Morecraft
0.0,0.0,0.3333333333333333,1.6666666666666667,17.333333333333332,29.666666666666668,20.666666666666668,34.333333333333336,1.3333333333333333,4.333333333333333,11.666666666666666,22.0,3.6666666666666665,5.333333333333333,1.6666666666666667,2.3333333333333335,11.666666666666666,21.333333333333332,4.333333333333333,6.666666666666667,1.0,1.6666666666666667,152.66666666666666,424.6666666666667,0.4381642512077295,1.6909941520467837,0.5039502164502164,2.3149820788530464,0.34401709401709407,1.0324014336917562,0.47222222222222215,0.4177777777777778,0.5333333333333333,0.22666666666666666,0.390146750524109,1.0324014336917562,0.39926739926739924,0.46222222222222226,0.4444444444444444,0.1822222222222222,0.14666666666666667,0.2222222222222222,0.48148148148148145,0.2842222222222222,175.26,182.88,1.0,9990.666666666666,Junior Assuncao
0.2,0.2,0.0,1.6,20.2,29.0,38.2,47.8,1.0,2.6,14.8,23.2,3.6,3.8,1.8,2.0,3.8,11.6,4.0,4.4,9.0,11.4,149.4,346.4,0.5614035087719298,3.286614239779012,0.669394829612221,5.8939929897972245,0.4425595238095238,2.3593195938633706,0.9333333333333332,0.5795951370697693,0.7333333333333333,0.34910457132857464,0.34549019607843134,0.9004927217434189,0.7446153846153847,0.6503604121170312,0.5913043478260869,1.1875258118009147,0.1536469784295265,0.41666666666666663,1.0,0.349523259485941,190.5,200.66,1.0,11985.0,Brock Lesnar
0.0,0.6,0.0,2.4,41.4,92.2,62.6,116.2,0.0,0.8,24.0,71.8,7.0,10.0,6.6,8.6,23.4,64.6,7.6,13.6,6.6,9.4,143.4,604.0,0.45392179636082075,4.665783696848283,0.5101227165785658,6.133024463192347,0.34812672255122246,3.067847220262784,0.6714285714285715,0.895146299483649,0.5967171717171718,0.5294568437685166,0.38935839228522157,3.2785732155789433,0.5316666666666666,0.6938771479360064,0.33999999999999997,0.6793352883675464,0.0,0.0,0.6,0.17846897974411308,185.42,195.58,0.0,12196.6,Krzysztof Soszynski
0.5,0.0,0.25,2.75,28.5,55.75,54.5,86.0,0.5,1.25,17.5,43.25,6.0,7.25,5.0,5.25,12.25,30.0,2.75,4.75,10.5,16.75,202.75,767.5,0.4988987440410708,2.40719813773505,0.6166035083127102,4.736036036036036,0.3861382688054125,1.513787151637619,0.7830882352941176,0.4716216216216216,0.7222222222222222,0.3572072072072072,0.43915295177270125,0.9288288288288289,0.46136363636363636,0.18333333333333335,0.47021531100478464,1.2103603603603605,0.057207207207207206,0.25,0.875,0.32236486486486493,177.8,182.88,1.0,12347.75,Rich Attonito
0.0,1.5,0.0,2.75,23.25,41.75,50.75,71.0,2.0,3.75,13.5,29.75,6.5,7.75,3.25,4.25,5.0,16.0,10.25,14.25,7.0,10.25,276.5,777.0,0.5872532330311021,1.8112745098039216,0.7287464985994399,3.865686274509804,0.4895465067340067,1.121078431372549,0.8409722222222222,0.4534313725490196,0.7847222222222222,0.23676470588235296,0.2698879551820728,0.3567736185383244,0.7738839285714286,0.8269607843137257,0.475,0.6676470588235295,0.15343137254901962,0.475,0.95,0.4182163742690058,180.34,190.5,1.0,11203.5,Claude Patrick
0.2,0.8,0.4,1.8,13.8,26.4,41.0,57.4,1.4,2.8,10.6,22.0,2.2,2.8,0.6,1.2,1.6,7.8,2.2,3.2,9.2,13.2,243.8,469.6,0.4838659737117088,3.1114796625134677,0.6878884078884078,6.435525853217077,0.3946075353218211,2.3243425183697206,0.45,0.49378026070763503,0.15,0.04,0.21848739495798317,0.3684701884152132,0.4714285714285714,0.4134078212290503,0.5189393939393938,1.077414614495742,0.1790074921981643,0.4666666666666666,0.9,0.4852053479430107,175.26,182.88,1.0,12809.8,Dennis Hallman
0.0,0.0,0.0,2.0,19.0,106.0,28.0,114.5,0.0,2.5,11.0,86.5,2.5,7.5,5.5,11.0,17.0,103.0,1.5,1.5,1.0,1.0,6.0,596.0,0.4509153318077803,1.4748858447488584,0.5178861788617887,3.3242009132420094,0.3812130177514793,0.9415525114155251,0.16666666666666666,0.16666666666666666,0.25,0.36666666666666664,0.13970588235294118,1.1802139037433157,1.0,0.16940639269406393,0.5,0.20547945205479454,0.0,0.0,-0.5,0.006666666666666667,175.26,190.5,2.0,10618.5,Shamar Bailey
0.0,1.0,0.6666666666666666,3.0,49.0,109.66666666666667,104.33333333333333,171.66666666666666,0.0,0.6666666666666666,29.0,87.33333333333333,10.666666666666666,11.666666666666666,9.333333333333334,10.666666666666666,38.0,97.0,9.666666666666666,12.0,0.3333333333333333,0.6666666666666666,158.66666666666666,900.0,0.47973460858284533,3.3129008202833705,0.6361150140505821,7.066666666666666,0.31575757575757574,1.9601246105919004,0.8869047619047619,0.7111111111111111,0.625,0.6222222222222222,0.31610096827488127,2.577777777777778,0.7129629629629629,0.7111111111111112,0.16666666666666666,0.022222222222222223,0.0,0.0,1.0,0.1762962962962963,175.26,193.04,1.0,11108.0,Miguel Torres
0.0,0.6666666666666666,0.0,3.0,26.666666666666668,76.33333333333333,44.0,96.33333333333333,2.3333333333333335,5.333333333333333,12.0,56.333333333333336,7.0,10.333333333333334,7.666666666666667,9.666666666666666,20.666666666666668,67.66666666666667,5.0,7.0,1.0,1.6666666666666667,275.0,891.0,0.3752025502400315,1.7901489117983964,0.4801428385038631,2.972508591065292,0.20108075488259822,0.8041237113402061,0.7037037037037037,0.4694158075601374,0.7845117845117845,0.5166093928980526,0.3295219052099786,1.3894616265750284,0.4222222222222222,0.3333333333333333,0.6666666666666666,0.06735395189003436,0.20000000000000004,0.5370370370370371,0.9629629629629629,0.3218518518518519,170.18,172.72,1.0,8883.0,Nick Pace
0.0,0.8,0.6,2.2,23.8,63.8,48.2,90.2,1.2,5.6,17.8,55.6,2.2,2.6,3.4,5.2,13.2,44.8,6.4,12.6,2.4,3.2,189.8,569.0,0.4003464282896146,2.289177489177489,0.5241439258466907,3.9466666666666663,0.34474164133738605,1.9158441558441557,0.5083333333333333,0.14666666666666667,0.34141414141414145,0.22666666666666666,0.3222348207575713,1.609177489177489,0.27648829431438127,0.52,0.30476190476190473,0.16,0.08,0.14615384615384616,0.9333333333333333,0.2108888888888889,180.34,180.34,1.0,12855.8,Jason Brilz
0.0,0.0,0.0,2.6666666666666665,27.333333333333332,58.0,36.333333333333336,67.66666666666667,0.6666666666666666,1.6666666666666667,9.333333333333334,34.666666666666664,13.666666666666666,16.333333333333332,4.333333333333333,7.0,22.0,49.0,5.0,8.333333333333334,0.3333333333333333,0.6666666666666666,56.0,790.0,0.476191466860838,2.195321637426901,0.53505291005291,2.846783625730994,0.2751156889087924,0.7508771929824561,0.8362573099415206,1.1169590643274854,0.7083333333333334,0.32748538011695905,0.454147465437788,1.6596491228070176,0.3444444444444444,0.5134502923976608,0.16666666666666666,0.022222222222222223,0.044444444444444446,0.16666666666666666,0.6666666666666666,0.07079922027290449,170.18,182.88,1.0,10958.666666666666,Cole Escovedo
0.0,0.6666666666666666,0.3333333333333333,2.0,25.0,52.0,45.666666666666664,74.66666666666667,0.3333333333333333,0.3333333333333333,12.666666666666666,38.666666666666664,9.0,9.333333333333334,3.3333333333333335,4.0,12.666666666666666,37.333333333333336,8.0,10.333333333333334,3.6666666666666665,4.333333333333333,76.66666666666667,455.3333333333333,0.4193121693121693,3.1884237016700983,0.49862490450725744,4.755448791275833,0.22016806722689075,1.2886143521696027,0.6111111111111112,0.7577060931899641,0.9047619047619048,0.9132616487455197,0.3365079365079365,2.2400366048959053,0.5155555555555555,0.7039426523297491,0.28205128205128205,0.24444444444444444,0.022222222222222223,0.3333333333333333,1.0,0.08518518518518518,185.42,187.96,1.0,11297.666666666666,Clay Harvison
0.0,1.5,0.5,3.0,25.5,48.5,83.5,111.0,0.0,0.0,13.5,34.5,6.5,6.5,5.5,7.5,10.5,32.5,4.5,5.0,10.5,11.0,92.5,900.0,0.5554824561403509,1.7,0.7248774509803921,5.566666666666666,0.4279964221824687,0.9,1.0,0.4333333333333333,0.8333333333333333,0.3666666666666667,0.30952380952380953,0.7,0.9166666666666667,0.3,0.4772727272727273,0.7,0.0,0.0,-0.5,0.10277777777777777,187.96,187.96,1.0,10453.0,Rob Broughton
0.0,0.5,0.0,3.0,19.0,57.5,35.0,75.0,0.0,0.0,6.5,40.5,9.0,12.0,3.5,5.0,11.0,48.0,8.0,9.5,0.0,0.0,29.5,900.0,0.29292929292929293,1.3298245614035087,0.4801130189089329,2.3333333333333335,0.16035714285714286,0.43333333333333335,0.8636363636363636,0.6,0.35,0.23333333333333334,0.2175824175824176,0.7333333333333333,0.9166666666666667,0.5333333333333333,0.0,0.0,0.0,0.0,-1.0,0.03277777777777778,182.88,182.88,1.0,9261.5,Danny Downes
0.2,0.4,0.0,2.2,26.6,58.0,47.6,83.4,1.0,3.2,10.8,39.0,4.6,5.2,10.2,13.0,20.0,49.8,5.4,6.8,1.0,1.4,134.6,586.6,0.3902377668308703,2.65219696969697,0.471435261442151,4.0388636363636365,0.23713403263403263,1.1277272727272727,0.5,0.3660606060606061,0.9030303030303031,1.158409090909091,0.35625951873286626,2.2121969696969694,0.3909090909090909,0.3733333333333333,0.32,0.06666666666666668,0.09266409266409267,0.12307692307692308,1.0,0.14955555555555558,167.64000000000001,172.72,1.0,9767.8,Tyson Griffin
0.2,0.4,0.0,2.6,23.0,88.0,39.8,105.0,0.2,1.0,14.6,76.6,4.4,6.8,4.0,4.6,20.0,82.6,2.2,3.6,0.8,1.8,30.8,747.0,0.2850135417334745,1.6844444444444444,0.3821081606700983,2.88,0.21918289182995068,1.1244444444444444,0.5450854700854701,0.29333333333333333,0.55,0.2666666666666667,0.2477642620796508,1.4844444444444445,0.22857142857142856,0.14666666666666667,0.08888888888888888,0.05333333333333333,0.013333333333333332,0.06666666666666667,0.9333333333333333,0.03422222222222222,187.96,195.58,1.0,10935.0,Eliot Marshall
0.2,0.6,0.0,3.2,33.8,113.2,66.2,149.4,1.4,4.8,21.2,92.6,6.8,12.2,5.8,8.4,22.6,96.6,6.2,10.0,5.0,6.6,165.8,782.2,0.29770050383231694,2.460779523253115,0.4371544195073607,4.810991033948249,0.2197334988822724,1.7231253634221282,0.5851851851851853,0.42526728591043395,0.5748447204968945,0.3123868739205527,0.22873938629662244,1.676205853309256,0.6736713286713287,0.4099730507000917,0.6857142857142857,0.3746006192437672,0.10421222672032922,0.2994152046783626,1.0,0.17063705102531923,177.8,187.96,2.0,12568.8,Kenny Florian
0.0,0.6666666666666666,0.3333333333333333,1.3333333333333333,7.666666666666667,14.0,10.0,16.666666666666668,0.3333333333333333,3.3333333333333335,5.0,10.666666666666666,2.0,2.0,0.0,0.0,2.6666666666666665,6.666666666666667,0.0,0.3333333333333333,4.333333333333333,5.0,79.66666666666667,207.0,0.38599033816425116,1.9113247035113556,0.41192411924119243,2.2976272295859927,0.30921052631578944,1.5106856488299787,0.3333333333333333,0.24742268041237112,0.0,0.0,0.2931839402427638,1.2532795686222007,0.0,0.0,0.2888888888888889,0.5360824742268041,0.041237113402061855,0.047619047619047616,1.0,0.16426116838487972,182.88,193.04,1.0,11988.666666666666,Ricardo Romero
0.2,0.2,0.0,1.6,12.6,29.4,23.8,41.2,0.8,2.4,6.6,23.0,3.8,4.0,2.0,2.2,6.2,20.6,1.0,1.8,5.4,6.8,138.2,364.8,0.456808968520094,3.1889083242578637,0.521453297988461,4.232843706857639,0.29824945409851067,2.0192335233027046,0.4,0.6844444444444445,0.5333333333333333,0.3202493271001558,0.28557422969187674,2.2838204041351786,0.16666666666666669,0.06666666666666667,0.32999999999999996,0.5383425414364641,0.07314917127071822,0.14857142857142858,0.9714285714285715,0.22443830570902393,175.26,185.42000000000002,3.0,13304.2,Matt Hughes
0.0,2.2,0.6,2.4,48.4,114.2,72.8,136.0,0.0,0.2,32.2,92.2,12.4,16.4,0.2,0.4,40.8,102.8,4.4,8.2,0.0,0.0,51.4,635.8,0.39531139550407723,4.484574789232477,0.47992199376642725,6.269278764524369,0.3181653300932477,3.136258255184109,0.6074289387886302,1.012385466034755,0.2,0.014018691588785045,0.35966421077342575,3.5272920088217354,0.4666666666666667,0.38943231312102283,0.0,0.0,0.0,0.0,0.0,0.09408943221469243,180.34,172.72,1.0,13221.8,Chris Lytle
0.4,0.0,0.0,2.2,24.6,83.8,31.8,91.0,0.0,0.2,12.2,63.0,7.0,12.8,5.4,8.0,17.0,74.4,7.0,8.6,0.6,0.8,21.0,623.8,0.37325365455800236,2.8305771775334216,0.42281613215898267,3.310577177533422,0.24652190863632512,1.2658466030934892,0.5982266009852217,0.7686429103739868,0.533235294117647,0.7960876640659457,0.28316379911648454,2.1396200818238507,0.6690058479532164,0.5588118811881189,0.3333333333333333,0.13214521452145214,0.0,0.0,0.6,0.033315731573157314,180.34,185.42000000000002,1.0,10508.6,Andre Winner
0.0,1.4,0.0,2.4,16.0,44.8,23.2,53.2,1.4,4.4,12.6,38.6,2.0,3.4,1.4,2.8,10.0,36.8,1.0,1.6,5.0,6.4,174.4,671.4,0.33836552733019404,1.8767004611532538,0.3943518859308333,2.6653174372395076,0.29441444071425094,1.453170495299021,0.44000000000000006,0.22526315789473683,0.45,0.18526315789473685,0.24608160662607123,1.2445439565765242,0.55,0.07543278084714548,0.36,0.5437200736648251,0.11086556169429099,0.22380952380952382,0.9333333333333333,0.23454020871700426,170.18,177.8,1.0,10320.4,Joe Stevenson
0.0,1.0,0.0,3.0,62.0,161.0,107.0,209.0,3.0,5.0,54.0,151.0,8.0,9.0,0.0,1.0,56.0,151.0,1.0,3.0,5.0,7.0,254.0,900.0,0.38509316770186336,4.133333333333334,0.5119617224880383,7.133333333333334,0.3576158940397351,3.6,0.8888888888888888,0.5333333333333333,0.0,0.0,0.3708609271523179,3.7333333333333334,0.3333333333333333,0.06666666666666667,0.7142857142857143,0.3333333333333333,0.2,0.6,1.0,0.2822222222222222,170.18,175.26,2.0,12398.0,Javier Vazquez
0.8,0.0,0.0,1.6,23.6,51.6,33.2,62.6,0.2,1.0,19.2,47.0,0.4,0.4,4.0,4.2,5.8,25.2,5.0,8.2,7.6,10.2,74.8,340.8,0.43592734371425523,5.112682614998154,0.4765554899645809,6.233381172325414,0.415249569707401,4.6005693430234,0.4,0.0799664308835871,0.3888888888888889,0.4133333333333334,0.22270210409745292,1.567310706561031,0.2640926640926641,0.5106757782839788,0.6587719298245613,1.8786178758128265,0.013333333333333332,0.06666666666666667,0.8,0.21823222113916066,187.96,200.66,1.0,12762.4,Shane Carwin
0.3333333333333333,2.6666666666666665,0.0,2.0,20.0,75.0,25.666666666666668,84.33333333333333,0.0,0.0,15.333333333333334,69.33333333333333,3.0,4.0,1.6666666666666667,1.6666666666666667,18.666666666666668,72.0,0.6666666666666666,2.0,0.6666666666666666,1.0,21.333333333333332,497.6666666666667,0.3155420746416915,4.053968253968254,0.3452071217222732,5.422222222222223,0.26316962191575194,2.9983851729516466,0.4583333333333333,0.23174603174603173,1.0,0.7047619047619048,0.29878917378917375,3.3333333333333335,0.2222222222222222,0.07619047619047618,0.2222222222222222,0.044444444444444446,0.0,0.0,1.0,0.030052910052910053,190.5,190.5,1.0,11909.666666666666,Tim Credeur
0.2,1.2,0.2,2.8,20.0,58.0,64.4,105.8,0.4,0.8,11.0,47.2,6.2,6.6,2.8,4.2,7.2,40.8,9.6,12.6,3.2,4.6,59.8,814.0,0.3546273441951757,1.4431205673758867,0.6159635061409643,4.732482269503547,0.23025874125874127,0.861464837277126,0.96,0.43773049645390066,0.4666666666666667,0.18666666666666668,0.17721774193548387,0.5165957446808511,0.7436090225563909,0.676595744680851,0.8400000000000001,0.24992907801418437,0.026666666666666665,0.26666666666666666,0.2,0.08819858156028368,193.04,200.66,1.0,10109.0,Kendall Grove
0.0,0.2,0.2,2.4,28.2,57.0,42.8,73.0,0.6,3.6,22.0,50.0,2.6,3.0,3.6,4.0,11.8,33.8,10.8,15.2,3.0,4.0,231.0,604.2,0.47901373126261093,2.946325098513003,0.554215118395186,4.496939950919016,0.4122597737692078,2.3993507918202015,0.6333333333333333,0.24255801981946007,0.6933333333333334,0.304416286873341,0.34081727044884935,1.3020453702947763,0.5763755980861245,1.103791923340178,0.3,0.3534959349593496,0.07049431562077427,0.2866666666666667,0.8666666666666666,0.36306666212340166,185.42,190.5,1.0,13648.8,Randy Couture
0.2,0.8,0.2,1.4,11.8,29.6,17.0,35.4,0.4,1.2,8.6,25.2,1.6,2.2,1.4,2.0,9.4,25.0,0.8,1.4,1.4,3.2,47.0,246.4,0.4265461351277531,2.462706055473526,0.5435930047694754,3.9816970509640397,0.3554428973352687,1.7904910072878415,0.45,0.2365743298738147,0.5,0.34371089375046665,0.4068627450980392,1.9048065894427253,0.2333333333333333,0.1952422907488987,0.2111111111111111,0.28947957888449194,0.06846860300156798,0.26666666666666666,0.5666666666666667,0.2451433584475172,185.42,193.04,1.0,11955.2,Ryan Jensen
0.0,0.0,0.0,1.0,5.0,10.0,5.0,10.0,0.0,0.0,1.0,4.0,3.0,3.0,1.0,3.0,2.0,7.0,3.0,3.0,0.0,0.0,0.0,90.0,0.5,3.3333333333333335,0.5,3.3333333333333335,0.25,0.6666666666666666,1.0,2.0,0.3333333333333333,0.6666666666666666,0.2857142857142857,1.3333333333333333,1.0,1.7333333333333334,0.0,0.0,0.0,0.0,1.0,0.0,162.56,165.1,1.0,13330.0,Charlie Valencia
0.0,0.0,0.3333333333333333,2.0,23.333333333333332,51.333333333333336,65.0,97.33333333333333,1.6666666666666667,3.0,9.0,33.333333333333336,9.666666666666666,12.333333333333334,4.666666666666667,6.0,10.0,34.333333333333336,8.333333333333334,11.666666666666666,5.0,5.333333333333333,181.66666666666666,520.6666666666666,0.420959595959596,2.221565184247424,0.6662237337694519,6.822369239006638,0.2715633423180593,0.8974421802044622,0.7241985068072024,0.9968463992231706,0.45555555555555555,0.327276604819791,0.2652777777777778,0.947943353162449,0.4837962962962963,0.7010449989336746,0.6428571428571429,0.5725768321513002,0.22110682110682112,0.4761904761904762,-0.4761904761904762,0.379290780141844,182.88,193.04,1.0,10637.333333333334,Kris McCray
0.0,0.0,0.0,2.25,28.5,60.25,50.5,84.25,1.25,1.5,20.0,50.0,3.0,4.0,5.5,6.25,14.5,41.75,6.25,8.5,6.5,10.0,152.75,627.0,0.5146638190134969,4.211780905752755,0.5515332927381896,6.0777777777777775,0.4527823729436632,3.039096573208723,0.5416666666666667,0.21666666666666667,0.6625,0.39166666666666666,0.2866796127434425,1.1833333333333336,0.42500000000000004,0.5583333333333333,0.45725574712643674,1.015686274509804,0.1824967824967825,0.6875,1.0,0.2625,182.88,182.88,1.0,11172.5,Jon Madsen
0.25,0.0,0.5,2.25,21.5,39.75,63.25,95.0,0.75,1.25,13.5,29.0,3.25,5.0,4.75,5.75,6.5,17.0,4.25,6.25,6.5,10.25,157.75,659.0,0.5353658536585365,2.4488532395429408,0.6237251472754051,5.946136101499423,0.45039682539682535,1.5583388684003552,0.6208333333333333,0.3164369350278019,0.8888888888888888,0.5740774361147836,0.4441142191142191,0.8776819771891982,0.5416666666666666,0.3615923280808183,0.513986013986014,0.83821178635332,0.08226691042047532,0.25,0.0,0.2334324854812926,190.5,187.96,1.0,11365.75,Mario Miranda
0.0,1.3333333333333333,0.0,1.3333333333333333,4.666666666666667,9.666666666666666,7.666666666666667,13.0,0.6666666666666666,1.6666666666666667,3.6666666666666665,8.333333333333334,0.6666666666666666,0.6666666666666666,0.0,0.0,2.3333333333333335,5.666666666666667,0.0,0.3333333333333333,2.3333333333333335,3.6666666666666665,88.0,284.3333333333333,0.4023924545663676,0.8067732193152127,0.4942453068255379,1.5475177304964538,0.3323586744639376,0.5808295723189341,0.3333333333333333,0.07272727272727274,0.0,0.0,0.2450980392156863,0.2887700534759358,0.0,0.0,0.5,0.44951644100580274,0.12147001934235979,0.5,0.8333333333333334,0.25682438419280523,193.04,200.66,1.0,12574.333333333334,Sean McCorkle
0.2,0.6,0.2,2.6,27.8,72.6,73.6,124.0,1.8,4.0,21.2,64.0,4.6,5.4,2.0,3.2,16.2,53.6,3.4,4.6,8.4,14.4,288.0,750.8,0.40357279693486586,2.158187777135146,0.5861009106079459,5.777299016772701,0.3616537877286837,1.6524387892808945,0.6433333333333333,0.35049932523616734,0.4333333333333333,0.15524966261808365,0.2952790132903959,1.2381646423751689,0.6168831168831168,0.25381530749951803,0.6919047619047618,0.7062078272604589,0.13905340273761327,0.5933333333333335,0.9333333333333333,0.41449369818777715,172.72,177.8,1.0,11244.2,Kurt Pellegrino
0.0,0.2,0.0,2.4,31.8,57.2,52.6,81.0,3.0,8.2,19.0,41.2,7.8,9.2,5.0,6.8,12.6,26.4,4.8,7.0,10.4,15.8,351.4,681.0,0.5323472184572753,2.75499245852187,0.6069368524108671,4.2334238310708905,0.43235042735042734,1.640241327300151,0.776969696969697,0.6368024132730015,0.6971014492753624,0.47794871794871796,0.49815658549358466,1.3005128205128205,0.7711111111111111,0.4701659125188537,0.5418121094591684,0.9734529354263699,0.265997425997426,0.3377344877344878,1.0,0.49193932748538016,182.88,187.96,1.0,12274.6,Ricardo Almeida
0.0,0.4,0.2,2.2,16.4,34.0,54.2,75.2,1.2,2.8,9.6,25.6,5.2,7.0,1.0,1.0,4.4,15.4,8.2,12.6,3.0,4.4,139.2,536.0,0.3953116604091117,1.6486500425789186,0.6555735282681391,4.831517214976364,0.2929287540058654,0.9518151601326419,0.5082125603864733,0.4262454096763487,0.4,0.07366058906030856,0.24664629488158898,0.5110461944534411,0.38666666666666666,0.6882524115927755,0.36923076923076925,0.25510001463193543,0.09060655801680959,0.36666666666666664,0.4,0.20701685041270848,177.8,185.42000000000002,1.0,10645.8,Rob Kimmons
0.0,0.25,0.0,1.75,9.25,28.25,18.25,38.5,0.5,2.75,5.75,24.25,0.75,0.75,2.5,2.5,6.5,23.5,2.0,3.25,0.25,0.75,90.5,379.0,0.2523868977673326,1.0921178984980597,0.3514963187219285,2.1062759767248544,0.14319209974622088,0.5492518703241897,0.5,0.07073981712385702,0.5,0.3738805970149254,0.2127450980392157,0.8091662687535823,0.39583333333333337,0.15407315045719036,0.25,0.03740648379052369,0.054073150457190355,0.09821428571428571,1.0,0.13685023552230535,187.96,193.04,1.0,12662.75,Chris Tuchscherer
0.0,1.4,0.8,2.4,18.6,70.0,36.4,88.8,0.6,1.0,14.6,63.8,2.2,3.4,1.8,2.8,7.8,50.6,1.8,4.0,8.2,12.8,157.6,647.4,0.30036341687375184,1.6563695708616148,0.4052513615566358,3.0529739252995065,0.23338537394264947,1.2603453782544887,0.7666666666666666,0.22250531773894267,0.5,0.15082452431289642,0.17489495798319327,0.8574313866206336,0.28500000000000003,0.18957716701902746,0.24264705882352944,0.6,0.0662262479715008,0.4666666666666666,0.2,0.19198527196436305,175.26,177.8,1.0,9226.4,Paul Kelly
0.0,0.0,0.0,3.0,10.0,135.0,10.0,135.0,0.0,0.0,9.0,120.0,0.0,10.0,1.0,5.0,8.0,126.0,2.0,9.0,0.0,0.0,1.0,900.0,0.19130434782608696,0.6666666666666666,0.23577235772357724,1.0666666666666667,0.075,0.6,0.0,0.0,0.2,0.06666666666666667,0.11764705882352941,0.5333333333333333,0.2222222222222222,0.13333333333333333,0.0,0.0,0.0,0.0,1.0,0.0011111111111111111,165.1,165.1,1.0,11458.0,Antonio Banuelos
0.0,0.5,0.25,1.5,17.5,27.5,39.25,48.5,0.75,2.0,11.75,21.25,3.75,4.0,1.5,1.5,3.5,12.75,3.25,3.25,5.5,7.5,116.0,360.5,0.49894131881427706,1.6533332142663422,0.6048633184996821,4.0624244446916595,0.24296558704453441,0.9157863418390564,0.4375,0.36853932584269666,0.75,0.1971038676901398,0.32146375791695986,0.4427967515852709,0.25,0.21666666666666667,0.5,0.7843751029687963,0.05,0.25,0.5,0.18765425923075604,182.88,187.96,1.0,13094.5,Mike Guymon
0.0,0.4,0.0,1.8,20.4,42.2,25.8,48.0,0.8,2.4,16.8,36.4,1.8,3.6,1.4,1.4,10.6,29.2,4.8,7.0,4.4,5.0,97.8,429.8,0.3586795887770401,1.72078763516718,0.4140194853188201,2.361489757914339,0.23072879612236857,1.1627414330218069,0.17333333333333334,0.12,0.6,0.25445065176908754,0.2635074597214772,0.9132028799330805,0.2761904761904762,0.32,0.3538461538461538,0.29333333333333333,0.13266409266409268,0.45714285714285713,0.8,0.21470157373936538,193.04,193.04,1.0,9774.2,Tim Hague
0.6,0.2,0.0,2.2,23.8,59.0,57.6,96.0,1.0,2.2,18.2,51.4,5.2,7.2,0.4,0.4,10.4,36.8,8.4,11.8,2.8,4.2,127.6,640.2,0.4702638592750533,2.4552486778736995,0.6490314488306376,5.488704802079582,0.4096210259846623,1.8288804081427863,0.7991228070175438,0.5668810902437336,0.4,0.059487179487179485,0.3196428571428571,0.9387483003047861,0.7107210031347961,0.9208835557147548,0.33055555555555555,0.42086504880451325,0.06921226232052774,0.18333333333333332,-0.033333333333333305,0.2122077761624984,175.26,182.88,1.0,11168.6,Phil Baroni
0.0,1.0,0.0,2.0,38.0,56.5,69.0,112.5,1.5,3.5,24.5,41.5,12.5,13.5,1.0,1.5,6.0,18.5,6.0,7.0,10.5,14.5,243.5,562.5,0.5807692307692307,3.1333333333333337,0.5892597968069666,5.866666666666666,0.5328282828282829,2.1333333333333333,0.73,0.9333333333333333,0.3333333333333333,0.06666666666666667,0.28968253968253965,0.6,0.9166666666666667,0.6,0.9166666666666667,1.498338220918866,0.1,0.21428571428571427,0.5,0.38321637426900584,180.34,185.42000000000002,1.0,8915.0,Greg Soto
0.6,0.8,0.0,2.4,21.4,72.2,51.0,104.4,1.0,2.6,14.4,62.0,2.8,5.2,4.2,4.8,16.4,64.6,3.4,5.0,1.6,2.6,150.4,616.4,0.38472972740067657,2.080578059450623,0.5542044854164335,4.622810078961973,0.3140267445478758,1.3253570368632792,0.6,0.32083873987895295,0.7033333333333334,0.43438228270839147,0.29890496294211466,1.4053750526139077,0.5961904761904762,0.5136231139628131,0.3833333333333333,0.1615798928739025,0.07279095809951011,0.36666666666666664,0.7666666666666667,0.24330032508437177,177.8,177.8,2.0,13347.4,Marcus Davis
0.0,1.6,0.2,1.4,7.2,19.6,8.4,20.8,0.2,0.6,3.8,13.8,2.8,4.8,0.4,0.6,5.8,17.0,1.0,1.6,0.2,0.4,14.8,299.4,0.3490442949861257,1.4309001455328383,0.37723468544845873,1.8132202341001804,0.23650034176349966,0.6280130330681974,0.4833333333333333,0.6105388778613963,0.13333333333333333,0.100418410041841,0.3089422445459597,1.1705577127151898,0.25,0.13695563139931738,0.1,0.0502092050209205,0.020477815699658702,0.2,0.8,0.056164536349238216,185.42,193.04,1.0,8860.8,Dustin Hazelett
0.0,1.8,0.2,2.2,14.2,30.8,44.2,62.2,0.4,1.8,10.0,25.0,2.6,3.6,1.6,2.2,11.0,23.8,1.6,4.0,1.4,2.4,109.2,491.2,0.5465510805627422,1.7988512649883037,0.7084895444361463,4.493773990400785,0.30256410256410254,1.209965561335428,0.7166666666666667,0.3122518371297288,0.9,0.2738557803681621,0.4972168867547019,1.4432760227527017,0.18571428571428572,0.20500054591112565,0.3,0.13446327683615816,0.05267764780775046,0.24,0.72,0.3186724552400763,182.88,190.5,1.0,11640.0,Joe Doerksen
0.0,0.0,0.0,1.0,3.0,7.0,4.0,9.0,0.0,0.0,1.0,5.0,0.0,0.0,1.0,1.0,1.0,4.0,0.0,0.0,0.0,0.0,0.0,68.0,0.7333333333333333,1.1764705882352942,0.8125,1.5333333333333334,0.11538461538461539,0.28037383177570097,0.0,0.0,1.0,1.1764705882352942,0.6666666666666666,1.1764705882352942,0.0,0.0,0.0,0.0,0.0,0.0,1.0,0.0,167.64000000000001,167.64000000000001,1.0,11528.0,Fredson Paixao
0.2,0.6,0.2,1.6,16.2,40.6,27.0,53.6,1.2,2.0,12.2,35.2,2.8,3.6,1.2,1.8,6.6,22.8,1.0,2.2,8.6,15.6,81.4,294.8,0.4121665934709413,4.060008300870531,0.47018062336767585,6.003305454873482,0.3589880952380953,3.1224903198878238,0.6277777777777778,0.5381700757568376,0.5333333333333333,0.3060760610811921,0.36415214866434387,2.1850771512638363,0.33999999999999997,0.13572953243488006,0.5334518113465482,1.6102861111824296,0.20752475247524754,0.5,0.6333333333333334,0.22675433657675664,175.26,180.34,1.0,9501.0,Brian Foster
0.0,0.0,0.0,2.4,34.4,87.0,60.4,115.4,2.2,4.8,29.4,81.6,2.2,2.4,2.6,2.8,19.4,56.8,6.4,13.6,8.4,13.8,198.2,626.2,0.36210678210678215,2.714669435790931,0.5042095564445795,5.01852544132918,0.3307815221099122,2.32355832467982,0.775,0.19407407407407407,0.55,0.19703703703703704,0.322745753995754,1.6568916580131536,0.3351851851851852,0.4503703703703703,0.44804964539007086,0.6074074074074074,0.1963677963677964,0.4126984126984127,1.0,0.36117664705203645,177.8,182.88,1.0,9356.4,Karo Parisyan
0.5,1.25,0.0,2.0,16.5,40.0,33.5,58.5,0.25,0.5,10.75,33.0,3.0,3.75,2.75,3.25,10.5,28.75,3.0,5.5,3.0,5.75,24.0,487.5,0.37039302929180573,1.8998263009772087,0.5633472886762361,4.145871727032205,0.282069796912544,1.2971915579478757,0.575,0.2924885199039017,0.5892857142857143,0.3079189854940243,0.3367882117882118,1.1636118967247513,0.4875,0.3771143143873734,0.22807017543859648,0.35687285223367693,0.04424778761061947,0.25,-0.25,0.04997797747569666,182.88,193.04,1.0,10566.5,Seth Petruzelli
0.5,0.75,0.5,3.0,40.75,79.75,73.25,113.75,1.0,2.5,23.75,57.0,9.25,12.25,7.75,10.5,19.75,46.5,10.5,15.75,9.75,14.25,171.75,883.25,0.5291656850432039,2.7783313325330132,0.6491967871485943,5.0388355342136855,0.41590165995975853,1.6302521008403361,0.7324519230769231,0.6247098839535814,0.8155594405594405,0.5233693477390956,0.3932523808102218,1.334093637454982,0.6247474747474748,0.7053621448579431,0.5350140056022409,0.7388755502200881,0.06666666666666667,0.225,1.0,0.19632953181272508,187.96,193.04,1.0,9284.5,Nick Osipczak
0.25,1.0,0.5,2.75,22.5,60.75,45.0,87.5,1.5,3.0,12.5,45.25,7.0,9.75,3.0,5.75,17.75,50.0,1.0,2.75,3.75,8.0,233.75,798.75,0.37115508365508365,1.95,0.5061773973994594,3.531818181818182,0.25565695031611035,1.2015151515151516,0.7083333333333333,0.5348484848484848,0.6071428571428572,0.21363636363636365,0.36099708844446565,1.4833333333333334,0.19166666666666665,0.06666666666666667,0.3669590643274854,0.39999999999999997,0.1,0.48333333333333334,-0.04999999999999999,0.2751767676767677,190.5,200.66,2.0,9408.5,Goran Reljic
0.0,0.8,0.0,3.0,55.4,116.6,97.4,163.4,0.2,1.2,31.0,84.8,9.6,14.6,15.0,18.6,38.2,91.2,8.8,11.8,3.2,5.8,83.8,900.0,0.4498450914795084,4.11859649122807,0.5750391331660987,6.906666666666666,0.31439080038516465,2.3466666666666667,0.6982919254658386,0.6533333333333333,0.8323543123543123,1.2533333333333334,0.37865852479099055,2.746666666666667,0.6807359307359307,0.6799999999999999,0.19880952380952382,0.21333333333333332,0.013333333333333332,0.2,-0.6666666666666666,0.09311111111111112,182.88,182.88,1.0,10753.4,Paul Taylor
0.0,0.6666666666666666,1.0,1.6666666666666667,12.666666666666666,28.333333333333332,25.0,42.333333333333336,0.0,0.3333333333333333,11.333333333333334,25.0,0.6666666666666666,2.0,0.3333333333333333,0.6666666666666666,3.0,10.0,1.6666666666666667,5.333333333333333,6.333333333333333,9.0,32.0,378.3333333333333,0.307864100736517,1.3812128747064512,0.3826717678941496,2.3613298337707787,0.26278195488721806,1.1613298337707787,0.16666666666666666,0.044444444444444446,0.3333333333333333,0.022222222222222223,0.2647058823529412,0.6370279918218779,0.1111111111111111,0.1111111111111111,0.21296296296296294,0.5111111111111112,0.0,0.0,-0.6666666666666666,0.035555555555555556,187.96,195.58,1.0,12390.666666666666,Gilbert Yvel
0.0,0.0,0.0,2.0,27.5,55.0,32.5,61.5,0.0,0.5,11.0,33.5,8.5,13.0,8.0,9.0,22.0,46.0,5.5,9.0,0.0,0.0,35.5,460.0,0.5202020202020202,2.930283224400871,0.552927927927928,3.457244008714597,0.41129032258064513,1.1465141612200433,0.5144927536231884,0.8510348583877996,0.8392857142857143,0.9327342047930283,0.5072951739618405,2.421023965141612,0.3055555555555556,0.5092592592592592,0.0,0.0,0.0,0.0,1.0,0.05478395061728395,193.04,195.58,3.0,10889.5,James McSweeney
0.0,3.0,1.0,2.5,21.5,47.5,55.0,85.0,1.0,4.5,12.0,35.0,4.5,6.0,5.0,6.5,10.25,29.25,8.75,14.0,2.5,4.25,187.75,710.25,0.46206722279022205,2.083548658405709,0.6588742598339001,4.998332103925907,0.34021839769075757,1.2423621244466707,0.6636904761904762,0.3721211376116712,0.7991071428571428,0.4878165724120974,0.35956290471785385,0.9440742562085074,0.6180059523809524,0.9027579706581428,0.3333333333333333,0.23537414965986392,0.1387878042783378,0.325,1.0,0.3075873562276316,185.42,190.5,1.0,11616.75,James Wilks
0.8,0.0,0.0,2.0,30.8,73.2,42.2,84.6,0.2,0.4,18.8,57.0,7.4,12.6,4.2,4.4,24.6,65.2,0.6,1.4,2.8,4.2,11.2,546.6,0.3564416956687805,4.122987872204817,0.44648292757617514,4.644391380976747,0.2732938501692427,2.342234351014839,0.6039239856189009,0.9323152728030777,0.9846153846153847,0.6091579964750696,0.30853519900069903,3.026781598639009,0.3333333333333333,0.04717948717948718,0.42727272727272725,0.7854204332253113,0.013333333333333332,0.2,-0.4,0.015973581973581973,167.64000000000001,172.72,1.0,12688.6,Matt Serra
0.0,0.4,0.4,3.4,47.6,153.4,82.2,209.8,2.8,6.8,33.8,131.6,6.0,6.6,7.8,8.0,35.4,137.0,4.8,8.8,6.2,8.6,245.8,900.0,0.3611379495437467,2.986666666666667,0.4474050542952982,5.2666666666666675,0.28439665766114147,2.1253333333333337,0.8699999999999999,0.3466666666666667,0.9875,0.5146666666666666,0.236096403973512,2.3733333333333335,0.6126482213438735,0.31466666666666665,0.35609756097560974,0.32266666666666666,0.21266409266409267,0.3763575605680869,0.9333333333333333,0.2964375,167.64000000000001,170.18,1.0,12921.0,Sean Sherk
0.0,0.0,0.4,2.6,27.0,96.0,45.8,120.8,0.2,0.2,12.4,72.0,9.0,16.4,3.6,4.0,20.2,82.8,5.2,9.8,0.4,1.0,64.0,733.6,0.28160919540229884,1.964367635506677,0.4174119464165571,3.2266666666666666,0.1749157509157509,0.9924378109452737,0.3885213032581453,0.68,0.7,0.24,0.2212321361816696,1.5124378109452736,0.347183908045977,0.4133333333333334,0.25,0.026666666666666665,0.013333333333333332,0.2,-0.4,0.07111111111111111,175.26,180.34,1.0,12060.0,Forrest Petz
0.0,3.0,0.0,3.0,8.5,56.0,22.0,70.5,0.5,3.5,3.0,48.0,2.5,3.5,2.5,4.5,6.5,50.0,1.5,4.0,0.5,2.0,35.5,900.0,0.19130434782608696,0.763157894736842,0.3318681318681319,1.4666666666666668,0.0636292223095051,0.19999999999999998,0.35714285714285715,0.16666666666666666,0.3125,0.16666666666666666,0.13777089783281732,0.4802139037433155,0.25,0.1,0.125,0.03333333333333333,0.03333333333333333,0.5,-1.0833333333333333,0.03944444444444444,175.26,175.26,1.0,11448.0,John Gunderson
0.0,0.25,0.0,2.0,21.5,62.25,27.75,70.0,1.0,2.25,15.25,54.25,2.25,3.25,3.75,4.25,14.5,47.75,5.5,10.5,1.25,2.5,75.5,473.5,0.29898096739571106,2.759561277395818,0.35382121854815385,3.549681458538233,0.2172733738523212,1.897715406935494,0.3416666666666667,0.2198342214328005,0.5833333333333333,0.49242375311324127,0.25598551290617033,1.7919154453320165,0.325,0.6642453111773312,0.2738095238095238,0.17725291017717953,0.14247309984432543,0.23214285714285715,1.0,0.1582240497988116,185.42,193.04,1.0,10054.0,Tomasz Drwal
0.0,0.0,0.0,2.0,10.333333333333334,43.666666666666664,21.0,56.333333333333336,1.3333333333333333,3.3333333333333335,9.0,41.666666666666664,1.0,1.0,0.3333333333333333,1.0,8.333333333333334,40.0,1.6666666666666667,3.3333333333333335,0.3333333333333333,0.3333333333333333,86.33333333333333,459.6666666666667,0.34124064341455645,1.562758119403971,0.4397386194621218,2.74303533895405,0.3215230536659108,1.292713635659921,0.6666666666666666,0.22030909036558755,0.3333333333333333,0.048426150121065374,0.2457374254049446,1.120830695415399,0.4222222222222222,0.39219203061010965,0.3333333333333333,0.048426150121065374,0.2451847122561348,0.4166666666666667,0.9166666666666666,0.26453554128737533,185.42,187.96,2.0,9177.333333333334,John Salter
0.0,1.0,0.3333333333333333,3.0,17.333333333333332,36.666666666666664,29.333333333333332,52.666666666666664,3.0,9.0,13.666666666666666,32.0,3.3333333333333335,4.666666666666667,0.0,0.0,7.333333333333333,18.333333333333332,6.0,11.0,3.6666666666666665,7.333333333333333,225.66666666666666,900.0,0.3950340846892571,1.357345264727815,0.5189452124935996,2.3555555555555556,0.32539682539682535,0.9823468328141227,0.6666666666666666,0.22222222222222224,0.0,0.0,0.32748538011695905,0.5333333333333333,0.47315257841573627,0.39999999999999997,0.40392156862745104,0.24444444444444446,0.2877734877734878,0.4376068376068376,1.0,0.25074074074074076,175.26,182.88,3.0,10360.0,Rodney Wallace
0.0,0.0,0.0,2.0,46.0,74.0,73.0,109.5,0.0,0.5,11.0,33.0,12.5,17.5,4.5,5.0,13.5,35.0,9.5,13.5,0.0,0.0,161.0,568.0,0.5136678906568747,3.72316384180791,0.6526504583499402,6.712994350282486,0.3333333333333333,1.296045197740113,0.9225352112676056,1.1271186440677967,0.45,0.3,0.3802889576883385,1.556497175141243,0.4166666666666667,0.8666666666666667,0.0,0.0,0.0,0.0,-1.5,0.20858757062146893,190.5,190.5,1.0,10520.5,Steve Steinbeiss
0.2,0.2,0.2,1.0,5.0,11.4,6.2,12.8,0.0,0.2,3.8,9.2,0.0,0.0,1.0,1.4,2.0,6.0,0.0,0.4,2.8,4.2,17.0,106.8,0.5020327993897787,3.8438385234685604,0.5441544715447154,4.879246227711503,0.4133978886610466,2.853416347554671,0.0,0.0,0.36,0.4470115519839276,0.3818627450980392,2.112349054511071,0.0,0.0,0.4583333333333333,1.7754010695187166,0.0,0.0,0.8,0.19010575554199716,187.96,190.5,1.0,11068.0,James Irvin
0.6666666666666666,0.0,0.3333333333333333,2.3333333333333335,16.0,51.666666666666664,20.666666666666668,57.333333333333336,2.0,2.3333333333333335,15.333333333333334,49.666666666666664,0.3333333333333333,1.6666666666666667,0.3333333333333333,0.3333333333333333,10.666666666666666,40.333333333333336,1.0,1.3333333333333333,4.333333333333333,10.0,142.33333333333334,616.0,0.32966299632966306,1.967315023775713,0.3652258027258028,2.5333528436250123,0.3308308308308308,1.914008066407348,0.08333333333333333,0.02487562189054726,0.3333333333333333,0.02487562189054726,0.2799539170506912,1.4246915471908315,0.5555555555555555,0.07785575434087838,0.46296296296296297,0.4612120086567324,0.15732595301637506,0.5,1.0,0.18995250380239778,180.34,195.58,2.0,11095.0,Gerald Harris
0.2,0.0,0.0,2.6,39.4,126.6,42.4,129.6,0.4,1.4,24.4,104.6,4.8,6.2,10.2,12.8,31.6,110.0,5.8,11.0,2.0,4.6,49.6,705.0,0.2819712278266181,3.0121893775534727,0.30675966448752073,3.334486902186975,0.1919997731397459,1.7675943282864697,0.8409523809523808,0.4391925018024514,0.8084848484848484,0.8054025474645519,0.25893152415107673,2.4859793318913725,0.4454191033138401,0.39287671232876714,0.08695652173913043,0.13333333333333333,0.026666666666666665,0.1,0.2666666666666667,0.05511111111111111,187.96,193.04,1.0,12351.8,Keith Jardine
0.0,0.0,0.0,2.0,24.8,88.2,25.4,89.6,0.8,0.8,20.6,81.2,2.4,3.6,1.8,3.4,22.4,83.8,2.2,4.2,0.2,0.2,24.0,554.8,0.2773833230291342,2.5283718485390687,0.2937488387072799,2.623061114075792,0.24703601251338983,2.0640574438213486,0.5499999999999999,0.23055301249536067,0.45,0.23376139222235967,0.2624392864818397,2.239031417205695,0.5533333333333333,0.24866246523167904,0.2,0.04067796610169491,0.11212075217134665,0.6,1.0,0.050888214295752875,187.96,193.04,1.0,13648.8,Chuck Liddell
0.2,0.0,0.4,3.0,15.8,40.0,19.6,44.0,0.4,0.4,10.0,32.0,3.4,5.2,2.2,2.8,7.2,28.8,5.2,7.4,3.2,3.8,59.8,760.4,0.36396213657876947,1.1954180644791736,0.4140298628336906,1.6659459459459458,0.286571638733881,0.7584891807695546,0.6333333333333333,0.1819378427787934,0.16923076923076924,0.14666666666666667,0.2544444444444444,0.44266666666666676,0.6282828282828282,0.34222613106708166,0.35,0.3045045045045045,0.021333333333333333,0.4,-1.2,0.07747808137204847,182.88,193.04,1.0,10124.6,David Loiseau
0.0,0.5,0.0,3.0,29.5,124.0,34.5,130.0,1.0,1.5,13.5,95.5,8.5,18.5,7.5,10.0,26.5,115.5,1.5,4.0,1.5,4.5,99.5,892.0,0.24981884057971016,1.9889894419306184,0.29096310193871167,2.3271493212669685,0.14664330922242313,0.9084464555052791,0.4916666666666667,0.5726998491704374,0.65625,0.507843137254902,0.2357142857142857,1.7859728506787331,0.41666666666666663,0.10120663650075415,0.16666666666666666,0.10180995475113122,0.06726998491704375,0.75,0.5,0.11192307692307693,175.26,182.88,1.0,10245.0,Jesse Lennox
0.3333333333333333,0.3333333333333333,0.0,1.6666666666666667,14.666666666666666,63.333333333333336,20.0,68.33333333333333,0.3333333333333333,0.6666666666666666,8.333333333333334,54.666666666666664,5.666666666666667,8.0,0.6666666666666666,0.6666666666666666,8.0,50.666666666666664,6.333333333333333,9.666666666666666,0.3333333333333333,1.0,34.333333333333336,418.3333333333333,0.3206349206349206,2.247379720550452,0.38095238095238093,2.9129623763770103,0.25644208037825056,1.5878365536902121,0.49561403508771934,0.5201703445605884,0.3333333333333333,0.13937282229965156,0.29067767457860333,1.4746630063703234,0.34848484848484845,0.4696864111498258,0.1111111111111111,0.30303030303030304,0.15444015444015444,0.3333333333333333,0.0,0.20195286195286197,187.96,190.5,2.0,9116.0,Jesse Forbes
0.0,0.6666666666666666,0.3333333333333333,1.6666666666666667,5.0,15.333333333333334,7.0,17.333333333333332,0.3333333333333333,2.0,2.6666666666666665,9.666666666666666,1.0,3.0,1.0,2.3333333333333335,3.0,12.333333333333334,0.6666666666666666,1.0,1.0,1.0,100.33333333333333,367.6666666666667,0.28286445012787725,1.332783861219043,0.33909498758853135,1.7555555555555555,0.1783625730994152,0.3037037037037037,0.25,0.3185185185185185,0.14285714285714285,0.4444444444444444,0.20295837633298933,0.8608833432362845,0.5,0.17037037037037037,0.3333333333333333,0.06666666666666667,0.022222222222222223,0.05555555555555555,1.0,0.11148148148148147,180.34,177.80000000000004,2.0,12910.333333333334,Yoshiyuki Yoshida
0.4,0.0,0.0,1.4,8.4,22.4,12.4,26.4,1.0,1.6,5.2,18.2,1.2,1.4,1.6,1.8,5.2,14.2,1.8,4.0,0.8,2.4,55.8,240.4,0.3469147157190635,1.6020150222634133,0.42443842216199934,2.341106804280198,0.2106359649122807,1.0528157946862735,0.4,0.1885152224824356,0.17777777777777776,0.22482435597189698,0.31605814739688975,1.0940744655537327,0.09,0.2529274004683841,0.06666666666666667,0.12532637075718014,0.16,0.36,0.8,0.24528144327489673,182.88,185.42000000000002,1.0,10540.0,Jonathan Goulet
0.0,0.5,0.0,2.5,16.0,43.5,25.0,53.0,3.0,4.5,13.5,37.5,2.5,5.5,0.0,0.5,8.0,33.0,2.0,4.5,6.0,6.0,205.5,732.0,0.32523510971786834,1.3026845637583893,0.47017543859649125,1.9666666666666668,0.3393300248138958,0.9794326241134752,0.5714285714285714,0.18652482269503545,0.0,0.0,0.23043478260869565,0.6127659574468085,0.2222222222222222,0.13333333333333333,1.0,0.4198581560283688,0.2397163120567376,0.7,1.0,0.2984988179669031,187.96,195.58,1.0,13161.0,Kevin Ferguson
0.3333333333333333,0.0,0.0,1.6666666666666667,15.333333333333334,37.0,17.0,38.666666666666664,0.0,0.0,13.0,32.333333333333336,1.0,1.6666666666666667,1.3333333333333333,3.0,10.333333333333334,29.666666666666668,3.0,5.333333333333333,2.0,2.0,1.6666666666666667,398.3333333333333,0.4071428571428572,4.5379300965592275,0.4325889164598842,5.3077262693156735,0.38830613830613836,3.2076843198338523,0.38888888888888884,0.28712288447387785,0.14814814814814814,0.5555555555555556,0.3307664884135472,3.2168639053254435,0.3162393162393162,0.6666666666666666,0.6666666666666666,0.48333333333333334,0.0,0.0,-0.3333333333333333,0.007685185185185185,175.26,193.04,1.0,9819.0,Paul Daley
0.0,0.0,0.0,1.6666666666666667,10.333333333333334,53.666666666666664,11.333333333333334,54.666666666666664,0.0,3.0,4.666666666666667,46.333333333333336,1.0,2.0,5.0,5.333333333333333,9.333333333333334,52.333333333333336,1.0,1.3333333333333333,0.0,0.0,32.333333333333336,454.3333333333333,0.3052495974235105,1.4859412807473829,0.36636856368563686,1.7025477789423287,0.08424077434966726,0.48172043010752685,0.3333333333333333,0.11664661050942642,0.9444444444444445,0.9097964623526519,0.21249343832020998,1.269334782552437,0.25,0.21660649819494585,0.0,0.0,0.0,0.0,0.4523809523809524,0.11967056144300815,187.96,195.58,1.0,13162.333333333334,Mostapha Al-Turk
0.25,0.75,0.0,3.0,60.25,168.75,75.0,191.5,1.0,2.0,33.75,127.25,10.0,19.25,16.5,21.25,56.25,157.5,2.75,6.75,1.25,2.0,91.75,857.0,0.34198391573391573,4.248992673992674,0.39091291704928066,5.326831501831502,0.25532272562716496,2.376007326007326,0.5156206023079087,0.7139194139194139,0.7861798024841503,1.159065934065934,0.3351995036273387,3.9665750915750912,0.5196428571428571,0.18727106227106227,0.3125,0.09514652014652014,0.08241758241758242,0.2,0.5,0.11447954822954823,177.8,185.42000000000002,1.0,11795.0,Brad Blackburn
0.4,0.0,0.0,2.0,34.8,81.2,52.8,103.2,0.2,0.4,17.6,60.0,5.0,7.6,9.2,11.0,25.0,55.2,3.8,8.2,6.0,14.0,118.8,481.8,0.3692546983091993,3.9310613920820288,0.5522638490390531,6.555493901928072,0.25347908628941396,2.2903864524533217,0.5577777777777777,0.447914314662035,0.5401515151515153,0.9333333333333332,0.31376236825665516,2.1054796851042155,0.40636363636363637,0.36791431466203506,0.14638157894736842,0.9058823529411765,0.08163265306122448,0.2,0.8,0.26148967657238337,182.88,182.88,0.0,13534.6,Nate Quarry
0.0,0.2,0.6,2.0,16.6,32.4,34.8,54.0,1.4,4.2,6.2,19.2,2.0,2.8,8.2,10.0,4.6,14.0,5.2,6.4,6.6,10.2,224.4,517.4,0.4380266361066102,1.7872158062291732,0.5281342832066591,3.48003076105334,0.26055874398854606,0.5808702437700386,0.4833333333333333,0.19542203147353363,0.6298412698412699,0.8030566534914361,0.3488612228108027,0.5672570939519338,0.4833333333333333,0.48326180257510726,0.3594405594405594,0.663519313304721,0.1057510729613734,0.19,0.6866666666666668,0.3074897472579876,170.18,177.8,2.0,11021.6,Caol Uno
0.4,0.2,0.0,2.4,20.2,76.6,29.4,87.4,1.4,3.6,11.4,65.0,2.4,3.6,6.4,7.6,12.2,62.2,4.4,7.6,3.6,6.4,130.0,652.4,0.40245106318937324,3.4462128487587487,0.4760805278827437,4.582995951417004,0.30130749640078,2.320400065584522,0.5177777777777778,0.17095816464237518,0.6782467532467533,0.5033738191632928,0.3164041115021507,2.3930738087823107,0.5460317460317461,0.3042914979757085,0.663888888888889,0.9654235135349687,0.14124708861550966,0.20727272727272728,0.5599999999999999,0.20473594242015297,175.26,177.8,1.0,10218.6,Rob Emerson
0.0,0.0,0.0,1.0,2.5,14.5,3.0,14.5,0.0,0.0,1.5,12.5,0.5,1.0,0.5,1.0,1.5,13.0,1.0,1.5,0.0,0.0,0.0,118.0,0.23850931677018633,1.4084873730799272,0.26074332171893144,1.4084873730799272,0.19298245614035087,1.0492059359541788,0.25,0.17964071856287425,0.5,0.17964071856287425,0.20168067226890757,1.0492059359541788,0.3333333333333333,0.3592814371257485,0.0,0.0,0.0,0.0,1.0,0.0,182.88,180.34,1.0,10029.5,Rory Markham
0.0,1.6,0.0,1.8,9.4,22.4,20.0,35.2,1.0,3.2,2.8,14.0,2.2,3.4,3.8,5.0,6.0,17.4,2.0,3.2,1.2,1.8,139.0,421.8,0.3369343986543314,1.1810149435032207,0.527908973595394,2.9595729397239774,0.19610766045548655,0.38181649706853565,0.2666666666666667,0.17479066985645933,0.4666666666666666,0.45807079318013344,0.30532664678774735,0.7269266896056893,0.15384615384615385,0.14354066985645933,0.85,0.21629616214030595,0.19321923906338284,0.5307692307692308,0.6,0.3600288308183045,177.8,180.34,1.0,10007.6,Shannon Gugerty
0.3333333333333333,0.0,0.3333333333333333,2.3333333333333335,14.0,41.333333333333336,17.0,45.333333333333336,0.0,0.0,10.666666666666666,37.0,3.0,3.6666666666666665,0.0,0.0,9.0,29.0,2.6666666666666665,8.333333333333334,2.0,3.0,37.666666666666664,548.0,0.31345600607935736,2.3309941520467836,0.3359604004203307,2.6444444444444444,0.2652519893899204,2.0443129520052596,0.27272727272727276,0.19999999999999998,0.0,0.0,0.27935905545013706,1.9258382642998029,0.18333333333333335,0.18514135437212362,0.2857142857142857,0.13333333333333333,0.0,0.0,-0.6666666666666666,0.041851851851851855,187.96,195.58,1.0,12638.0,Paul Buentello
0.2,0.2,0.0,1.0,8.6,19.6,14.2,25.2,0.0,0.2,7.4,17.8,0.8,1.4,0.0,0.2,2.0,9.4,1.2,1.4,5.2,8.2,61.8,195.4,0.3834408927940211,2.327847296445262,0.44390771829796216,3.7546529660815375,0.39159663865546224,2.0748585422879238,0.2,0.1959183673469388,0.0,0.0,0.19943977591036416,0.7720101301958142,0.17142857142857143,0.2938775510204082,0.2539393939393939,1.0487394957983196,0.0,0.0,0.6,0.2374170918367347,175.26,180.34,2.0,12587.4,Frank Trigg
0.2,0.4,0.4,1.8,17.8,67.0,26.6,76.8,0.0,0.2,12.6,57.0,2.8,4.8,2.4,5.2,11.2,51.2,4.6,9.8,2.0,6.0,54.2,454.8,0.27411168541603326,2.275498095477208,0.3415516346652828,3.3640719419405576,0.2339700996677741,1.5822304708286157,0.46974358974358976,0.3431535369672842,0.47168831168831177,0.3501140876813081,0.27288370037779475,1.5742352166338844,0.3520897832817337,0.4778567653062054,0.12999999999999998,0.22340611353711787,0.0,0.0,0.2,0.08675185609849315,182.88,185.42000000000002,1.0,9323.6,Justin Buchholz
0.0,0.0,0.0,2.6666666666666665,20.333333333333332,42.0,48.666666666666664,74.0,2.3333333333333335,6.0,17.333333333333332,38.666666666666664,2.3333333333333335,2.6666666666666665,0.6666666666666666,0.6666666666666666,8.333333333333334,25.0,2.6666666666666665,3.3333333333333335,9.333333333333334,13.666666666666666,311.0,715.0,0.4936737980216241,1.6942124215762704,0.6468077905951134,3.7993243494078777,0.460035403050109,1.4272116419794336,0.8333333333333334,0.1899691873631065,0.6666666666666666,0.07703159223373056,0.36666666666666664,0.8506663696773954,0.4444444444444444,0.21401789360359358,0.45751633986928103,0.6295281582952815,0.20000000000000004,0.3703703703703704,0.6296296296296297,0.35893962455606293,185.42,190.5,1.0,13625.333333333334,Mark Coleman
0.0,0.0,0.0,1.75,12.0,29.5,15.0,32.75,0.25,0.5,4.75,20.75,4.75,5.75,2.25,2.5,9.25,25.5,1.75,2.0,0.75,1.25,8.75,357.5,0.39972359982101574,2.833524801852347,0.43962343460111314,3.361229041685894,0.25042063199957937,1.4164249456127629,0.6107954545454546,0.9720530174844897,0.4722222222222222,0.17140439932318105,0.33089599476154097,1.6040542566819065,0.6666666666666666,0.4237128353879623,0.1875,0.7142857142857143,0.11583011583011583,0.25,-0.25,0.0436499879139473,175.26,180.34,1.0,9651.25,Kyle Bradley
0.4,0.6,0.0,1.8,20.8,56.8,24.0,61.0,0.2,0.2,16.4,51.0,1.2,1.2,3.2,4.6,14.4,45.8,2.0,3.4,4.4,7.6,25.8,406.0,0.41088060147901534,4.528003793660848,0.42193946404472715,5.585845892726447,0.34971481407118316,3.5070163132517926,0.6,0.14046145717987132,0.7200000000000001,0.4810044293508793,0.34540963672290625,2.51924194122406,0.36363636363636365,0.24648370497427102,0.4292397660818713,0.8907691960558678,0.02830188679245283,0.2,0.6,0.10010399317208177,185.42,193.04,1.0,11057.8,Wilson Gouveia
0.25,1.25,0.0,2.5,15.75,50.75,49.75,87.5,1.0,5.5,9.75,42.5,5.0,6.5,1.0,1.75,9.0,36.25,3.75,8.0,3.0,6.5,140.75,692.0,0.335709790673026,2.7058877364246494,0.5398217009916095,4.9378787878787875,0.2766880066322771,1.9469696969696972,0.6136363636363636,0.6575757575757576,0.4,0.06666666666666667,0.2464809283482679,1.281818181818182,0.29723707664884136,0.25,0.5,1.0323529411764707,0.06666666666666667,0.11071428571428571,0.8285714285714285,0.18881313131313132,175.26,177.8,2.0,8963.5,Shane Nelson
0.4,0.6,0.0,2.4,29.0,74.6,56.6,102.8,0.2,0.4,14.6,56.2,5.6,7.4,8.8,11.0,21.6,63.2,4.8,7.4,2.6,4.0,26.4,634.0,0.4342340115834092,2.5364146815330937,0.5814870245020238,5.208315950663311,0.3321410068426197,1.393380088830037,0.3939393939393939,0.39162361767808995,0.8421212121212122,0.7514109750249667,0.3384476342371079,1.6913837494550497,0.5775,0.4258168208301325,0.5897435897435898,0.4192141112479114,0.013333333333333332,0.2,0.2,0.05579690189854288,177.8,187.96,1.0,10555.4,Kevin Burns
0.2,0.0,0.0,1.4,15.4,30.0,21.4,36.0,0.2,0.2,7.4,18.6,1.0,1.6,4.8,5.8,9.2,18.2,2.2,4.4,4.0,6.8,18.2,306.8,0.4114073433446025,3.1965619633537896,0.46357975133405055,4.5543572241183155,0.27724310776942357,1.9179666783622,0.35,0.3781247910392157,0.5454545454545455,0.5137811814978217,0.3132773109243697,0.9170926620013479,0.4992857142857143,0.680895696328977,0.36262626262626263,0.9373271766044302,0.05853658536585367,0.2,-0.2,0.0995928812396164,182.88,182.88,1.0,13194.4,Houston Alexander
0.0,1.0,0.3333333333333333,2.6666666666666665,25.0,63.666666666666664,84.66666666666667,129.0,0.0,0.0,16.333333333333332,50.666666666666664,4.666666666666667,8.0,4.0,5.0,19.0,55.333333333333336,3.6666666666666665,5.333333333333333,2.3333333333333335,3.0,5.0,792.0,0.37434437543133187,1.9791666666666667,0.6420381548246757,6.3069444444444445,0.28836837178708763,1.3138888888888889,0.6102693602693603,0.34861111111111115,0.8222222222222223,0.31666666666666665,0.33191519129019126,1.5166666666666666,0.712121212121212,0.28194444444444444,0.8222222222222223,0.18055555555555558,0.0,0.0,-2.6666666666666665,0.005555555555555556,177.80000000000004,180.34,1.0,10037.666666666666,Jason Dent
0.0,1.2,0.0,2.4,11.4,26.4,26.8,43.0,1.6,3.8,7.0,21.2,2.2,2.8,2.2,2.4,4.2,14.2,5.0,8.2,2.4,4.2,195.0,678.2,0.4523809523809524,1.0273054402214414,0.664869791371238,2.6919109975513678,0.2935897435897436,0.6211774725859682,0.7933333333333332,0.25946130096880654,0.18333333333333332,0.14666666666666667,0.24360410830999069,0.3462769806392404,0.5125,0.36462046204620463,0.33095238095238094,0.37516022569998936,0.1682785052698818,0.36666666666666664,-0.1833333333333333,0.3447785230135917,180.34,180.34,2.0,11211.6,Brock Larson
0.5,0.5,0.0,2.0,18.5,54.0,40.5,80.0,1.5,3.0,12.5,45.5,4.5,6.0,1.5,2.5,11.0,39.5,1.5,3.0,6.0,11.5,283.5,570.0,0.34013722126929674,1.93927304964539,0.4976470588235294,4.2486702127659575,0.2758454106280193,1.3109485815602837,0.6875,0.4709663120567376,0.6666666666666666,0.1573581560283688,0.28012820512820513,1.1524822695035462,0.375,0.15625,0.5189393939393939,0.630540780141844,0.15625,0.3,-0.5,0.49632461583924353,180.34,195.58,1.0,11595.5,Denis Kang
0.0,1.5,0.5,2.0,12.5,36.5,27.5,53.0,0.5,2.5,5.5,26.0,5.5,8.5,1.5,2.0,8.0,28.0,3.5,7.5,1.0,1.0,126.5,551.0,0.37222222222222223,2.1003300330033,0.494230075730256,3.3306930693069305,0.2569444444444444,0.9425742574257425,0.6458333333333333,0.9425742574257425,0.8333333333333333,0.2151815181518152,0.30208333333333337,1.2244224422442245,0.6923076923076923,0.8092409240924092,0.5,0.06666666666666667,0.03333333333333333,0.1,0.9,0.15975247524752476,190.5,195.58,1.0,10142.0,Rolando Delgado
0.2,0.2,0.0,2.0,22.8,41.6,28.4,47.6,0.0,0.4,10.0,25.6,5.2,6.6,7.6,8.8,13.2,28.0,7.8,11.4,0.0,0.0,9.0,486.2,0.507327485380117,2.5542165148401232,0.527991452991453,2.996570557194165,0.28487419013734805,1.0252846164650173,0.5599999999999999,0.46642508878589056,0.9277777777777778,0.8891734762558817,0.4565969802555168,1.7286309292545372,0.29979716024340775,0.6933333333333334,0.0,0.0,0.0,0.0,-0.2,0.02069030069030069,193.04,198.12,1.0,11831.6,Antoni Hardonk
0.2,1.2,0.4,3.0,24.0,66.8,51.2,98.0,0.4,1.0,14.0,52.2,1.2,2.6,6.4,8.4,20.0,55.4,2.2,5.4,1.8,6.0,55.2,749.8,0.34603228045166373,1.9586189109574321,0.5295364875597347,3.722920155191113,0.2738509054117223,1.160197701249827,0.3833333333333333,0.10791431004738716,0.6239361702127659,0.5665770750988143,0.3256826943731558,1.5210997485273672,0.30666666666666664,0.19554598592215694,0.1259259259259259,0.18479558011049724,0.04419889502762431,0.08,-0.6,0.09173063228974832,167.64000000000001,180.34,1.0,12302.2,Hermes Franca
0.2,0.2,0.0,1.2,9.8,21.0,11.8,22.6,0.2,0.2,6.6,16.8,1.2,1.4,1.8,2.2,5.6,14.6,3.4,5.0,0.8,0.8,1.0,140.2,0.5414349733028223,3.957422181690569,0.5662939958592133,5.338999788090698,0.4755555555555556,2.6483444338159714,0.6,0.6259447623083986,0.45,0.6489774752876357,0.369640522875817,2.051961407576381,0.5304347826086957,0.5351091332909516,0.4,0.5855614973262032,0.09266409266409267,0.2,0.0,0.014705882352941176,182.88,182.88,2.0,11025.8,Drew McFedries
0.0,1.3333333333333333,0.3333333333333333,3.0,28.666666666666668,63.0,42.0,77.66666666666667,1.0,2.6666666666666665,12.333333333333334,37.0,11.666666666666666,18.666666666666668,4.666666666666667,7.333333333333333,16.666666666666668,44.333333333333336,6.666666666666667,11.0,5.333333333333333,7.666666666666667,93.0,845.0,0.4391039854454489,2.0058956916099775,0.52139075218571,2.93469387755102,0.3256987901543596,0.8671201814058956,0.6078042328042329,0.8126984126984126,0.6352813852813853,0.3260770975056689,0.36934137291280145,1.165986394557823,0.6277777777777778,0.48435374149659866,0.2318840579710145,0.35555555555555557,0.07165532879818594,0.27777777777777773,-1.0555555555555556,0.10998488284202569,185.42,190.5,1.0,11525.0,Chris Wilson
0.0,0.6,0.8,3.0,52.0,150.2,88.4,192.4,2.0,4.2,39.0,128.4,5.8,11.0,5.4,8.2,25.8,101.2,7.8,13.4,12.0,17.0,262.8,850.2,0.3371882219596992,3.6247619047619053,0.4346320934992483,6.256958525345622,0.295318011219818,2.8627956989247316,0.5103174603174603,0.40196620583717363,0.3707602339181286,0.36,0.26099870889344573,1.8678955453149002,0.41850375234521575,0.52,0.7476381461675579,1.2368663594470046,0.16,0.30476190476190473,0.2,0.32558320532514085,175.26,177.8,1.0,9090.6,Roger Huerta
0.25,0.0,0.25,2.5,18.5,48.75,58.0,93.75,1.0,2.25,14.5,40.75,1.0,1.75,3.25,6.25,8.25,30.0,5.75,9.5,4.5,9.5,247.0,704.25,0.34826800614844095,1.4564102564102566,0.50587806861142,4.083333333333333,0.28967304625199364,0.9666666666666667,0.16666666666666666,0.06666666666666667,0.6510416666666666,0.43974358974358974,0.3499946426658095,0.7897435897435898,0.5481481481481482,0.38333333333333336,0.125,0.3,0.06666666666666667,0.2125,-0.25,0.3036024305555556,185.42,185.42000000000002,1.0,11856.25,Justin McCully
0.0,0.5,0.0,3.0,31.75,105.25,50.0,124.25,1.0,6.75,27.5,100.75,2.25,2.5,2.0,2.0,28.0,97.75,2.75,5.25,1.0,2.25,98.0,900.0,0.2989043908161555,2.1166666666666667,0.40496286542786125,3.333333333333333,0.26551666856049827,1.8333333333333335,0.6666666666666666,0.15000000000000002,1.0,0.13333333333333333,0.27718915343915346,1.8666666666666667,0.4119318181818182,0.18333333333333335,0.3214285714285714,0.06666666666666667,0.06666666666666667,0.07777777777777778,0.7958333333333334,0.10888888888888888,177.8,187.96,1.0,12794.25,Marcus Aurelio
0.2,0.2,0.4,2.2,11.0,42.2,31.6,65.0,2.4,6.8,10.4,41.4,0.4,0.4,0.0,0.0,6.4,33.0,1.2,2.4,3.2,6.2,232.8,588.4,0.3699712430599298,1.0022901746807622,0.5705147954313551,2.7222246608063094,0.3364222052457347,0.941423138207689,0.4,0.03487731897067624,0.0,0.0,0.2636841303685653,0.6822100761263199,0.2111111111111111,0.08821065230400957,0.37976190476190474,0.22975463794135248,0.2157520639387785,0.34220779220779224,0.7857142857142858,0.30593742834505017,190.5,193.04,1.0,8871.4,Jake O'Brien
0.0,0.6666666666666666,0.0,1.3333333333333333,5.0,13.333333333333334,6.666666666666667,15.0,0.3333333333333333,0.3333333333333333,1.0,7.333333333333333,0.3333333333333333,0.3333333333333333,4.0,5.666666666666667,4.666666666666667,13.0,0.0,0.3333333333333333,0.0,0.0,12.0,245.33333333333334,0.3160829307568438,1.1680494339296517,0.3812229437229437,1.5981663929939793,0.08378317588843905,0.21420233363514063,0.3333333333333333,0.0625,0.712121212121212,0.9254853835657625,0.3165849673202614,1.0865075510534472,0.0,0.0,0.0,0.0,0.09852216748768473,0.3333333333333333,0.6666666666666666,0.054910714285714285,177.80000000000004,175.26,1.0,10856.666666666666,Dale Hartt
0.0,0.0,1.0,3.0,38.0,100.25,61.75,126.25,0.5,1.0,21.0,79.75,10.25,12.25,6.75,8.25,24.75,72.25,5.0,8.0,8.25,16.75,256.5,900.0,0.3900625515971296,2.5333333333333337,0.5116935497271482,4.116666666666666,0.27431876518781434,1.4000000000000001,0.8649607487922705,0.6833333333333333,0.8476190476190477,0.44999999999999996,0.35016046469187545,1.6500000000000001,0.38541666666666663,0.3333333333333333,0.4576013513513514,0.55,0.03333333333333333,0.25,-0.375,0.3108333333333333,175.26,177.8,1.0,11666.5,Ryo Chonan
0.0,0.0,0.0,1.0,3.0,6.0,8.0,9.0,0.0,0.0,1.0,4.0,1.0,1.0,1.5,1.5,1.0,3.0,2.0,2.0,0.0,0.0,11.0,290.0,0.7105263157894737,0.6671982987772461,0.8,1.6994110718492346,0.05263157894736842,0.06666666666666667,1.0,0.2070171681479102,0.5,0.30303030303030304,0.3088235294117647,0.18122400475341652,1.0,0.40903737016811226,0.0,0.0,0.0,0.0,0.0,0.037037037037037035,177.8,180.34,1.0,10702.5,David Bielkheden
0.0,0.0,0.0,2.0,7.25,21.75,24.75,39.25,1.25,3.75,3.5,16.5,2.5,3.5,1.0,1.25,2.75,12.75,0.0,1.25,4.5,8.0,150.75,547.0,0.35418392641638674,0.6798245614035088,0.5487158167036216,2.2122112211221125,0.2536984352773827,0.2909240924092409,0.22727272727272727,0.16666666666666666,0.375,0.13064516129032258,0.1548943901885078,0.30408544649531366,0.0,0.0,0.5129310344827587,0.3575907590759076,0.1,0.15,-0.25,0.1675,182.88,185.42000000000002,1.0,9692.25,Carmelo Marrero
0.0,0.0,0.0,1.0,2.0,6.0,3.0,7.0,0.0,0.0,1.0,4.0,0.0,0.0,0.0,0.0,1.0,4.0,0.0,0.0,0.0,0.0,0.0,100.0,0.25,0.6,0.4,1.2,0.25,0.6,0.0,0.0,0.0,0.0,0.25,0.6,0.0,0.0,0.0,0.0,0.0,0.0,0.0,0.0,182.88,187.96,1.0,9751.0,Tim McKenzie
0.2,0.6,0.0,2.4,31.0,69.4,43.8,82.4,0.6,3.0,23.0,59.2,4.8,6.4,3.0,3.4,26.6,62.2,3.6,5.6,0.6,1.0,65.4,608.2,0.35090263658439136,2.8251666618116538,0.47203753261472253,3.949892380542402,0.26199395434671885,1.9540938441670257,0.5606060606060606,0.40411782793186146,0.5636363636363637,0.30976200725662634,0.3165309127801442,2.311954982125907,0.36547619047619045,0.3295894061455835,0.26666666666666666,0.05060041407867495,0.05060041407867495,0.12,0.4,0.13342227141968854,180.34,190.5,1.0,9268.0,Pete Sell
0.0,0.0,0.0,1.0,14.0,26.666666666666668,27.0,40.0,0.0,0.0,10.333333333333334,22.333333333333332,1.3333333333333333,2.0,2.3333333333333335,2.3333333333333335,7.333333333333333,16.0,6.666666666666667,10.666666666666666,0.0,0.0,1.0,184.0,0.49925064599483204,4.371953246633553,0.5559615384615385,6.0472907690299,0.4139895192526771,3.1566422103506504,0.3333333333333333,0.3361344537815126,1.0,0.8791765825013907,0.4515873015873016,2.2912079050186467,0.3575757575757576,1.2222222222222223,0.0,0.0,0.0,0.0,0.3333333333333333,0.0045045045045045045,182.88,182.88,1.0,9955.666666666666,Jason Day
0.0,0.2,0.0,2.4,26.0,64.8,47.6,91.4,1.2,3.2,13.4,49.2,3.2,4.6,8.2,10.6,14.4,41.4,6.4,11.0,5.2,7.6,132.8,682.2,0.44356132470954607,2.2717140158467966,0.5172171222541716,3.823756929750823,0.3031646685789764,1.120642363149241,0.6833333333333333,0.3110865621564899,0.7814285714285714,0.839985090541066,0.335373048004627,1.3571011258395242,0.5791090629800307,0.5812795566739395,0.0896551724137931,0.3466666666666667,0.10683174319537955,0.22916666666666666,0.6,0.180120028997013,172.72,177.8,1.0,9865.6,Luigi Fioravanti
0.0,1.0,0.4,2.2,15.0,41.8,49.4,91.2,1.8,4.0,9.6,35.8,1.2,1.6,4.2,4.6,11.2,34.8,1.4,3.2,2.4,3.8,205.4,651.0,0.37339282799151113,1.2676691729323308,0.5158854529590446,4.1085714285714285,0.21047879574195366,0.6827414330218069,0.7,0.13982683982683983,0.76,0.3980952380952381,0.32029775307252084,0.9425617519735165,0.4666666666666666,0.12363636363636363,0.37727272727272726,0.16,0.17904761904761904,0.36666666666666664,-0.2,0.29813275613275614,175.26,182.88,2.0,11788.2,Rich Clementi
0.3333333333333333,0.3333333333333333,0.3333333333333333,2.6666666666666665,30.0,57.0,38.333333333333336,65.66666666666667,1.3333333333333333,1.6666666666666667,11.0,28.666666666666668,8.666666666666666,13.0,10.333333333333334,15.333333333333334,24.666666666666668,48.666666666666664,3.0,5.0,2.3333333333333335,3.3333333333333335,114.33333333333333,766.3333333333334,0.49566694987255727,2.502047369592987,0.5970128877238968,3.252015141393899,0.28404558404558405,0.8047650857270096,0.6307692307692307,0.7384992206635493,0.7037037037037037,0.9389000222667558,0.4609771181199753,2.0016032064128257,0.6126984126984127,0.2535738142952572,0.7222222222222222,0.2269873079492318,0.10674682698730796,0.5833333333333334,-0.3333333333333333,0.17346767609292657,170.18,172.72,3.0,12353.0,Akihiro Gono
0.25,0.25,0.25,2.0,27.75,100.5,43.75,118.0,0.5,1.5,22.5,89.75,1.0,1.5,4.0,5.25,21.0,86.0,4.5,8.75,2.0,5.5,56.5,509.75,0.23392711018250162,2.5967304625199366,0.38691999706141644,4.04585326953748,0.17766307310277996,2.1484848484848484,0.3125,0.06666666666666667,0.42647058823529416,0.26666666666666666,0.19773699598475014,2.0719251336898394,0.21428571428571427,0.3,0.09523809523809523,0.13333333333333333,0.1043859649122807,0.3125,0.0,0.11369883040935672,187.96,195.58,1.0,11718.0,Christian Wellisch
0.0,1.4,0.2,2.2,11.0,30.6,24.2,44.4,0.4,1.4,6.6,24.8,2.8,3.4,1.6,2.0,5.6,20.0,4.0,6.6,1.4,2.2,64.8,561.2,0.395101102884324,1.0294003092189419,0.5599907228616735,2.631915805321521,0.33066648881774935,0.639845793049997,0.5599999999999999,0.2035600335852225,0.4,0.10666666666666666,0.28799666494163645,0.49553383735939516,0.20555555555555555,0.2835600335852225,0.52,0.18100724487591507,0.0435600335852225,0.26666666666666666,-0.1333333333333333,0.14335766331779537,185.42,187.96,1.0,11662.8,Jeremy Horn
0.5,0.0,0.0,1.0,4.0,9.0,8.5,13.0,0.5,1.0,1.5,6.0,2.0,2.0,0.5,0.5,2.0,5.0,1.5,2.5,0.5,1.0,15.5,179.5,0.5083333333333333,1.4602713178294575,0.6666666666666667,2.9224806201550386,0.3125,0.4874031007751938,0.5,0.8333333333333334,0.5,0.13953488372093023,0.41666666666666663,0.6957364341085271,0.3,0.625,0.5,0.13953488372093023,0.2,0.25,1.0,0.09731912144702842,190.5,195.58,2.0,10016.0,Antonio Mendes
0.0,0.0,0.0,1.6666666666666667,18.666666666666668,39.666666666666664,30.333333333333332,51.333333333333336,0.3333333333333333,0.6666666666666666,7.666666666666667,25.0,4.0,5.0,7.0,9.0,14.666666666666666,32.666666666666664,1.6666666666666667,1.6666666666666667,2.3333333333333335,4.666666666666667,40.333333333333336,364.6666666666667,0.5609031491384432,2.2773541065675897,0.701968253968254,4.984699195935151,0.4732804232804233,1.3011198539288424,0.5897435897435898,0.467143343547838,0.2692307692307692,0.5090909090909091,0.429951690821256,1.3503215885238358,0.6666666666666666,0.38556350017024177,0.6333333333333333,0.5414690178735122,0.024242424242424242,0.16666666666666666,0.3333333333333333,0.087996447996448,175.26,182.88,1.0,9106.0,Nate Mohr
0.0,0.75,0.0,2.0,8.25,27.75,14.75,35.25,0.25,6.75,4.25,22.75,0.0,0.25,3.5,4.25,7.25,24.5,0.0,1.75,0.5,0.75,13.75,543.0,0.3456590679290376,1.0208522637303743,0.481958041958042,1.958087027914614,0.2699878246753247,0.613752052545156,0.0,0.0,0.6545454545454545,0.28132183908045977,0.3423611111111111,0.8137520525451559,0.0,0.0,0.375,0.08132183908045977,0.06465517241379311,0.0625,0.9545454545454546,0.04727011494252874,185.42,190.5,1.0,11547.0,Dean Lister
0.75,0.0,0.0,2.25,33.0,80.5,77.75,129.75,0.75,3.25,25.75,71.5,5.5,6.25,1.75,2.75,16.75,55.75,13.75,19.75,0.75,1.25,157.0,633.0,0.3890038935756003,2.8367664203485097,0.5318879114037779,6.3574266327997675,0.33035103993750603,2.278923691610259,0.9365384615384615,0.4332158630666093,0.39285714285714285,0.12462686567164179,0.29172065834388994,1.4737097110231439,0.6619047619047619,1.3026963489650056,0.375,0.06036036036036036,0.0727107704719645,0.175,0.9375,0.23135885885885885,187.96,187.96,1.0,9230.75,Eddie Sanchez
0.0,0.0,0.0,2.0,21.0,56.5,32.0,67.5,2.0,2.5,15.5,47.5,4.0,5.5,1.5,3.5,14.0,42.5,6.0,9.0,1.0,5.0,146.5,428.5,0.35318181818181815,2.649441340782123,0.49476006618863766,4.333100558659218,0.28643578643578643,1.8833798882681565,0.7083333333333333,0.5226955307262571,0.41666666666666663,0.2433659217877095,0.32575757575757575,1.8294343575418994,0.3333333333333333,0.670391061452514,0.23809523809523808,0.1496159217877095,0.299231843575419,0.8333333333333333,1.0,0.3618395018621974,193.04,200.66,1.0,10947.0,Corey Hill
0.0,0.0,0.5,3.0,40.75,137.25,59.0,157.0,1.0,3.0,24.25,114.0,5.5,8.25,11.0,14.5,32.75,118.75,6.75,12.25,1.5,4.25,155.75,897.0,0.3045649980474093,2.81040777619725,0.46752782099647816,3.9504504504504507,0.24128026380545187,1.6243243243243246,0.2519230769230769,0.36666666666666664,0.5029761904761905,0.7378378378378379,0.25252556325684383,2.215332177096883,0.27541666666666664,0.4529279279279279,0.17708333333333331,0.10067567567567567,0.06734234234234233,0.3125,0.3541666666666667,0.1739602102102102,170.18,175.26,1.0,11268.0,Jorge Gurgel
0.0,0.75,1.0,2.0,14.25,28.5,51.5,84.0,0.75,1.5,13.25,27.0,0.75,0.75,0.25,0.5,3.5,9.25,1.25,2.5,7.0,10.75,167.75,546.25,0.4240613553113553,1.3352319154049506,0.6760351153039832,4.96507881875129,0.4007142857142857,1.1534296291197235,0.5,0.12777777777777777,0.125,0.016666666666666666,0.31566717596129357,0.3843280573992959,0.25,0.19999999999999998,0.27182539682539686,0.7536529680365297,0.08888888888888888,0.375,-0.5,0.2861949588123265,175.26,172.72,2.0,9322.5,Alvin Robinson
0.3333333333333333,0.6666666666666666,0.0,1.6666666666666667,20.0,50.666666666666664,25.333333333333332,56.333333333333336,0.6666666666666666,1.6666666666666667,9.0,37.333333333333336,4.666666666666667,5.333333333333333,6.333333333333333,8.0,17.0,46.0,2.0,3.3333333333333335,1.0,1.3333333333333333,8.333333333333334,471.6666666666667,0.3855602686461647,2.9566280566280567,0.47776671644267465,3.6209137709137713,0.23513770180436847,1.186100386100386,0.6296296296296297,0.6882882882882884,0.7222222222222222,0.8822393822393823,0.34871794871794876,2.4491634491634495,0.5833333333333334,0.3384169884169885,0.5,0.16904761904761903,0.07142857142857142,0.16666666666666666,1.0,0.016428571428571428,177.80000000000004,198.12,1.0,8855.666666666666,Rameau Thierry Sokoudjou
0.4,1.0,0.0,1.8,12.4,26.6,28.0,45.8,0.6,1.4,7.4,21.0,4.0,4.4,0.8,1.0,2.4,9.0,3.8,5.4,5.4,8.6,105.2,360.4,0.3993271221532091,2.4273493947680636,0.5210424874556868,4.9565835639711295,0.2892229992229992,1.3552511715286868,0.7484848484848485,0.7505735122014752,0.5333333333333333,0.24784050051158552,0.3406346749226006,0.6187162465766531,0.6216450216450216,0.7396764018400978,0.19777777777777777,0.6787151333287867,0.082119936512318,0.4,-0.2,0.23583639531973993,190.5,190.5,1.0,11831.2,Jason Lambert
0.5,1.25,0.0,3.0,15.0,31.0,55.0,75.25,0.5,1.0,9.25,23.0,4.75,6.75,1.0,1.25,6.0,16.0,4.75,7.5,4.25,7.5,102.5,900.0,0.49553113553113554,1.0,0.7290232233550777,3.6666666666666665,0.37682226495613924,0.6166666666666667,0.7683080808080808,0.31666666666666665,0.5,0.06666666666666667,0.40326816041101754,0.4,0.65625,0.31666666666666665,0.55,0.2833333333333333,0.03333333333333333,0.375,-2.5,0.1138888888888889,182.88,187.96,1.0,9845.5,Luke Cummo
0.75,0.25,1.0,3.0,27.0,72.25,55.0,101.75,1.0,1.25,10.0,51.0,9.25,13.25,3.0,3.25,7.25,42.0,3.5,8.25,9.75,15.5,152.25,900.0,0.39411756614662297,1.8,0.5643464007545332,3.6666666666666665,0.237557730715871,0.6666666666666666,0.7574404761904762,0.7222222222222223,0.725,0.2,0.18012605042016808,0.5067736185383244,0.3674242424242424,0.23333333333333334,0.5850694444444444,1.0833333333333335,0.06666666666666667,0.4375,-2.0,0.16916666666666666,193.04,198.12,1.0,10837.5,Heath Herring
0.0,0.0,0.0,1.8,14.0,40.0,23.6,49.6,0.4,1.4,6.4,31.6,4.0,4.2,3.6,4.4,4.2,27.2,6.8,9.8,0.0,0.0,59.4,379.6,0.32988764044943825,1.94247458629507,0.43211382296404705,3.3721315978493784,0.21504040434611543,1.0683453296507894,0.3875,0.313421550094518,0.5416666666666667,0.5740410398830961,0.15934822709571633,0.7156025801947754,0.4996037296037296,0.9962124695584054,0.0,0.0,0.09333333333333334,0.13333333333333333,0.9333333333333333,0.10345878893460345,175.26,185.42000000000002,1.0,12759.2,Marvin Eastman
0.2,0.8,0.0,2.4,18.4,45.4,30.8,61.8,1.6,4.0,8.2,31.0,5.0,8.8,5.2,5.6,10.8,35.0,5.4,7.0,2.2,3.4,196.2,595.4,0.44947706762639905,1.9378597905151345,0.4898011724997109,3.2108405087899703,0.26200044087368035,0.746774876973717,0.7227053140096619,0.47188423845424676,0.9333333333333332,0.7192006750871706,0.3537387055135534,1.2740643887785563,0.6264705882352941,0.45082242876360523,0.24545454545454545,0.21297297297297296,0.1407245933716522,0.33166666666666667,1.0,0.30294655473525445,182.88,187.96,1.0,12901.6,Evan Tanner
0.0,0.0,0.0,2.0,26.0,64.0,34.0,76.0,2.0,6.0,18.0,53.0,3.0,5.0,5.0,6.0,14.0,41.0,9.0,19.0,3.0,4.0,108.0,520.0,0.40625,3.0,0.4473684210526316,3.9230769230769234,0.33962264150943394,2.076923076923077,0.6,0.3461538461538462,0.8333333333333334,0.576923076923077,0.34146341463414637,1.6153846153846154,0.47368421052631576,1.0384615384615385,0.75,0.3461538461538462,0.23076923076923078,0.3333333333333333,1.0,0.2076923076923077,177.8,182.88,1.0,9425.0,Matt Arroyo
0.0,0.0,0.0,2.0,10.5,27.0,16.5,33.5,1.0,5.0,3.5,19.5,5.0,5.5,2.0,2.0,4.5,18.0,6.0,8.5,0.0,0.5,53.5,600.0,0.3723702664796634,1.1,0.43725296442687744,1.5,0.17063492063492064,0.30000000000000004,0.9166666666666667,0.6666666666666666,0.5,0.13333333333333333,0.24581939799331104,0.7,0.35294117647058826,0.4,0.0,0.0,0.06666666666666667,0.1,0.9,0.059444444444444446,180.34,177.8,1.0,10417.5,Kazuhiro Nakamura
0.0,1.0,0.0,1.5,2.0,9.0,5.5,16.5,1.0,2.0,1.0,7.5,0.0,0.0,0.5,0.5,1.0,7.5,0.0,0.0,0.0,0.0,113.5,365.0,0.19130434782608696,0.5263157894736842,0.3178861788617886,1.0914728682170542,0.05263157894736842,0.06666666666666667,0.0,0.0,0.5,0.1,0.11764705882352941,0.18021390374331553,0.0,0.0,0.0,0.0,0.1697674418604651,0.6666666666666666,1.0,0.2951937984496124,177.8,180.34,1.0,9593.0,Charles McCarthy
0.25,0.75,0.0,2.5,16.5,37.75,43.75,66.25,2.0,6.0,12.0,32.5,2.25,2.5,2.25,2.75,6.5,21.75,1.75,2.75,8.25,13.25,196.25,692.75,0.40442182001005533,1.716220139911012,0.5644350609068352,3.5594331175092986,0.32458489974937343,1.227128679340589,0.6666666666666666,0.1827205882352941,0.625,0.2414585916333747,0.28609203296703295,0.7085612113697939,0.4625,0.14938725490196078,0.5509259259259259,0.7933593929375029,0.17360919777747164,0.2375,0.375,0.2701289443372978,177.8,177.8,1.0,11342.5,Kuniyoshi Hironaka
0.0,0.25,0.25,2.75,29.5,64.25,43.5,79.5,1.0,3.25,16.5,46.75,7.75,11.5,5.25,6.0,16.75,46.75,9.5,11.0,3.25,6.5,125.0,724.75,0.44964194580633765,2.894235588972431,0.5091983857345237,4.036967418546365,0.31943778979212306,1.830576441102757,0.576388888888889,0.6260651629072681,0.84375,0.437593984962406,0.3593589743589744,1.761654135338346,0.8964285714285714,0.9159147869674186,0.13,0.21666666666666667,0.087593984962406,0.3333333333333333,0.8125,0.15841687552213868,190.5,187.96,1.0,11891.0,Kalib Starnes
0.0,0.4,0.2,2.0,4.8,11.4,14.0,21.2,1.2,4.8,2.8,9.2,1.2,1.4,0.0,0.0,1.6,6.2,1.0,1.2,1.8,3.2,165.6,488.6,0.31953444330466346,0.7143379603183514,0.6728496503496503,1.895299390423825,0.21069725596041383,0.3425850496171636,0.3666666666666667,0.09450889404485692,0.0,0.0,0.16069812540400777,0.18959001782531196,0.16666666666666669,0.06666666666666667,0.21428571428571427,0.24768584397354698,0.21624531747823045,0.44222222222222224,0.45714285714285713,0.42644640757803326,180.34,190.5,1.0,12153.4,Travis Lutter
0.0,0.0,0.0,1.0,3.0,7.0,4.0,7.5,0.0,1.0,1.0,5.5,1.0,1.5,1.0,1.0,1.0,5.0,2.0,2.5,0.0,0.0,14.0,94.5,0.3813664596273292,1.2548934319269247,0.43038617886178865,1.7730027548209368,0.05263157894736842,0.06666666666666667,0.3333333333333333,0.49586776859504134,0.5,0.49586776859504134,0.11764705882352941,0.16042780748663102,0.4,0.8666666666666667,0.0,0.0,0.0,0.0,0.5,0.11570247933884298,177.8,180.34,1.0,8790.0,Tommy Speer
0.2,0.2,0.2,4.2,58.4,152.8,92.4,194.6,0.0,0.0,39.8,128.8,7.4,9.4,11.2,12.0,37.0,121.4,7.2,10.6,7.0,8.6,202.8,857.6,0.370246794625115,3.1990852713178293,0.4716156392983276,5.248108527131783,0.29844272028432467,2.238868217054264,0.8588888888888888,0.43755038759689935,0.5604761904761905,0.5226666666666666,0.2812027248753422,1.9405581395348837,0.4865121806298277,0.5335503875968992,0.5035714285714286,0.36497674418604653,0.0,0.0,-0.2,0.19497260981912143,193.04,200.66,1.0,11364.8,Tim Sylvia
0.2,0.0,0.0,2.2,25.2,47.0,43.2,65.6,1.6,4.4,12.2,32.4,8.2,9.8,4.4,4.4,6.6,24.6,9.8,14.0,4.2,5.4,252.0,514.0,0.6083420655711678,4.081916908437833,0.7123358237405004,6.533950453956402,0.4609862352270013,2.532169581227134,0.7393103448275863,0.7005134820089386,0.6,0.3977530458332025,0.3127737181829254,1.3508676370362829,0.6581440781440782,0.9578685779807266,0.6511111111111111,1.2322000737333139,0.17467770987781633,0.3083333333333333,0.975,0.4657129259725137,172.72,180.34,1.0,9565.2,Terry Martin
0.0,0.0,0.0,2.0,7.0,29.333333333333332,20.0,43.666666666666664,0.0,0.3333333333333333,4.666666666666667,25.0,1.0,2.0,1.3333333333333333,2.3333333333333335,5.0,26.0,0.3333333333333333,1.0,1.6666666666666667,2.3333333333333335,48.0,567.3333333333334,0.32085511496451186,0.8925239502193572,0.45825180285701167,2.2180141462977887,0.2678608747574265,0.6444265377383831,0.16666666666666666,0.06666666666666667,0.4666666666666666,0.1814307458143075,0.21286571642910732,0.6884835461789532,0.1111111111111111,0.022222222222222223,0.2380952380952381,0.19607843137254902,0.0,0.0,0.3333333333333333,0.09411764705882353,180.34,182.88,1.0,11530.666666666666,David Heath
0.0,0.6666666666666666,0.3333333333333333,1.6666666666666667,5.333333333333333,10.666666666666666,17.333333333333332,22.333333333333332,0.3333333333333333,3.0,4.0,8.666666666666666,1.3333333333333333,1.3333333333333333,0.0,0.0,1.0,6.0,2.0,2.0,3.0,3.3333333333333335,127.66666666666667,374.0,0.5082125603864734,0.9447258313146883,0.6160907859078592,2.802234782679618,0.411723753829017,0.6745503927181972,0.6666666666666666,0.17101311838153943,0.0,0.0,0.12605042016806722,0.17361853832442067,0.6666666666666666,0.24898582793319635,0.6,0.574355460944318,0.08368200836820083,0.3333333333333333,0.0,0.36048787274116223,182.88,177.80000000000004,2.0,11939.333333333334,Tony DeSouza
0.0,1.4,0.0,1.6,17.6,32.2,35.4,52.8,1.2,2.2,11.6,24.6,3.6,4.8,2.4,2.8,3.8,10.0,1.6,3.4,5.8,9.0,140.6,335.2,0.4505540803104406,2.6874422718903963,0.5573178474641889,4.3209488838375005,0.3208040935672514,1.491796659912435,0.4333333333333334,0.4474044207646338,0.7777777777777778,0.5863364293085656,0.36148034971564386,1.0319163160980427,0.375,0.22793577651378788,0.29770114942528736,0.7922960616315071,0.1394493183822869,0.4333333333333333,0.6,0.29647346821225434,185.42,190.5,1.0,11082.4,Renato Sobral
0.0,0.2,0.8,3.6,24.6,62.6,69.2,108.8,0.2,0.2,18.0,55.2,3.8,4.4,2.6,2.6,13.0,43.0,5.2,7.2,6.2,11.4,286.4,652.0,0.3488144345026427,1.171604621309371,0.5567474421244033,3.252357723577236,0.270862376253721,0.8072845528455286,0.726984126984127,0.16839024390243904,0.6,0.10400000000000001,0.23876209574738985,0.5768660493022043,0.72,0.24078048780487804,0.36036363636363633,0.280780487804878,0.008,0.2,0.2,0.39755863642846956,170.18,177.8,2.0,10553.6,Jens Pulver
0.0,0.5,0.0,2.5,22.5,59.0,32.0,69.5,0.5,1.5,7.5,43.0,5.0,5.0,10.0,11.0,5.5,37.5,16.5,21.0,1.0,2.0,39.0,670.5,0.4905376344086022,2.0205376666809585,0.5548462741010943,2.992539553230716,0.3145424836601307,0.780345581614715,1.0,0.4791407623376066,0.95,0.7610513227286368,0.12826797385620914,0.4360857898643119,0.7857142857142857,1.5072360616844602,0.25,0.12048192771084336,0.06024096385542168,0.25,-1.0,0.06598636539038717,187.96,195.58,1.0,11257.0,Rory Singer
0.6666666666666666,0.6666666666666666,0.0,2.3333333333333335,21.0,63.0,24.333333333333332,66.66666666666667,0.0,1.0,18.0,56.0,0.6666666666666666,2.0,2.3333333333333335,5.0,14.666666666666666,49.333333333333336,5.666666666666667,11.0,1.0,1.3333333333333333,65.33333333333333,616.6666666666666,0.38578255675029866,1.9606971223438132,0.4718690400508582,2.3468065907714366,0.37862097103223175,1.6679447720052905,0.13333333333333333,0.044444444444444446,0.3148148148148148,0.2077007700770077,0.24036511156186613,1.42619320755605,0.28958333333333336,0.41254125412541254,0.3333333333333333,0.1348314606741573,0.0,0.0,-0.11111111111111109,0.08096925048310076,182.88,177.80000000000004,1.0,10136.333333333334,Scott Smith
0.2,0.4,0.0,2.0,10.0,26.4,51.2,75.2,0.0,0.2,3.6,18.4,1.6,1.6,5.0,6.4,7.6,23.2,2.0,2.2,0.4,1.0,14.8,507.2,0.3968660149511214,1.9281203007518797,0.6411114903730672,5.3619047619047615,0.15785964912280698,0.6676190476190478,0.8,0.3476190476190476,0.76,0.8304761904761906,0.33484848484848484,1.3942857142857144,0.7333333333333333,0.4785714285714285,0.16666666666666666,0.043333333333333335,0.0,0.0,-0.8,0.03283333333333333,190.5,195.58,1.0,12295.8,Elvis Sinosic
0.2,1.0,0.2,2.6,30.2,72.4,60.2,106.2,0.8,2.6,14.4,52.6,8.6,11.4,5.2,7.2,11.2,38.8,7.0,10.4,8.6,13.2,107.0,683.2,0.375922769970057,2.5169298395507655,0.5452806998990132,4.649724271027621,0.2679774486383182,1.1892968910259039,0.6413237924865831,0.8408038240171691,0.663768115942029,0.3605909460558417,0.2613453712704087,0.9527359947349187,0.8037084398976984,0.7663620903344486,0.34285714285714286,0.6392156862745098,0.057647058823529405,0.3085714285714286,0.9142857142857143,0.1409481714046556,177.8,177.8,1.0,9698.6,Drew Fickett
0.3333333333333333,0.6666666666666666,0.6666666666666666,3.0,12.0,32.0,31.0,55.0,0.6666666666666666,8.0,9.666666666666666,29.333333333333332,1.6666666666666667,2.0,0.6666666666666666,0.6666666666666666,3.6666666666666665,18.666666666666668,3.6666666666666665,5.666666666666667,4.666666666666667,7.666666666666667,145.33333333333334,654.0,0.4107692307692308,2.573099415204678,0.6066919191919192,4.153086419753087,0.37076249618242896,1.9728395061728394,0.8888888888888888,0.29580246913580244,0.3333333333333333,0.24691358024691357,0.2222222222222222,0.2923456790123457,0.3974358974358974,0.688888888888889,0.43915343915343913,1.0676543209876543,0.035555555555555556,0.04524886877828055,1.0,0.22368724279835392,175.26,187.96,1.0,12322.666666666666,Jeff Monson
0.0,0.5,0.0,1.5,4.5,15.5,15.25,26.25,0.25,0.5,2.75,12.75,0.75,1.0,0.25,0.25,2.0,9.5,1.75,4.0,0.0,0.0,7.5,320.75,0.2116600790513834,0.5947368421052632,0.5268002322880372,2.377855477855478,0.0907557354925776,0.18333333333333335,0.1875,0.05,0.25,0.016666666666666666,0.1328781512605042,0.2036541889483066,0.109375,0.11666666666666667,0.0,0.0,0.09259259259259259,0.25,-0.25,0.05167853751187085,185.42,182.88,1.0,13508.0,Ken Shamrock
0.0,0.0,0.0,1.0,2.5,7.5,4.5,8.5,0.0,0.5,2.0,6.5,0.0,0.0,0.5,0.5,1.5,4.0,1.0,2.5,0.0,0.0,10.0,130.0,0.41666666666666663,1.2004325883201155,0.5416666666666666,2.0223503965392933,0.3333333333333333,0.9949531362653209,0.0,0.0,0.5,0.20547945205479454,0.375,0.6741167988464312,0.2,0.5263157894736842,0.0,0.0,0.0,0.0,0.5,0.08771929824561403,190.5,198.12,1.0,10129.5,Rob MacDonald
0.0,0.0,0.0,1.0,2.0,7.0,4.0,9.0,1.0,1.0,1.0,6.0,0.0,0.0,1.0,1.0,1.0,3.0,1.0,3.0,0.0,2.0,10.0,284.0,0.2857142857142857,0.5263157894736842,0.4444444444444444,1.0666666666666667,0.16666666666666666,0.2112676056338028,0.0,0.0,1.0,0.2112676056338028,0.5,0.2112676056338028,0.3333333333333333,0.2112676056338028,0.0,0.0,0.2112676056338028,1.0,-1.0,0.035211267605633804,185.42,187.96,1.0,9062.0,Nick Thompson
0.0,0.6666666666666666,0.0,3.0,33.0,56.666666666666664,82.0,109.0,3.0,6.0,14.333333333333334,37.333333333333336,6.666666666666667,7.333333333333333,12.0,12.0,7.333333333333333,23.666666666666668,13.333333333333334,18.666666666666668,6.333333333333333,11.0,363.0,900.0,0.5128982128982128,2.2198830409356725,0.6960306618093504,5.466666666666668,0.37896825396825395,0.9555555555555554,0.9305555555555555,0.4444444444444444,0.6666666666666666,0.7999999999999999,0.332563025210084,0.48888888888888893,0.7516869095816464,1.1333333333333333,0.5,0.4222222222222222,0.24444444444444446,0.5111111111111111,-0.16666666666666666,0.47222222222222227,185.42,190.5,1.0,12155.666666666666,Trevor Prangley
0.0,1.75,0.75,2.75,35.25,59.5,104.75,162.75,3.5,7.0,25.0,47.75,5.75,6.5,4.5,5.25,5.75,15.25,10.5,16.25,16.0,26.0,504.25,798.25,0.5353773969808242,2.5013522650439484,0.7619042429224654,8.978465179175117,0.46664711970150724,1.7492224475997296,0.8295454545454546,0.39709263015551044,0.6488095238095237,0.3550371872887086,0.357010582010582,0.4166666666666667,0.6291118421052632,0.9375929682217714,0.5512672811059908,1.1970926301555105,0.2608519269776876,0.563034188034188,1.0,0.6949310309612351,182.88,187.96,2.0,12274.75,Matt Lindland
0.0,0.0,0.0,2.0,18.0,66.0,27.0,75.0,0.0,0.0,15.0,61.0,3.0,5.0,0.0,0.0,5.0,33.0,12.0,27.0,1.0,2.0,65.0,472.0,0.2727272727272727,2.288135593220339,0.36,3.4322033898305087,0.2459016393442623,1.9067796610169492,0.6,0.38135593220338987,0.0,0.0,0.15151515151515152,0.6355932203389831,0.3870967741935484,1.5254237288135595,0.5,0.1271186440677966,0.0,0.0,0.0,0.13771186440677965,172.72,167.64000000000001,1.0,10182.0,Alex Karalexis
1.0,0.0,0.0,1.0,10.0,15.0,30.0,39.0,1.0,1.0,7.0,12.0,3.0,3.0,0.0,0.0,5.0,8.0,2.0,3.0,3.0,4.0,83.0,115.0,0.6666666666666666,5.217391304347826,0.7692307692307693,12.066666666666666,0.5833333333333334,3.652173913043478,1.0,1.5652173913043477,0.0,0.0,0.625,2.608695652173913,0.6666666666666666,1.0434782608695652,0.75,1.5652173913043477,0.46332046332046334,1.0,1.0,0.7217391304347827,193.04,195.58,1.0,9077.0,Mike Kyle
